com.samsung.shealth.activity.day_summary,7006003,6
movement_type,create_sh_ver,energy_type,exercise_time,step_count,exercise_calorie_target,active_time,target,others_time,modify_sh_ver,update_time,floors_target,create_time,floor_count,dynamic_active_time_target,exercise_time_target,goal,longest_active_time,score,move_hourly_count,duration_type,move_hourly_target,distance,dynamic_active_time,calorie,extra_data,deviceuuid,run_time,pkg_name,walk_time,longest_idle_time,datauuid,day_time
0,62950170,0,0,8778,300,5706308,90,0,70060030,2026-08-05 11:55:32.014,10,2026-08-03 19:37:36.481,0.0,30,30,-1,540000,104,13,0,8,6519.5215,0,315.71533,b0ee5652-3d6b-46d6-90cf-0049b6081eb5.extra_data.json,SUfFQTLN3q,29834,com.sec.android.app.shealth,5676474,86400000,b0ee5652-3d6b-46d6-90cf-0049b6081eb5,2026-08-03 00:00:00.000,
0,62950170,0,0,6531,300,4297347,90,0,70060030,2026-08-05 11:55:32.318,10,2026-08-03 19:37:36.866,0.0,30,30,-1,60000,78,13,0,8,4881.8315,0,228.04274,59a43c0c-9d0e-4fd3-b907-1977d5a558e4.extra_data.json,SUfFQTLN3q,28000,com.sec.android.app.shealth,4269347,86400000,59a43c0c-9d0e-4fd3-b907-1977d5a558e4,2026-08-02 00:00:00.000,
0,62950170,0,0,5415,300,3587613,90,0,70060030,2026-08-05 11:55:32.495,10,2026-08-03 19:37:37.091,0.0,30,30,-1,60000,65,12,0,8,4014.9385,0,193.95511,ade410c4-d3e7-442e-b778-f27930a201e1.extra_data.json,SUfFQTLN3q,33200,com.sec.android.app.shealth,3554413,86400000,ade410c4-d3e7-442e-b778-f27930a201e1,2026-08-01 00:00:00.000,
0,62950170,0,0,6399,300,4240343,90,0,70060030,2026-08-05 11:55:32.874,10,2026-08-03 19:37:37.238,0.0,30,30,-1,60000,77,15,0,8,4789.261,0,228.78114,b8fb9457-9cf0-4aa7-ba97-bd0ca3b792c0.extra_data.json,SUfFQTLN3q,25600,com.sec.android.app.shealth,4214743,86400000,b8fb9457-9cf0-4aa7-ba97-bd0ca3b792c0,2026-07-31 00:00:00.000,
0,62950170,0,0,5326,300,3503003,90,0,70060030,2026-08-05 11:55:33.195,10,2026-08-03 19:37:37.383,0.0,30,30,-1,120000,63,16,0,8,4003.8042,0,193.49397,1397dfea-3841-4704-918b-7eb9e452a799.extra_data.json,SUfFQTLN3q,43500,com.sec.android.app.shealth,3459503,86400000,1397dfea-3841-4704-918b-7eb9e452a799,2026-07-30 00:00:00.000,
0,62950170,0,0,5605,300,3676858,90,0,70060030,2026-08-05 11:55:35.227,10,2026-08-03 19:37:37.922,0.0,30,30,-1,60000,66,11,0,8,4232.5254,0,202.54724,1ceecfe1-eef1-4583-9357-336389717748.extra_data.json,SUfFQTLN3q,92400,com.sec.android.app.shealth,3584458,86400000,1ceecfe1-eef1-4583-9357-336389717748,2026-07-25 00:00:00.000,
0,62950170,0,0,3452,300,2276051,90,0,70060030,2026-08-05 11:55:35.522,10,2026-08-03 19:37:38.025,0.0,30,30,-1,50691,41,15,0,8,2584.272,0,124.75989,9c923daa-0e80-4205-b2f1-bd05f074ee20.extra_data.json,SUfFQTLN3q,39600,com.sec.android.app.shealth,2236451,86400000,9c923daa-0e80-4205-b2f1-bd05f074ee20,2026-07-24 00:00:00.000,
0,62950170,0,0,3533,300,2351705,90,0,70060030,2026-08-05 11:55:36.174,10,2026-08-03 19:37:38.219,0.0,30,30,-1,48024,43,15,0,8,2614.6594,0,125.916824,53e4b279-7d20-45f0-88ad-84973bf0c2ca.extra_data.json,SUfFQTLN3q,7200,com.sec.android.app.shealth,2344505,86400000,53e4b279-7d20-45f0-88ad-84973bf0c2ca,2026-07-22 00:00:00.000,
0,62950170,0,7208000,10265,300,12453842,90,7208000,70060030,2026-08-05 11:55:36.493,10,2026-08-03 19:37:38.311,0.0,30,30,-1,7208000,228,14,0,8,6314.3325,540000,1041.1215,05c33f59-1d04-4f35-840c-b99ed811ba14.extra_data.json,SUfFQTLN3q,26800,com.sec.android.app.shealth,5219042,86400000,05c33f59-1d04-4f35-840c-b99ed811ba14,2026-07-21 00:00:00.000,
0,62950170,0,0,4414,300,2931856,90,0,70060030,2026-08-05 11:55:36.853,10,2026-08-03 19:37:38.415,0.0,30,30,-1,60000,53,13,0,8,3260.6528,0,159.53255,303ccaed-30cb-4cb8-ad64-b057b5674800.extra_data.json,SUfFQTLN3q,18400,com.sec.android.app.shealth,2913456,86400000,303ccaed-30cb-4cb8-ad64-b057b5674800,2026-07-20 00:00:00.000,
0,62950170,0,0,5221,300,3457843,90,0,70060030,2026-08-05 11:55:38.466,10,2026-08-03 19:37:38.727,0.0,30,30,-1,51491,63,15,0,8,3901.664,0,188.01932,b5dc6c4e-02e6-4b0c-9738-74c944da5b81.extra_data.json,SUfFQTLN3q,36800,com.sec.android.app.shealth,3421043,86400000,b5dc6c4e-02e6-4b0c-9738-74c944da5b81,2026-07-17 00:00:00.000,
0,62950170,0,2511000,10837,300,7291698,90,2489000,70060030,2026-08-05 11:55:38.972,10,2026-08-03 19:37:38.831,0.0,30,30,-1,2489000,134,15,0,8,5829.0435,2360000,713.6102,8c15d6ef-c071-46c6-b8b5-b25809b58b7f.extra_data.json,SUfFQTLN3q,119050,com.sec.android.app.shealth,4683648,86400000,8c15d6ef-c071-46c6-b8b5-b25809b58b7f,2026-07-16 00:00:00.000,
0,62950170,0,4997000,7442,300,7329160,90,3110000,70060030,2026-08-05 11:55:39.396,10,2026-08-03 19:37:38.960,0.0,30,30,-1,3110000,135,12,0,8,5171.663,1600000,637.75464,7a3bc98b-eb04-466f-8797-f306194f5637.extra_data.json,SUfFQTLN3q,13200,com.sec.android.app.shealth,4205960,86400000,7a3bc98b-eb04-466f-8797-f306194f5637,2026-07-15 00:00:00.000,
0,62950170,0,0,5563,300,3646159,90,0,70060030,2026-08-05 11:55:40.062,10,2026-08-03 19:37:39.227,0.0,30,30,-1,240000,66,12,0,8,4224.114,0,201.19424,211cad6d-2fcd-4c3a-b9af-c311a770c408.extra_data.json,SUfFQTLN3q,35156,com.sec.android.app.shealth,3611003,86400000,211cad6d-2fcd-4c3a-b9af-c311a770c408,2026-07-13 00:00:00.000,
0,62950170,0,0,15456,300,10241696,90,0,70060030,2026-08-05 11:55:40.377,10,2026-08-03 19:37:39.377,0.0,30,30,-1,180000,188,21,0,8,11411.1455,0,547.2625,78b00d20-362e-43a8-9900-c22907af4a14.extra_data.json,SUfFQTLN3q,25526,com.sec.android.app.shealth,10216170,86400000,78b00d20-362e-43a8-9900-c22907af4a14,2026-07-12 00:00:00.000,
0,62950170,0,0,4333,300,2863403,90,0,70060030,2026-08-05 11:55:40.605,10,2026-08-03 19:37:39.507,0.0,30,30,-1,120000,52,15,0,8,3263.0327,0,154.4509,4d909582-d8b6-409b-9045-a58e37905010.extra_data.json,SUfFQTLN3q,22800,com.sec.android.app.shealth,2840603,86400000,4d909582-d8b6-409b-9045-a58e37905010,2026-07-11 00:00:00.000,
0,62950170,0,0,9362,300,6135612,90,0,70060030,2026-08-05 11:55:40.822,10,2026-08-03 19:37:39.661,0.0,30,30,-1,420000,112,19,0,8,6968.424,0,321.05777,926611f2-4f0e-45d8-b6d0-f0a2bb24bb78.extra_data.json,SUfFQTLN3q,16000,com.sec.android.app.shealth,6119612,86400000,926611f2-4f0e-45d8-b6d0-f0a2bb24bb78,2026-07-10 00:00:00.000,
0,62950170,0,0,12206,300,8067846,90,0,70060030,2026-08-05 11:55:41.034,10,2026-08-03 19:37:39.768,0.0,30,30,-1,300000,147,15,0,8,9170.763,0,425.64783,173c447c-6f87-4cab-a923-9ef0bce332b7.extra_data.json,SUfFQTLN3q,45086,com.sec.android.app.shealth,8022760,86400000,173c447c-6f87-4cab-a923-9ef0bce332b7,2026-07-09 00:00:00.000,
0,62950170,0,0,7354,300,4879162,90,0,70060030,2026-08-03 21:47:49.111,10,2026-08-03 19:37:40.012,0.0,30,30,-1,60000,88,14,0,8,5481.078,0,260.6422,0c39ba1a-fee1-4cb5-845a-3254b8f33200.extra_data.json,SUfFQTLN3q,32800,com.sec.android.app.shealth,4846362,86400000,0c39ba1a-fee1-4cb5-845a-3254b8f33200,2026-07-07 00:00:00.000,
0,63051050,0,0,13978,300,8687514,90,0,63060070,2025-11-25 20:04:46.367,10,2025-11-04 19:11:55.176,0.0,30,30,-1,960000,160,14,0,8,10463.628,0,485.9863,299fe6d6-3554-4219-8210-b600ed65d7b6.extra_data.json,g1bnYRM2yN,17584,com.sec.android.app.shealth,8669930,86400000,299fe6d6-3554-4219-8210-b600ed65d7b6,2025-11-04 00:00:00.000,
0,63051050,0,0,0,300,0,90,0,63060070,2025-11-25 20:04:46.868,10,2025-11-04 19:12:13.175,0.0,30,30,-1,0,0,0,0,8,0.0,0,0.0,a06c475b-1e40-4f3f-96bd-42e5dd0288f2.extra_data.json,g1bnYRM2yN,0,com.sec.android.app.shealth,0,86400000,a06c475b-1e40-4f3f-96bd-42e5dd0288f2,2025-11-03 00:00:00.000,
0,63051050,0,0,0,300,0,90,0,63060070,2025-11-25 20:04:47.186,10,2025-11-04 19:12:13.242,0.0,30,30,-1,0,0,0,0,8,0.0,0,0.0,79eb187f-e375-4d73-83b3-3a3d64506c67.extra_data.json,g1bnYRM2yN,0,com.sec.android.app.shealth,0,86400000,79eb187f-e375-4d73-83b3-3a3d64506c67,2025-11-02 00:00:00.000,
0,63051050,0,0,0,300,0,90,0,63060070,2025-11-25 20:04:47.405,10,2025-11-04 19:12:13.307,0.0,30,30,-1,0,0,0,0,8,0.0,0,0.0,a0bccdc7-f23c-48ef-8636-b2501dd38e3a.extra_data.json,g1bnYRM2yN,0,com.sec.android.app.shealth,0,86400000,a0bccdc7-f23c-48ef-8636-b2501dd38e3a,2025-11-01 00:00:00.000,
0,63051050,0,0,0,300,0,90,0,63060070,2025-11-25 20:04:47.590,10,2025-11-04 19:12:13.339,0.0,30,30,-1,0,0,0,0,8,0.0,0,0.0,96f3071b-5464-4edb-ba4b-64fb1d919bfc.extra_data.json,g1bnYRM2yN,0,com.sec.android.app.shealth,0,86400000,96f3071b-5464-4edb-ba4b-64fb1d919bfc,2025-10-31 00:00:00.000,
0,63051050,0,0,0,300,0,90,0,63060070,2025-11-25 20:04:47.980,10,2025-11-04 19:12:13.364,0.0,30,30,-1,0,0,0,0,8,0.0,0,0.0,4fd2118d-0a1d-41cb-af1b-6b01b441a74b.extra_data.json,g1bnYRM2yN,0,com.sec.android.app.shealth,0,86400000,4fd2118d-0a1d-41cb-af1b-6b01b441a74b,2025-10-30 00:00:00.000,
0,63051050,0,0,0,300,0,90,0,63060070,2025-11-25 20:04:48.162,10,2025-11-04 19:12:13.393,0.0,30,30,-1,0,0,0,0,8,0.0,0,0.0,11e612f6-a74c-4a1f-9569-fb8aec3280dd.extra_data.json,g1bnYRM2yN,0,com.sec.android.app.shealth,0,86400000,11e612f6-a74c-4a1f-9569-fb8aec3280dd,2025-10-29 00:00:00.000,
0,63051050,0,0,0,300,0,90,0,63060070,2025-11-21 13:16:54.611,10,2025-11-04 19:12:13.422,0.0,30,30,-1,0,0,0,0,8,0.0,0,0.0,09eda440-709e-4fde-bfc1-93269458394a.extra_data.json,g1bnYRM2yN,0,com.sec.android.app.shealth,0,86400000,09eda440-709e-4fde-bfc1-93269458394a,2025-10-28 00:00:00.000,
0,63051050,0,0,0,300,0,90,0,63060070,2025-11-21 13:16:54.712,10,2025-11-04 19:12:13.452,0.0,30,30,-1,0,0,0,0,8,0.0,0,0.0,f4a2bbb0-9bdb-4421-a89d-bfefeedfa987.extra_data.json,g1bnYRM2yN,0,com.sec.android.app.shealth,0,86400000,f4a2bbb0-9bdb-4421-a89d-bfefeedfa987,2025-10-27 00:00:00.000,
0,63051050,0,0,0,300,0,90,0,63060070,2025-11-21 13:16:54.825,10,2025-11-04 19:12:13.480,0.0,30,30,-1,0,0,0,0,8,0.0,0,0.0,acd5c280-b4b9-4206-b124-3068749ac0b6.extra_data.json,g1bnYRM2yN,0,com.sec.android.app.shealth,0,86400000,acd5c280-b4b9-4206-b124-3068749ac0b6,2025-10-26 00:00:00.000,
0,63051050,0,0,0,300,0,90,0,63060070,2025-11-21 13:16:54.932,10,2025-11-04 19:12:13.510,0.0,30,30,-1,0,0,0,0,8,0.0,0,0.0,2bb3a86b-30ee-45e9-8198-024ae4c33740.extra_data.json,g1bnYRM2yN,0,com.sec.android.app.shealth,0,86400000,2bb3a86b-30ee-45e9-8198-024ae4c33740,2025-10-25 00:00:00.000,
0,63051050,0,0,0,300,0,90,0,63051050,2025-11-11 22:27:54.735,10,2025-11-04 19:12:13.540,0.0,30,30,-1,0,0,0,0,8,0.0,0,0.0,fb6bffc2-0e39-4d39-9389-ae090bde4ab3.extra_data.json,g1bnYRM2yN,0,com.sec.android.app.shealth,0,86400000,fb6bffc2-0e39-4d39-9389-ae090bde4ab3,2025-10-24 00:00:00.000,
0,63051050,0,0,0,300,0,90,0,63051050,2025-11-11 22:27:54.833,10,2025-11-04 19:12:13.570,0.0,30,30,-1,0,0,0,0,8,0.0,0,0.0,b8401be8-594e-4fe2-a3a2-95fa4b1b768f.extra_data.json,g1bnYRM2yN,0,com.sec.android.app.shealth,0,86400000,b8401be8-594e-4fe2-a3a2-95fa4b1b768f,2025-10-23 00:00:00.000,
0,63051050,0,0,0,300,0,90,0,63051050,2025-11-11 22:27:54.950,10,2025-11-04 19:12:13.599,0.0,30,30,-1,0,0,0,0,8,0.0,0,0.0,e39af6a7-c462-4ce9-8a62-9db7c7e654c9.extra_data.json,g1bnYRM2yN,0,com.sec.android.app.shealth,0,86400000,e39af6a7-c462-4ce9-8a62-9db7c7e654c9,2025-10-22 00:00:00.000,
0,63051050,0,0,0,300,0,90,0,63051050,2025-11-11 22:27:55.043,10,2025-11-04 19:12:13.629,0.0,30,30,-1,0,0,0,0,8,0.0,0,0.0,1278aaf3-5582-4fe0-b50d-b32e48fe8935.extra_data.json,g1bnYRM2yN,0,com.sec.android.app.shealth,0,86400000,1278aaf3-5582-4fe0-b50d-b32e48fe8935,2025-10-21 00:00:00.000,
0,63051050,0,0,0,300,0,90,0,63051050,2025-11-11 22:27:55.145,10,2025-11-04 19:12:13.658,0.0,30,30,-1,0,0,0,0,8,0.0,0,0.0,e235f003-997a-4ffa-a87b-cd7a16e670e3.extra_data.json,g1bnYRM2yN,0,com.sec.android.app.shealth,0,86400000,e235f003-997a-4ffa-a87b-cd7a16e670e3,2025-10-20 00:00:00.000,
0,63051050,0,0,0,300,0,90,0,63051050,2025-11-11 22:27:55.311,10,2025-11-04 19:12:13.695,0.0,30,30,-1,0,0,0,0,8,0.0,0,0.0,2b1b42bc-8776-4362-9c64-34211f728719.extra_data.json,g1bnYRM2yN,0,com.sec.android.app.shealth,0,86400000,2b1b42bc-8776-4362-9c64-34211f728719,2025-10-19 00:00:00.000,
0,63051050,0,0,0,300,0,90,0,63051050,2025-11-11 22:27:55.461,10,2025-11-04 19:12:13.735,0.0,30,30,-1,0,0,0,0,8,0.0,0,0.0,8b99984f-8653-4a2e-b377-e89d2101ef94.extra_data.json,g1bnYRM2yN,0,com.sec.android.app.shealth,0,86400000,8b99984f-8653-4a2e-b377-e89d2101ef94,2025-10-18 00:00:00.000,
0,63051050,0,0,0,300,0,90,0,63051050,2025-11-11 22:27:55.537,10,2025-11-04 19:12:13.766,0.0,30,30,-1,0,0,0,0,8,0.0,0,0.0,f89c14c5-a489-4851-96bf-060a1b4584b6.extra_data.json,g1bnYRM2yN,0,com.sec.android.app.shealth,0,86400000,f89c14c5-a489-4851-96bf-060a1b4584b6,2025-10-17 00:00:00.000,
0,63051050,0,0,0,300,0,90,0,63051050,2025-11-11 22:27:55.690,10,2025-11-04 19:12:13.799,0.0,30,30,-1,0,0,0,0,8,0.0,0,0.0,e59bebcf-9b06-4f13-a224-1a90aff8cfd1.extra_data.json,g1bnYRM2yN,0,com.sec.android.app.shealth,0,86400000,e59bebcf-9b06-4f13-a224-1a90aff8cfd1,2025-10-16 00:00:00.000,
0,63051050,0,0,0,300,0,90,0,63051050,2025-11-11 22:27:55.779,10,2025-11-04 19:12:13.833,0.0,30,30,-1,0,0,0,0,8,0.0,0,0.0,fb256b57-78f3-4ed8-b362-ff02fab94b24.extra_data.json,g1bnYRM2yN,0,com.sec.android.app.shealth,0,86400000,fb256b57-78f3-4ed8-b362-ff02fab94b24,2025-10-15 00:00:00.000,
0,63051050,0,0,0,300,0,90,0,63051050,2025-11-11 02:39:04.067,10,2025-11-04 19:12:13.869,0.0,30,30,-1,0,0,0,0,8,0.0,0,0.0,bfa083ec-b074-4e19-a31a-e731ba3c60b2.extra_data.json,g1bnYRM2yN,0,com.sec.android.app.shealth,0,86400000,bfa083ec-b074-4e19-a31a-e731ba3c60b2,2025-10-14 00:00:00.000,
0,63051050,0,0,0,300,0,90,0,63051050,2025-11-09 22:20:53.838,10,2025-11-04 19:12:13.914,0.0,30,30,-1,0,0,0,0,8,0.0,0,0.0,e02d444f-2232-4feb-aa8a-3e962d1560f6.extra_data.json,g1bnYRM2yN,0,com.sec.android.app.shealth,0,86400000,e02d444f-2232-4feb-aa8a-3e962d1560f6,2025-10-13 00:00:00.000,
0,63051050,0,0,0,300,0,90,0,63051050,2025-11-06 12:02:42.776,10,2025-11-04 19:12:13.945,0.0,30,30,-1,0,0,0,0,8,0.0,0,0.0,2485e2a8-4810-46e5-96c3-a6ae5e91e22c.extra_data.json,g1bnYRM2yN,0,com.sec.android.app.shealth,0,86400000,2485e2a8-4810-46e5-96c3-a6ae5e91e22c,2025-10-12 00:00:00.000,
0,63051050,0,0,0,300,0,90,0,63051050,2025-11-06 12:02:42.871,10,2025-11-04 19:12:13.977,0.0,30,30,-1,0,0,0,0,8,0.0,0,0.0,965b8cc9-bd5a-4f00-bd2f-b9bf16f707fc.extra_data.json,g1bnYRM2yN,0,com.sec.android.app.shealth,0,86400000,965b8cc9-bd5a-4f00-bd2f-b9bf16f707fc,2025-10-11 00:00:00.000,
0,63051050,0,0,0,300,0,90,0,63051050,2025-11-06 12:02:42.969,10,2025-11-04 19:12:14.003,0.0,30,30,-1,0,0,0,0,8,0.0,0,0.0,141c0c9b-0ccf-485e-a363-216650d15d20.extra_data.json,g1bnYRM2yN,0,com.sec.android.app.shealth,0,86400000,141c0c9b-0ccf-485e-a363-216650d15d20,2025-10-10 00:00:00.000,
0,63051050,0,0,0,300,0,90,0,63051050,2025-11-06 00:00:43.679,10,2025-11-04 19:12:14.035,0.0,30,30,-1,0,0,0,0,8,0.0,0,0.0,138d1483-996a-493a-8baa-a37866b192c9.extra_data.json,g1bnYRM2yN,0,com.sec.android.app.shealth,0,86400000,138d1483-996a-493a-8baa-a37866b192c9,2025-10-09 00:00:00.000,
0,63051050,0,0,0,300,0,90,0,63051050,2025-11-04 19:12:14.067,10,2025-11-04 19:12:14.067,0.0,30,30,-1,0,0,0,0,8,0.0,0,0.0,86c605d3-985f-4c41-85c3-c9fa2ecf9399.extra_data.json,g1bnYRM2yN,0,com.sec.android.app.shealth,0,86400000,86c605d3-985f-4c41-85c3-c9fa2ecf9399,2025-10-08 00:00:00.000,
0,63051050,0,6117000,18943,300,15382916,90,3709000,63060070,2025-11-25 20:04:45.723,10,2025-11-05 03:54:32.494,0.0,30,30,-1,5163000,284,16,0,8,13643.51,2990000,1283.3569,266c5f35-48af-490b-ae4f-67bb96d758ee.extra_data.json,g1bnYRM2yN,14400,com.sec.android.app.shealth,11659516,86400000,266c5f35-48af-490b-ae4f-67bb96d758ee,2025-11-05 00:00:00.000,
0,63051050,0,5409000,14760,300,13073676,90,4373000,63060070,2025-11-25 20:04:44.540,10,2025-11-06 03:00:01.195,0.0,30,30,-1,4489000,241,15,0,8,10571.463,580000,970.5063,8709a789-2e6d-4ceb-bb03-a457e945bbf2.extra_data.json,g1bnYRM2yN,14400,com.sec.android.app.shealth,8686276,86400000,8709a789-2e6d-4ceb-bb03-a457e945bbf2,2025-11-06 00:00:00.000,
0,63051050,0,5416000,13015,300,13011405,90,5416000,63060070,2025-12-04 10:45:35.195,10,2025-11-07 03:00:01.059,0.0,30,30,-1,5416000,240,16,0,8,8733.048,1570000,1048.6233,695dd95a-f2b2-474a-af19-c29297304341.extra_data.json,g1bnYRM2yN,16000,com.sec.android.app.shealth,7579405,86400000,695dd95a-f2b2-474a-af19-c29297304341,2025-11-07 00:00:00.000,
0,63051050,0,0,18114,300,11650469,90,0,63060070,2025-12-04 10:45:34.797,10,2025-11-08 03:35:16.719,0.0,30,30,-1,1320000,214,16,0,8,13463.007,0,630.8971,1280ebe9-e62d-43b1-bc36-922d246d938f.extra_data.json,g1bnYRM2yN,43993,com.sec.android.app.shealth,11606476,86400000,1280ebe9-e62d-43b1-bc36-922d246d938f,2025-11-08 00:00:00.000,
0,63051050,0,0,10159,300,6646507,90,0,63060070,2025-12-04 10:45:34.499,10,2025-11-09 03:00:00.790,0.0,30,30,-1,420000,122,15,0,8,7520.897,0,358.45685,18396471-4663-45a5-8811-b3421ee6596a.extra_data.json,g1bnYRM2yN,10000,com.sec.android.app.shealth,6636507,86400000,18396471-4663-45a5-8811-b3421ee6596a,2025-11-09 00:00:00.000,
0,63051050,0,5816000,14924,300,12964549,90,4537000,63060070,2025-12-07 03:28:23.010,10,2025-11-10 03:02:15.294,0.0,30,30,-1,5023000,240,16,0,8,10031.272,470000,975.53326,af786963-5ec3-463a-a8c9-6b73b5b707bb.extra_data.json,g1bnYRM2yN,25200,com.sec.android.app.shealth,8402349,86400000,af786963-5ec3-463a-a8c9-6b73b5b707bb,2025-11-10 00:00:00.000,
0,63051050,0,1669000,16656,300,10513489,90,0,63060070,2025-12-08 03:00:57.234,10,2025-11-11 03:00:01.213,0.0,30,30,-1,1089000,193,16,0,8,12394.972,660000,612.30896,2bcbd37d-fa7a-40ea-becc-9ef4b815e53c.extra_data.json,g1bnYRM2yN,19200,com.sec.android.app.shealth,10494289,86400000,2bcbd37d-fa7a-40ea-becc-9ef4b815e53c,2025-11-11 00:00:00.000,
0,63051050,0,3186000,18296,300,12795914,90,1490000,63060070,2025-12-08 03:00:56.850,10,2025-11-12 03:00:01.323,0.0,30,30,-1,1551000,235,17,0,8,13585.13,1450000,841.35315,0374ce30-a627-4ffc-b9a5-3287d054cf70.extra_data.json,g1bnYRM2yN,34800,com.sec.android.app.shealth,11271114,86400000,0374ce30-a627-4ffc-b9a5-3287d054cf70,2025-11-12 00:00:00.000,
0,63051050,0,0,10802,300,7102314,90,0,63060070,2025-12-08 03:00:56.378,10,2025-11-13 03:00:01.472,0.0,30,30,-1,240000,130,15,0,8,8062.924,0,381.03143,94a4f17d-2897-4755-92f8-d833de6ffa42.extra_data.json,g1bnYRM2yN,31200,com.sec.android.app.shealth,7071114,86400000,94a4f17d-2897-4755-92f8-d833de6ffa42,2025-11-13 00:00:00.000,
0,63051050,0,0,14582,300,9254713,90,0,63060070,2025-12-08 03:00:56.067,10,2025-11-14 03:00:01.025,0.0,30,30,-1,840000,171,16,0,8,10926.629,0,503.83026,d2146dd1-7b22-4fef-9596-75066b44ffab.extra_data.json,g1bnYRM2yN,65313,com.sec.android.app.shealth,9189400,86400000,d2146dd1-7b22-4fef-9596-75066b44ffab,2025-11-14 00:00:00.000,
0,63051050,0,0,8715,300,5682109,90,0,63060070,2025-12-08 03:00:55.804,10,2025-11-15 03:00:00.665,0.0,30,30,-1,240000,104,13,0,8,6509.4775,0,302.96063,8f3c52f7-c5f8-4ca6-b8eb-35ca8c6def0a.extra_data.json,g1bnYRM2yN,28400,com.sec.android.app.shealth,5653709,86400000,8f3c52f7-c5f8-4ca6-b8eb-35ca8c6def0a,2025-11-15 00:00:00.000,
0,63051050,0,0,7867,300,5190619,90,0,63060070,2025-12-08 03:00:55.537,10,2025-11-16 03:29:56.164,0.0,30,30,-1,180000,95,17,0,8,5834.0815,0,272.80093,ad0624db-03bd-4501-a54a-fab610dfcbae.extra_data.json,g1bnYRM2yN,3600,com.sec.android.app.shealth,5187019,86400000,ad0624db-03bd-4501-a54a-fab610dfcbae,2025-11-16 00:00:00.000,
0,63051050,0,0,15613,300,10225009,90,0,63060070,2025-12-08 03:00:55.265,10,2025-11-17 03:00:03.976,0.0,30,30,-1,660000,187,16,0,8,11628.471,0,539.3708,bee69cc2-e4b0-4420-a567-38b9027e7650.extra_data.json,g1bnYRM2yN,36000,com.sec.android.app.shealth,10189009,86400000,bee69cc2-e4b0-4420-a567-38b9027e7650,2025-11-17 00:00:00.000,
0,63051050,0,0,11070,300,7195225,90,0,63070030,2025-12-15 18:52:52.610,10,2025-11-18 03:11:05.407,0.0,30,30,-1,900000,132,16,0,8,8176.7812,0,370.30862,e50e0fed-ba19-4da7-851b-0b05615aafcc.extra_data.json,g1bnYRM2yN,9200,com.sec.android.app.shealth,7186025,86400000,e50e0fed-ba19-4da7-851b-0b05615aafcc,2025-11-18 00:00:00.000,
0,63051050,0,0,12541,300,8140102,90,0,63070030,2025-12-15 18:52:52.267,10,2025-11-19 03:00:00.610,0.0,30,30,-1,600000,150,15,0,8,9377.1,0,435.6246,e3a290b0-9263-411a-a519-4ffec58a296f.extra_data.json,g1bnYRM2yN,32800,com.sec.android.app.shealth,8107302,86400000,e3a290b0-9263-411a-a519-4ffec58a296f,2025-11-19 00:00:00.000,
0,63051050,0,7450000,19044,300,17926949,90,6447000,63070030,2025-12-15 18:52:51.898,10,2025-11-20 03:00:00.842,0.0,30,30,-1,6447000,331,16,0,8,13472.198,1880000,1412.9534,d730ed47-430f-4a8c-aede-59a2a89c7d21.extra_data.json,g1bnYRM2yN,71500,com.sec.android.app.shealth,11408449,86400000,d730ed47-430f-4a8c-aede-59a2a89c7d21,2025-11-20 00:00:00.000,
0,63051050,0,0,9642,300,6308705,90,0,63070030,2025-12-15 18:52:51.381,10,2025-11-21 11:54:26.953,0.0,30,30,-1,300000,115,13,0,8,7185.1035,0,330.35797,a1f299b0-aea8-40bb-8652-e4e4ff3d43bf.extra_data.json,g1bnYRM2yN,17925,com.sec.android.app.shealth,6290780,86400000,a1f299b0-aea8-40bb-8652-e4e4ff3d43bf,2025-11-21 00:00:00.000,
0,63060070,0,0,12714,300,8323491,90,0,63070030,2025-12-19 15:02:01.638,10,2025-11-22 03:00:02.264,0.0,30,30,-1,540000,152,18,0,8,9495.97,0,444.1603,74020c45-8abd-4d1e-b3ef-bfdeb030f6dd.extra_data.json,g1bnYRM2yN,51200,com.sec.android.app.shealth,8272291,86400000,74020c45-8abd-4d1e-b3ef-bfdeb030f6dd,2025-11-22 00:00:00.000,
0,63060070,0,0,9394,300,6239383,90,0,63070030,2025-12-21 01:25:00.191,10,2025-11-23 03:00:01.052,0.0,30,30,-1,60000,114,16,0,8,7025.212,0,332.46075,0116d7c6-ae29-44b8-818b-da6e02709c38.extra_data.json,g1bnYRM2yN,30400,com.sec.android.app.shealth,6208983,86400000,0116d7c6-ae29-44b8-818b-da6e02709c38,2025-11-23 00:00:00.000,
0,63060070,0,0,11758,300,7568240,90,0,63070030,2025-12-21 07:00:41.778,10,2025-11-24 03:00:00.810,0.0,30,30,-1,600000,138,16,0,8,8753.409,0,403.35095,e5aa5ce4-cbbb-46c2-b22b-5a5e9248c526.extra_data.json,g1bnYRM2yN,13651,com.sec.android.app.shealth,7554589,86400000,e5aa5ce4-cbbb-46c2-b22b-5a5e9248c526,2025-11-24 00:00:00.000,
0,63060070,0,0,12985,300,8435751,90,0,63070030,2025-12-21 07:00:41.525,10,2025-11-25 03:00:01.887,0.0,30,30,-1,600000,155,15,0,8,9692.827,0,452.48337,78e4415b-6f23-4d4b-b179-04f3a5e878c7.extra_data.json,g1bnYRM2yN,23600,com.sec.android.app.shealth,8412151,86400000,78e4415b-6f23-4d4b-b179-04f3a5e878c7,2025-11-25 00:00:00.000,
0,63060070,0,0,14112,300,9132718,90,0,63070030,2025-12-21 07:00:41.203,10,2025-11-26 03:00:27.639,0.0,30,30,-1,600000,167,16,0,8,10543.369,0,487.0435,ca2f5553-3cf0-45e4-92d1-3edbd601635f.extra_data.json,g1bnYRM2yN,28130,com.sec.android.app.shealth,9104588,86400000,ca2f5553-3cf0-45e4-92d1-3edbd601635f,2025-11-26 00:00:00.000,
0,63060070,0,0,4985,300,3303101,90,0,63070030,2025-12-21 07:00:40.940,10,2025-11-27 03:00:00.833,0.0,30,30,-1,60000,60,17,0,8,3702.6606,0,176.99225,e2335bc8-1f7b-40ef-9598-2eb4bbd926d2.extra_data.json,g1bnYRM2yN,32800,com.sec.android.app.shealth,3270301,86400000,e2335bc8-1f7b-40ef-9598-2eb4bbd926d2,2025-11-27 00:00:00.000,
0,63060070,0,0,13549,300,8845309,90,0,63070030,2025-12-21 07:00:40.656,10,2025-11-28 03:03:23.725,0.0,30,30,-1,420000,163,17,0,8,10044.1875,0,465.9709,364591c4-990e-49ef-b6bb-4474cee39492.extra_data.json,g1bnYRM2yN,20008,com.sec.android.app.shealth,8825301,86400000,364591c4-990e-49ef-b6bb-4474cee39492,2025-11-28 00:00:00.000,
0,63060070,0,0,13351,300,8494221,90,0,63070030,2025-12-21 07:00:40.360,10,2025-11-29 03:00:00.692,0.0,30,30,-1,900000,155,17,0,8,10049.969,0,449.7775,ce45d5e5-b29a-4d02-9e3a-313f1ee8739e.extra_data.json,g1bnYRM2yN,49200,com.sec.android.app.shealth,8445021,86400000,ce45d5e5-b29a-4d02-9e3a-313f1ee8739e,2025-11-29 00:00:00.000,
0,63060070,0,0,16364,300,10715923,90,0,63070030,2025-12-27 03:30:59.612,10,2025-11-30 03:00:51.694,0.0,30,30,-1,540000,197,17,0,8,12173.894,0,565.94666,32456da2-43c4-428d-9571-37610f34bb64.extra_data.json,g1bnYRM2yN,30836,com.sec.android.app.shealth,10685087,86400000,32456da2-43c4-428d-9571-37610f34bb64,2025-11-30 00:00:00.000,
0,63060070,0,0,4163,300,2768417,90,0,63070030,2025-12-27 03:30:58.576,10,2025-12-01 03:00:01.165,0.0,30,30,-1,60000,51,13,0,8,3094.8657,0,142.43225,fc5146e1-30c2-4db8-b4c8-65a5fdb6ef11.extra_data.json,g1bnYRM2yN,6400,com.sec.android.app.shealth,2762017,86400000,fc5146e1-30c2-4db8-b4c8-65a5fdb6ef11,2025-12-01 00:00:00.000,
0,63060070,0,0,8004,300,5315126,90,0,63070030,2025-12-27 03:30:58.048,10,2025-12-02 03:03:33.832,0.0,30,30,-1,60000,97,15,0,8,5941.9062,0,280.52637,537a11ec-e71d-4bac-871b-33ae05005680.extra_data.json,g1bnYRM2yN,7200,com.sec.android.app.shealth,5307926,86400000,537a11ec-e71d-4bac-871b-33ae05005680,2025-12-02 00:00:00.000,
0,63060070,0,0,13062,300,8539524,90,0,63070030,2025-12-31 02:37:16.079,10,2025-12-03 03:00:01.088,0.0,30,30,-1,540000,156,17,0,8,9736.411,0,455.7932,d110e724-f156-49c6-9f08-6cf413410ed5.extra_data.json,g1bnYRM2yN,21878,com.sec.android.app.shealth,8517646,86400000,d110e724-f156-49c6-9f08-6cf413410ed5,2025-12-03 00:00:00.000,
0,63060070,0,0,9286,300,6055346,90,0,63070030,2025-12-31 02:37:15.880,10,2025-12-04 03:00:04.343,0.0,30,30,-1,300000,111,18,0,8,6995.3228,0,325.98447,cf1f7c76-a2f2-488a-b05f-7fe9d5b130ee.extra_data.json,g1bnYRM2yN,34000,com.sec.android.app.shealth,6021346,86400000,cf1f7c76-a2f2-488a-b05f-7fe9d5b130ee,2025-12-04 00:00:00.000,
0,63060070,0,0,15084,300,9785440,90,0,63070030,2025-12-31 02:37:15.641,10,2025-12-05 03:02:02.971,0.0,30,30,-1,540000,180,16,0,8,11249.608,0,526.4595,46b20b21-f1a0-43ec-8c3a-69a71756020a.extra_data.json,g1bnYRM2yN,36157,com.sec.android.app.shealth,9749283,86400000,46b20b21-f1a0-43ec-8c3a-69a71756020a,2025-12-05 00:00:00.000,
0,63060070,0,0,7024,300,4510838,90,0,63070030,2025-12-31 02:37:15.167,10,2025-12-06 03:01:31.013,0.0,30,30,-1,480000,83,13,0,8,5259.681,0,235.21889,f88d7cd8-1cff-49f8-80ca-5e1e796e20ed.extra_data.json,g1bnYRM2yN,6400,com.sec.android.app.shealth,4504438,86400000,f88d7cd8-1cff-49f8-80ca-5e1e796e20ed,2025-12-06 00:00:00.000,
0,63060070,0,0,13107,300,8162912,90,0,63070030,2025-12-31 02:37:14.916,10,2025-12-07 03:13:27.921,0.0,30,30,-1,1800000,150,18,0,8,9984.471,0,470.10184,4059becf-99d6-4fad-8b13-6b4cf7677d87.extra_data.json,g1bnYRM2yN,123261,com.sec.android.app.shealth,8039651,86400000,4059becf-99d6-4fad-8b13-6b4cf7677d87,2025-12-07 00:00:00.000,
0,63060070,0,0,9238,300,6141801,90,0,63070030,2025-12-31 02:37:14.683,10,2025-12-08 03:00:06.296,0.0,30,30,-1,60000,113,17,0,8,6830.408,0,322.8879,32047372-0373-424e-ade0-fd3d0930a2e5.extra_data.json,g1bnYRM2yN,16800,com.sec.android.app.shealth,6125001,86400000,32047372-0373-424e-ade0-fd3d0930a2e5,2025-12-08 00:00:00.000,
0,63060070,0,0,5020,300,3313897,90,0,63070030,2025-12-31 02:37:14.392,10,2025-12-09 03:57:35.453,0.0,30,30,-1,60000,60,15,0,8,3777.7185,0,181.21574,4cfb6b06-93d8-44ba-9c12-1563e941553e.extra_data.json,g1bnYRM2yN,51600,com.sec.android.app.shealth,3262297,86400000,4cfb6b06-93d8-44ba-9c12-1563e941553e,2025-12-09 00:00:00.000,
0,63060070,0,0,3520,300,2344369,90,0,63070030,2026-01-06 21:32:35.347,10,2025-12-10 03:04:24.472,0.0,30,30,-1,60000,42,14,0,8,2635.9753,0,121.69925,6a56a6c7-ced6-41d6-a177-2df9637e40b2.extra_data.json,g1bnYRM2yN,5200,com.sec.android.app.shealth,2339169,86400000,6a56a6c7-ced6-41d6-a177-2df9637e40b2,2025-12-10 00:00:00.000,
0,63060070,0,0,7783,300,5166801,90,0,63070030,2026-01-06 21:32:34.818,10,2025-12-11 03:00:00.777,0.0,30,30,-1,60000,94,16,0,8,5821.488,0,273.9979,5a879ff1-5789-47fc-bbba-cf0dec398374.extra_data.json,g1bnYRM2yN,35600,com.sec.android.app.shealth,5131201,86400000,5a879ff1-5789-47fc-bbba-cf0dec398374,2025-12-11 00:00:00.000,
0,63060070,0,0,10041,300,6413883,90,0,63070030,2026-01-06 21:32:33.744,10,2025-12-12 03:00:01.816,0.0,30,30,-1,360000,117,18,0,8,7491.659,0,342.0479,58868ef3-d1fe-48a8-8ba2-ad57030bf866.extra_data.json,g1bnYRM2yN,12400,com.sec.android.app.shealth,6401483,86400000,58868ef3-d1fe-48a8-8ba2-ad57030bf866,2025-12-12 00:00:00.000,
0,63060070,0,0,8174,300,5344877,90,0,63070030,2026-01-09 23:56:59.764,10,2025-12-13 03:00:00.729,0.0,30,30,-1,420000,97,13,0,8,6086.4453,0,285.93445,6503dff2-70b7-4b22-907a-b37832b26312.extra_data.json,g1bnYRM2yN,22000,com.sec.android.app.shealth,5322877,86400000,6503dff2-70b7-4b22-907a-b37832b26312,2025-12-13 00:00:00.000,
0,63060070,0,0,5326,300,3540535,90,0,63070030,2026-01-09 23:56:59.536,10,2025-12-14 03:00:01.335,0.0,30,30,-1,60000,64,15,0,8,3971.0522,0,188.52625,888ec26b-201c-404c-8f6d-9b5c01843cd2.extra_data.json,g1bnYRM2yN,10655,com.sec.android.app.shealth,3529880,86400000,888ec26b-201c-404c-8f6d-9b5c01843cd2,2025-12-14 00:00:00.000,
0,63060070,0,0,4137,300,2734281,90,0,63070030,2026-01-09 23:56:59.329,10,2025-12-15 03:00:00.833,0.0,30,30,-1,60000,48,16,0,8,3088.802,0,145.75922,eaa84b4f-ea2d-49e4-963e-1a47e23b05a1.extra_data.json,g1bnYRM2yN,37600,com.sec.android.app.shealth,2696681,86400000,eaa84b4f-ea2d-49e4-963e-1a47e23b05a1,2025-12-15 00:00:00.000,
0,63070030,0,0,9774,300,6482667,90,0,63070030,2026-01-12 22:36:26.003,10,2025-12-16 03:07:12.117,0.0,30,30,-1,180000,118,16,0,8,7299.3906,0,347.80853,340ed717-141f-4ec0-92e3-ab2660de5fa9.extra_data.json,g1bnYRM2yN,45600,com.sec.android.app.shealth,6437067,86400000,340ed717-141f-4ec0-92e3-ab2660de5fa9,2025-12-16 00:00:00.000,
0,63070030,0,0,5602,300,3570489,90,0,63070030,2026-01-12 22:36:25.756,10,2025-12-17 04:53:13.038,0.0,30,30,-1,720000,65,15,0,8,4203.149,0,193.08951,6bf0dc96-fa2c-42ac-b026-0be06eb3729c.extra_data.json,g1bnYRM2yN,28233,com.sec.android.app.shealth,3542256,86400000,6bf0dc96-fa2c-42ac-b026-0be06eb3729c,2025-12-17 00:00:00.000,
0,63070030,0,0,7351,300,4887097,90,0,63070030,2026-01-12 22:36:25.506,10,2025-12-18 03:00:01.067,0.0,30,30,-1,50692,90,16,0,8,5482.6196,0,258.87683,9999a863-505a-4cad-a0f0-760ff1c39c0c.extra_data.json,g1bnYRM2yN,24000,com.sec.android.app.shealth,4863097,86400000,9999a863-505a-4cad-a0f0-760ff1c39c0c,2025-12-18 00:00:00.000,
0,63070030,0,0,5357,300,3510769,90,0,63070030,2026-01-16 01:37:56.541,10,2025-12-19 03:00:00.865,0.0,30,30,-1,180000,64,13,0,8,3990.96,0,183.39427,ed93504a-be89-48f8-a760-10b43ee87617.extra_data.json,g1bnYRM2yN,11200,com.sec.android.app.shealth,3499569,86400000,ed93504a-be89-48f8-a760-10b43ee87617,2025-12-19 00:00:00.000,
0,63070030,0,0,11839,300,7483564,90,0,63070030,2026-01-16 01:37:53.932,10,2025-12-20 03:00:00.660,0.0,30,30,-1,780000,137,17,0,8,9008.816,0,412.97308,2e9bab11-6d00-4774-b98c-6f25e467a43e.extra_data.json,g1bnYRM2yN,146400,com.sec.android.app.shealth,7337164,86400000,2e9bab11-6d00-4774-b98c-6f25e467a43e,2025-12-20 00:00:00.000,
0,63070030,0,3933000,15752,300,9672240,90,0,63070030,2026-01-17 20:34:39.911,10,2025-12-21 03:26:44.169,0.0,30,30,-1,4085000,177,16,0,8,11834.437,1230000,654.6529,c4095871-bcfa-49c3-b84a-1fa4cc83e2d5.extra_data.json,g1bnYRM2yN,17200,com.sec.android.app.shealth,9655040,86400000,c4095871-bcfa-49c3-b84a-1fa4cc83e2d5,2025-12-21 00:00:00.000,
0,63070030,0,5985000,11404,300,12389261,90,5985000,63070030,2026-01-19 00:07:33.395,10,2025-12-22 03:00:00.885,0.0,30,30,-1,6400000,227,15,0,8,7587.3545,0,966.5606,2ecd01ac-2581-4d27-8522-fb3cce8a9d69.extra_data.json,g1bnYRM2yN,68590,com.sec.android.app.shealth,6335671,86400000,2ecd01ac-2581-4d27-8522-fb3cce8a9d69,2025-12-22 00:00:00.000,
0,63070030,0,0,6695,300,4458623,90,0,63070030,2026-01-19 20:42:06.851,10,2025-12-23 03:00:00.803,0.0,30,30,-1,53360,82,14,0,8,4949.6387,0,236.69505,4d4fd00a-40c7-41f4-8933-d2eb843b82dc.extra_data.json,g1bnYRM2yN,10400,com.sec.android.app.shealth,4448223,86400000,4d4fd00a-40c7-41f4-8933-d2eb843b82dc,2025-12-23 00:00:00.000,
0,63070030,0,0,7210,300,4731581,90,0,63070030,2026-01-19 20:42:06.291,10,2025-12-24 03:00:00.747,0.0,30,30,-1,480000,86,13,0,8,5355.016,0,250.38148,8f7804e7-9fca-459e-ac9a-4315d93bf6b7.extra_data.json,g1bnYRM2yN,20800,com.sec.android.app.shealth,4710781,86400000,8f7804e7-9fca-459e-ac9a-4315d93bf6b7,2025-12-24 00:00:00.000,
0,63070030,0,0,8868,300,5864850,90,0,63070030,2026-01-19 20:42:05.570,10,2025-12-25 03:00:00.827,0.0,30,30,-1,120000,107,16,0,8,6519.4326,0,311.8008,f7b26da9-2e51-40ef-99f7-f96f53b7e415.extra_data.json,g1bnYRM2yN,13122,com.sec.android.app.shealth,5851728,86400000,f7b26da9-2e51-40ef-99f7-f96f53b7e415,2025-12-25 00:00:00.000,
0,63070030,0,0,9991,300,6162645,90,0,63070030,2026-01-19 20:42:05.069,10,2025-12-26 03:02:17.026,0.0,30,30,-1,1140000,113,16,0,8,7513.5713,0,331.5402,68159fe6-4f63-40d8-be52-348c05aeb7b0.extra_data.json,g1bnYRM2yN,10800,com.sec.android.app.shealth,6151845,86400000,68159fe6-4f63-40d8-be52-348c05aeb7b0,2025-12-26 00:00:00.000,
0,63070030,0,0,12100,300,7809748,90,0,63070030,2026-01-19 20:42:04.624,10,2025-12-27 03:30:23.847,0.0,30,30,-1,780000,143,15,0,8,8980.503,0,418.88568,c8a96696-20c9-4b98-a615-e5aa1ad6bc74.extra_data.json,g1bnYRM2yN,26045,com.sec.android.app.shealth,7783703,86400000,c8a96696-20c9-4b98-a615-e5aa1ad6bc74,2025-12-27 00:00:00.000,
0,63070030,0,0,3601,300,2388198,90,0,63070030,2026-01-19 20:42:04.351,10,2025-12-28 03:00:00.997,0.0,30,30,-1,60000,43,13,0,8,2698.043,0,123.949745,b4883e59-f6ab-4ff7-a31b-e79d016cea24.extra_data.json,g1bnYRM2yN,8629,com.sec.android.app.shealth,2379569,86400000,b4883e59-f6ab-4ff7-a31b-e79d016cea24,2025-12-28 00:00:00.000,
0,63070030,0,10023000,9159,300,13682730,90,9005000,63070030,2026-01-19 20:42:04.066,10,2025-12-29 03:00:00.815,0.0,30,30,-1,9005000,252,16,0,8,5516.7915,300000,1213.6677,8789b357-464b-4abb-8155-8cf98da4bd59.extra_data.json,g1bnYRM2yN,8000,com.sec.android.app.shealth,4669730,86400000,8789b357-464b-4abb-8155-8cf98da4bd59,2025-12-29 00:00:00.000,
0,63070030,0,6063000,13932,300,11171273,90,3605000,63070030,2026-01-19 20:42:03.756,10,2025-12-30 03:01:44.339,0.0,30,30,-1,3870000,205,15,0,8,8937.598,220000,968.30676,bd897e83-a595-4e5b-a499-0a51006d04f8.extra_data.json,g1bnYRM2yN,17200,com.sec.android.app.shealth,7549073,86400000,bd897e83-a595-4e5b-a499-0a51006d04f8,2025-12-30 00:00:00.000,
0,63070030,0,0,5983,300,3969271,90,0,63070030,2026-01-19 20:42:02.840,10,2025-12-31 03:00:00.926,0.0,30,30,-1,60000,72,15,0,8,4462.466,0,214.14624,7ee19936-4749-4e36-b279-fbd9acee3a29.extra_data.json,g1bnYRM2yN,32000,com.sec.android.app.shealth,3937271,86400000,7ee19936-4749-4e36-b279-fbd9acee3a29,2025-12-31 00:00:00.000,
0,63070030,0,0,6050,300,4002569,90,0,63070030,2026-01-19 20:42:02.251,10,2026-01-01 03:00:25.860,0.0,30,30,-1,60000,73,15,0,8,4513.1074,0,212.02762,6395c8ee-caf0-4584-a938-2fe5da2cdfcf.extra_data.json,g1bnYRM2yN,16000,com.sec.android.app.shealth,3986569,86400000,6395c8ee-caf0-4584-a938-2fe5da2cdfcf,2026-01-01 00:00:00.000,
0,63070030,0,5587000,7083,300,9382487,90,5587000,63070030,2026-01-19 20:42:01.567,10,2026-01-02 03:00:34.036,0.0,30,30,-1,5587000,172,16,0,8,4260.5225,1410000,858.1875,3be7b816-2c44-4c26-85c9-acce11ed96e6.extra_data.json,g1bnYRM2yN,19600,com.sec.android.app.shealth,3775887,86400000,3be7b816-2c44-4c26-85c9-acce11ed96e6,2026-01-02 00:00:00.000,
0,63070030,0,0,10677,300,7001042,90,0,63070030,2026-01-19 20:42:00.699,10,2026-01-03 03:05:27.159,0.0,30,30,-1,300000,128,16,0,8,7928.0615,0,371.00504,f8d65f08-8bac-4abc-bbc2-8c82dddab1b7.extra_data.json,g1bnYRM2yN,14000,com.sec.android.app.shealth,6987042,86400000,f8d65f08-8bac-4abc-bbc2-8c82dddab1b7,2026-01-03 00:00:00.000,
0,63070030,0,0,6072,300,4022343,90,0,63070030,2026-01-31 23:01:51.144,10,2026-01-04 03:07:37.999,0.0,30,30,-1,60000,73,18,0,8,4536.3774,0,211.31569,638118b6-4e16-4a8b-bfd8-7d6bdc2aee10.extra_data.json,g1bnYRM2yN,14400,com.sec.android.app.shealth,4007943,86400000,638118b6-4e16-4a8b-bfd8-7d6bdc2aee10,2026-01-04 00:00:00.000,
0,63070030,0,6835000,11533,300,13639961,90,6835000,63070030,2026-02-01 05:29:04.001,10,2026-01-05 03:24:29.396,0.0,30,30,-1,6835000,252,17,0,8,7557.923,800000,1104.0726,3b1bfe68-7d67-4786-a1a1-c217d36a0ebc.extra_data.json,g1bnYRM2yN,12000,com.sec.android.app.shealth,6792961,86400000,3b1bfe68-7d67-4786-a1a1-c217d36a0ebc,2026-01-05 00:00:00.000,
0,63070030,0,0,7672,300,4996440,90,0,63070030,2026-02-01 05:29:03.772,10,2026-01-06 03:20:48.646,0.0,30,30,-1,300000,91,18,0,8,5723.556,0,265.9256,e30070ad-a88c-4d57-97cf-de4ab6008fc3.extra_data.json,g1bnYRM2yN,17103,com.sec.android.app.shealth,4979337,86400000,e30070ad-a88c-4d57-97cf-de4ab6008fc3,2026-01-06 00:00:00.000,
0,63070030,0,6861000,15274,300,15259091,90,6861000,63070030,2026-02-01 05:29:03.549,10,2026-01-07 03:00:01.018,0.0,30,30,-1,7187000,281,18,0,8,9830.158,20000,1155.081,b29f0639-8357-49a9-9be1-d02034fe6e1d.extra_data.json,g1bnYRM2yN,16352,com.sec.android.app.shealth,8381739,86400000,b29f0639-8357-49a9-9be1-d02034fe6e1d,2026-01-07 00:00:00.000,
0,63070030,0,7212000,12429,300,14460243,90,7212000,63070030,2026-02-01 05:29:03.208,10,2026-01-08 03:00:01.352,0.0,30,30,-1,7212000,266,17,0,8,8101.853,800000,1192.1891,f3cc2451-8494-4f16-b2fe-14c26cdbe174.extra_data.json,g1bnYRM2yN,18344,com.sec.android.app.shealth,7229899,86400000,f3cc2451-8494-4f16-b2fe-14c26cdbe174,2026-01-08 00:00:00.000,
0,63070030,0,15000,16161,300,10708229,90,0,63070030,2026-02-05 11:53:58.892,10,2026-01-09 03:00:02.084,0.0,30,30,-1,120000,197,17,0,8,12086.272,10000,567.5571,11519b27-a81b-4f35-aa98-832d0a6f80b6.extra_data.json,g1bnYRM2yN,10000,com.sec.android.app.shealth,10698229,86400000,11519b27-a81b-4f35-aa98-832d0a6f80b6,2026-01-09 00:00:00.000,
0,63070030,0,0,7052,300,4554225,90,0,63070030,2026-02-06 15:31:48.779,10,2026-01-10 03:00:10.052,0.0,30,30,-1,540000,83,15,0,8,5248.165,0,236.55824,478b20bb-d8b0-4b0c-a5b6-9e8a9a8dc87b.extra_data.json,g1bnYRM2yN,2400,com.sec.android.app.shealth,4551825,86400000,478b20bb-d8b0-4b0c-a5b6-9e8a9a8dc87b,2026-01-10 00:00:00.000,
0,63070030,0,0,6835,300,4548240,90,0,63070030,2026-02-06 15:31:48.464,10,2026-01-11 03:00:00.649,0.0,30,30,-1,60000,83,15,0,8,5108.9575,0,238.45145,ba3035f0-6b84-4257-9c07-07516a2d56b8.extra_data.json,g1bnYRM2yN,6000,com.sec.android.app.shealth,4542240,86400000,ba3035f0-6b84-4257-9c07-07516a2d56b8,2026-01-11 00:00:00.000,
0,63070030,0,0,5662,300,3770029,90,0,63070030,2026-02-06 15:31:48.279,10,2026-01-12 03:00:01.656,0.0,30,30,-1,120000,68,14,0,8,4181.3594,0,195.71945,6c0205be-397b-4b04-bb46-0e1d9d6913a6.extra_data.json,g1bnYRM2yN,3600,com.sec.android.app.shealth,3766429,86400000,6c0205be-397b-4b04-bb46-0e1d9d6913a6,2026-01-12 00:00:00.000,
0,63070030,0,0,10893,300,7092108,90,0,63070030,2026-02-06 15:31:48.087,10,2026-01-13 03:03:50.630,0.0,30,30,-1,600000,130,16,0,8,8083.3115,0,378.54565,258df906-5907-4dba-a1ef-15ea920b46d8.extra_data.json,g1bnYRM2yN,13200,com.sec.android.app.shealth,7078908,86400000,258df906-5907-4dba-a1ef-15ea920b46d8,2026-01-13 00:00:00.000,
0,63070030,0,0,7792,300,5179885,90,0,63070030,2026-02-10 21:20:57.856,10,2026-01-14 03:00:00.608,0.0,30,30,-1,60000,95,15,0,8,5785.409,0,274.763,2c800ac3-4f2e-4892-a01e-310f7f541a3d.extra_data.json,g1bnYRM2yN,14000,com.sec.android.app.shealth,5165885,86400000,2c800ac3-4f2e-4892-a01e-310f7f541a3d,2026-01-14 00:00:00.000,
0,63070030,0,0,10179,300,6737199,90,0,63070030,2026-02-11 22:49:38.360,10,2026-01-15 03:00:00.865,0.0,30,30,-1,120000,123,16,0,8,7577.7417,0,360.55292,f1a46830-c8d4-4f33-933e-720b604856d9.extra_data.json,g1bnYRM2yN,36000,com.sec.android.app.shealth,6701199,86400000,f1a46830-c8d4-4f33-933e-720b604856d9,2026-01-15 00:00:00.000,
0,63070030,0,0,8369,300,5558206,90,0,63070030,2026-02-11 22:49:37.464,10,2026-01-16 03:26:28.734,0.0,30,30,-1,120000,102,16,0,8,6215.8657,0,291.3167,fe12098a-a1b1-41fe-907d-395e8a2fdb29.extra_data.json,g1bnYRM2yN,16800,com.sec.android.app.shealth,5541406,86400000,fe12098a-a1b1-41fe-907d-395e8a2fdb29,2026-01-16 00:00:00.000,
0,63070030,0,0,10663,300,6958762,90,0,63070030,2026-02-11 22:49:36.637,10,2026-01-17 03:55:15.189,0.0,30,30,-1,540000,127,14,0,8,7948.722,0,369.6333,52e1f206-7965-425b-876a-ba37224f0694.extra_data.json,g1bnYRM2yN,25200,com.sec.android.app.shealth,6933562,86400000,52e1f206-7965-425b-876a-ba37224f0694,2026-01-17 00:00:00.000,
0,63070030,0,0,9392,300,6214104,90,0,63070030,2026-02-11 22:49:35.873,10,2026-01-18 03:34:56.356,0.0,30,30,-1,60000,113,15,0,8,7042.039,0,343.6723,0c983eb1-d0ec-4bde-87b8-5ecde8f7a0af.extra_data.json,g1bnYRM2yN,54745,com.sec.android.app.shealth,6159359,86400000,0c983eb1-d0ec-4bde-87b8-5ecde8f7a0af,2026-01-18 00:00:00.000,
0,63070030,0,0,13430,300,8940501,90,0,63070030,2026-02-11 22:49:34.126,10,2026-01-19 03:00:00.792,0.0,30,30,-1,120000,164,15,0,8,9956.572,0,472.9693,cc91c45a-c44a-43b8-a885-11838b873858.extra_data.json,g1bnYRM2yN,20800,com.sec.android.app.shealth,8919701,86400000,cc91c45a-c44a-43b8-a885-11838b873858,2026-01-19 00:00:00.000,
0,63070030,0,0,8242,300,5285864,90,0,63070030,2026-02-16 11:12:25.909,10,2026-01-20 03:00:01.155,0.0,30,30,-1,240000,96,16,0,8,6185.6963,0,279.44592,4c267aca-506c-4a78-83df-8c2f945e54c8.extra_data.json,g1bnYRM2yN,41372,com.sec.android.app.shealth,5244492,86400000,4c267aca-506c-4a78-83df-8c2f945e54c8,2026-01-20 00:00:00.000,
0,63070030,0,4857000,8827,300,10262835,90,4857000,63070030,2026-02-16 11:12:25.661,10,2026-01-21 03:52:45.697,0.0,30,30,-1,4857000,188,15,0,8,6107.4067,1720000,847.139,6591b6a0-2e18-4a41-b203-ffbd20f87783.extra_data.json,g1bnYRM2yN,38240,com.sec.android.app.shealth,5367595,86400000,6591b6a0-2e18-4a41-b203-ffbd20f87783,2026-01-21 00:00:00.000,
0,63070030,0,4988000,9978,300,9636296,90,3964000,63070030,2026-02-16 11:12:25.483,10,2026-01-22 03:02:10.516,0.0,30,30,-1,5002000,176,15,0,8,6731.3853,420000,732.55255,fdad750b-9955-4d08-b51a-34af98478985.extra_data.json,g1bnYRM2yN,41600,com.sec.android.app.shealth,5630696,86400000,fdad750b-9955-4d08-b51a-34af98478985,2026-01-22 00:00:00.000,
0,63070030,0,0,12225,300,8016999,90,0,63070030,2026-02-16 11:12:25.293,10,2026-01-23 03:02:27.279,0.0,30,30,-1,120000,147,17,0,8,9155.291,0,441.56583,68a53bbf-ce62-4313-b4f8-032a2d9693a7.extra_data.json,g1bnYRM2yN,82000,com.sec.android.app.shealth,7934999,86400000,68a53bbf-ce62-4313-b4f8-032a2d9693a7,2026-01-23 00:00:00.000,
0,63070030,0,0,9941,300,6602692,90,0,63070030,2026-02-16 11:12:25.102,10,2026-01-24 03:00:01.405,0.0,30,30,-1,60000,121,16,0,8,7422.286,0,347.80005,30c890d0-8aa5-4332-becf-111cf6669ec4.extra_data.json,g1bnYRM2yN,28800,com.sec.android.app.shealth,6573892,86400000,30c890d0-8aa5-4332-becf-111cf6669ec4,2026-01-24 00:00:00.000,
0,63070030,0,0,5117,300,3405830,90,0,63070030,2026-02-22 00:23:06.081,10,2026-01-25 03:00:01.683,0.0,30,30,-1,60000,62,16,0,8,3809.5867,0,175.77069,663f7c88-d8cd-4dc1-a7b4-8216e2e41bc0.extra_data.json,g1bnYRM2yN,10800,com.sec.android.app.shealth,3395030,86400000,663f7c88-d8cd-4dc1-a7b4-8216e2e41bc0,2026-01-25 00:00:00.000,
0,63070030,0,3611000,11312,300,10828046,90,3611000,63070030,2026-02-22 16:35:33.659,10,2026-01-26 03:00:01.368,0.0,30,30,-1,3611000,198,18,0,8,8105.083,50000,768.085,b381d667-9ef2-464c-863e-e53f33f7ffe2.extra_data.json,g1bnYRM2yN,20771,com.sec.android.app.shealth,7196275,86400000,b381d667-9ef2-464c-863e-e53f33f7ffe2,2026-01-26 00:00:00.000,
0,63070030,0,0,7789,300,5173582,90,0,63070030,2026-02-22 16:35:33.071,10,2026-01-27 03:00:00.819,0.0,30,30,-1,60000,94,17,0,8,5799.628,0,278.46725,773438fc-16bf-4763-9502-706166c5a1b6.extra_data.json,g1bnYRM2yN,20400,com.sec.android.app.shealth,5153182,86400000,773438fc-16bf-4763-9502-706166c5a1b6,2026-01-27 00:00:00.000,
0,63070030,0,5408000,11912,300,12199699,90,5408000,63070030,2026-02-22 16:35:32.582,10,2026-01-28 03:00:01.516,0.0,30,30,-1,5408000,224,16,0,8,7823.8477,1330000,1003.5647,86b1322d-eb59-44ed-ab2f-41a09dd0698c.extra_data.json,g1bnYRM2yN,30800,com.sec.android.app.shealth,6760899,86400000,86b1322d-eb59-44ed-ab2f-41a09dd0698c,2026-01-28 00:00:00.000,
0,63070030,0,6562000,11082,300,12063170,90,5423000,63070030,2026-02-25 14:33:21.157,10,2026-01-29 03:00:00.664,0.0,30,30,-1,5423000,222,17,0,8,7676.2163,0,909.1009,cd7033e2-d313-416d-a31b-f187105ceb23.extra_data.json,g1bnYRM2yN,5200,com.sec.android.app.shealth,6634970,86400000,cd7033e2-d313-416d-a31b-f187105ceb23,2026-01-29 00:00:00.000,
0,63070030,0,0,7520,300,4967519,90,0,63070030,2026-02-25 14:33:20.294,10,2026-01-30 03:56:54.202,0.0,30,30,-1,120000,91,15,0,8,5600.7085,0,266.41858,48d81c9c-4682-4ebf-ba8b-fc63e989aac7.extra_data.json,g1bnYRM2yN,27200,com.sec.android.app.shealth,4940319,86400000,48d81c9c-4682-4ebf-ba8b-fc63e989aac7,2026-01-30 00:00:00.000,
0,63070030,0,0,13380,300,8406976,90,0,63070030,2026-02-27 21:35:36.396,10,2026-01-31 04:42:57.591,0.0,30,30,-1,540000,154,16,0,8,10155.84,0,455.52768,22c5af02-e054-4d93-be2c-6def177b0d7d.extra_data.json,g1bnYRM2yN,78317,com.sec.android.app.shealth,8328659,86400000,22c5af02-e054-4d93-be2c-6def177b0d7d,2026-01-31 00:00:00.000,
0,63070030,0,0,7785,300,5052132,90,0,63070030,2026-02-27 21:35:36.109,10,2026-02-01 03:00:40.536,0.0,30,30,-1,240000,93,16,0,8,5822.4062,0,272.938,c0177b83-515e-4984-9c76-4fbcedd0b4f5.extra_data.json,g1bnYRM2yN,6000,com.sec.android.app.shealth,5046132,86400000,c0177b83-515e-4984-9c76-4fbcedd0b4f5,2026-02-01 00:00:00.000,
0,63070030,0,0,13019,300,8513922,90,0,63070030,2026-03-01 16:29:33.150,10,2026-02-02 03:00:01.517,0.0,30,30,-1,540000,156,18,0,8,9748.21,0,456.02274,9c5a49d1-373d-4e6f-9e36-ad3de9fcb8cd.extra_data.json,g1bnYRM2yN,33533,com.sec.android.app.shealth,8480389,86400000,9c5a49d1-373d-4e6f-9e36-ad3de9fcb8cd,2026-02-02 00:00:00.000,
0,63070030,0,0,5485,300,3652621,90,0,63070030,2026-03-01 16:29:32.872,10,2026-02-03 03:00:00.736,0.0,30,30,-1,60000,66,16,0,8,4075.7485,0,190.72707,2b5244bf-21ed-4c04-951c-c647599c7007.extra_data.json,g1bnYRM2yN,8800,com.sec.android.app.shealth,3643821,86400000,2b5244bf-21ed-4c04-951c-c647599c7007,2026-02-03 00:00:00.000,
0,63070030,0,0,7705,300,4999584,90,0,63070030,2026-03-03 23:39:41.902,10,2026-02-04 03:00:00.632,0.0,30,30,-1,300000,92,18,0,8,5744.6895,0,264.02545,0ff7c8a8-4a2d-49e2-b559-48eb907dc374.extra_data.json,g1bnYRM2yN,9932,com.sec.android.app.shealth,4989652,86400000,0ff7c8a8-4a2d-49e2-b559-48eb907dc374,2026-02-04 00:00:00.000,
0,63070030,0,0,8549,300,5538675,90,0,63110130,2026-03-04 13:41:33.731,10,2026-02-05 03:00:00.871,0.0,30,30,-1,600000,101,15,0,8,6388.8154,0,295.99103,33a49f40-7600-42a2-98b2-871ff6ad435a.extra_data.json,g1bnYRM2yN,20000,com.sec.android.app.shealth,5518675,86400000,33a49f40-7600-42a2-98b2-871ff6ad435a,2026-02-05 00:00:00.000,
0,63070030,0,3613000,8842,300,8929792,90,3613000,63110130,2026-03-05 21:20:11.227,10,2026-02-06 03:00:01.374,0.0,30,30,-1,3613000,164,15,0,8,5992.5786,1290000,722.6555,fe672ca2-96d4-49a8-91f3-b3c6133e711c.extra_data.json,g1bnYRM2yN,24362,com.sec.android.app.shealth,5292430,86400000,fe672ca2-96d4-49a8-91f3-b3c6133e711c,2026-02-06 00:00:00.000,
0,63070030,0,0,7829,300,5006312,90,0,63110130,2026-03-05 21:20:11.054,10,2026-02-07 04:32:13.552,0.0,30,30,-1,660000,92,15,0,8,5917.555,0,266.39395,475a84a5-31f8-4bbc-ad2c-731fa17d6b4f.extra_data.json,g1bnYRM2yN,14236,com.sec.android.app.shealth,4992076,86400000,475a84a5-31f8-4bbc-ad2c-731fa17d6b4f,2026-02-07 00:00:00.000,
0,63070030,0,0,7431,300,4897269,90,0,63110130,2026-03-05 21:20:10.868,10,2026-02-08 03:00:00.782,0.0,30,30,-1,240000,90,16,0,8,5565.836,0,255.32672,ff1e1f6e-b45a-4c51-a156-497460c4a22e.extra_data.json,g1bnYRM2yN,15320,com.sec.android.app.shealth,4881949,86400000,ff1e1f6e-b45a-4c51-a156-497460c4a22e,2026-02-08 00:00:00.000,
0,63070030,0,0,9479,300,6188931,90,0,63110130,2026-03-08 20:42:09.973,10,2026-02-09 03:00:00.727,0.0,30,30,-1,180000,113,16,0,8,7079.6714,0,328.49338,3b669aac-bd4f-4048-ad44-ef174ec00c38.extra_data.json,g1bnYRM2yN,17600,com.sec.android.app.shealth,6171331,86400000,3b669aac-bd4f-4048-ad44-ef174ec00c38,2026-02-09 00:00:00.000,
0,63070030,0,0,9333,300,6022428,90,0,63110130,2026-03-08 20:42:09.341,10,2026-02-10 03:00:01.429,0.0,30,30,-1,420000,110,17,0,8,6974.2256,0,326.8668,81b25507-f11b-48ad-9b85-df7b85def581.extra_data.json,g1bnYRM2yN,27516,com.sec.android.app.shealth,5994912,86400000,81b25507-f11b-48ad-9b85-df7b85def581,2026-02-10 00:00:00.000,
0,63070030,0,0,5102,300,3399830,90,0,63110130,2026-03-08 20:42:09.063,10,2026-02-11 03:00:00.994,0.0,30,30,-1,60000,62,13,0,8,3796.2664,0,173.73813,f2ada24f-4896-455a-9bd7-f6da6aa2feaa.extra_data.json,g1bnYRM2yN,4800,com.sec.android.app.shealth,3395030,86400000,f2ada24f-4896-455a-9bd7-f6da6aa2feaa,2026-02-11 00:00:00.000,
0,63070030,0,0,6016,300,3959789,90,0,63110130,2026-03-11 21:46:31.598,10,2026-02-12 03:00:01.356,0.0,30,30,-1,180000,72,16,0,8,4494.175,0,214.60559,e93b681f-2a66-4572-84d5-5d34a3326d74.extra_data.json,g1bnYRM2yN,21836,com.sec.android.app.shealth,3937953,86400000,e93b681f-2a66-4572-84d5-5d34a3326d74,2026-02-12 00:00:00.000,
0,63070030,0,5779000,15136,300,12085800,90,3075000,63110130,2026-03-11 21:46:31.401,10,2026-02-13 03:26:20.953,0.0,30,30,-1,3075000,222,16,0,8,10905.643,1630000,907.3533,7ad57119-1cdd-4409-94b6-9e9137ff68eb.extra_data.json,g1bnYRM2yN,22000,com.sec.android.app.shealth,8988800,86400000,7ad57119-1cdd-4409-94b6-9e9137ff68eb,2026-02-13 00:00:00.000,
0,63070030,0,0,6952,300,4592807,90,0,63110130,2026-03-13 21:23:26.996,10,2026-02-14 03:01:45.271,0.0,30,30,-1,120000,84,14,0,8,5198.9497,0,241.61327,4be9e614-38ee-4bbe-b022-99943dcb6bff.extra_data.json,g1bnYRM2yN,10000,com.sec.android.app.shealth,4582807,86400000,4be9e614-38ee-4bbe-b022-99943dcb6bff,2026-02-14 00:00:00.000,
0,63070030,0,0,12380,300,7993304,90,0,63110130,2026-03-15 00:29:21.954,10,2026-02-15 03:00:00.762,0.0,30,30,-1,240000,146,15,0,8,9336.645,0,426.48724,ae779d59-1260-4fcc-9e87-ee5274d9f492.extra_data.json,g1bnYRM2yN,50391,com.sec.android.app.shealth,7942913,86400000,ae779d59-1260-4fcc-9e87-ee5274d9f492,2026-02-15 00:00:00.000,
0,63070030,0,0,7564,300,5003648,90,0,63110130,2026-03-15 05:03:15.435,10,2026-02-16 03:00:00.989,0.0,30,30,-1,180000,92,16,0,8,5634.4136,0,261.22003,7679ffde-2ae7-46df-92d2-33e48c5f6f10.extra_data.json,g1bnYRM2yN,12000,com.sec.android.app.shealth,4991648,86400000,7679ffde-2ae7-46df-92d2-33e48c5f6f10,2026-02-16 00:00:00.000,
0,63070030,0,0,3615,300,2397588,90,0,63110130,2026-03-15 05:03:15.207,10,2026-02-17 03:00:02.376,0.0,30,30,-1,60000,43,13,0,8,2709.8174,0,129.95334,fe0eb074-6b4c-47c4-a5a0-c6a7fc7f3aa8.extra_data.json,g1bnYRM2yN,20400,com.sec.android.app.shealth,2377188,86400000,fe0eb074-6b4c-47c4-a5a0-c6a7fc7f3aa8,2026-02-17 00:00:00.000,
0,63070030,0,0,8064,300,5366673,90,0,63110130,2026-03-15 05:03:15.059,10,2026-02-18 03:00:00.897,0.0,30,30,-1,60000,98,17,0,8,5948.2554,0,281.5454,04228fd6-f8c4-4366-8f6b-77009cf6255b.extra_data.json,g1bnYRM2yN,18000,com.sec.android.app.shealth,5348673,86400000,04228fd6-f8c4-4366-8f6b-77009cf6255b,2026-02-18 00:00:00.000,
0,63070030,0,0,8011,300,5154506,90,0,63110130,2026-03-15 05:03:14.913,10,2026-02-19 03:00:00.934,0.0,30,30,-1,420000,94,14,0,8,5939.4473,0,275.7177,5e8110a3-9a23-4158-85f2-56b56cf48f12.extra_data.json,g1bnYRM2yN,7200,com.sec.android.app.shealth,5147306,86400000,5e8110a3-9a23-4158-85f2-56b56cf48f12,2026-02-19 00:00:00.000,
0,63070030,0,0,8667,300,5667758,90,0,63110130,2026-03-15 05:03:14.767,10,2026-02-20 03:00:01.051,0.0,30,30,-1,300000,103,18,0,8,6500.6304,0,311.74066,6e4083ba-6958-401e-84f5-89878286ddc3.extra_data.json,g1bnYRM2yN,36781,com.sec.android.app.shealth,5630977,86400000,6e4083ba-6958-401e-84f5-89878286ddc3,2026-02-20 00:00:00.000,
0,63070030,0,0,7245,300,4769526,90,0,63110130,2026-03-15 05:03:14.638,10,2026-02-21 03:00:01.079,0.0,30,30,-1,120000,87,17,0,8,5451.6597,0,253.37698,0ea9bf3c-1b30-4a7a-9fb8-bfcca3a63160.extra_data.json,g1bnYRM2yN,22000,com.sec.android.app.shealth,4747526,86400000,0ea9bf3c-1b30-4a7a-9fb8-bfcca3a63160,2026-02-21 00:00:00.000,
0,63070030,0,0,7439,300,4916586,90,0,63110130,2026-03-22 00:38:52.374,10,2026-02-22 03:03:19.846,0.0,30,30,-1,120000,90,17,0,8,5592.246,0,263.58432,0f341769-acbe-469c-b8c6-909479e77ca4.extra_data.json,g1bnYRM2yN,35600,com.sec.android.app.shealth,4880986,86400000,0f341769-acbe-469c-b8c6-909479e77ca4,2026-02-22 00:00:00.000,
0,63070030,0,5298000,14084,300,11944577,90,3357000,63110130,2026-03-22 00:38:51.473,10,2026-02-23 03:00:01.071,0.0,30,30,-1,3357000,220,17,0,8,10168.744,480000,865.1982,5f4e21d0-5579-46ed-ac1d-091151e76275.extra_data.json,g1bnYRM2yN,40738,com.sec.android.app.shealth,8546839,86400000,5f4e21d0-5579-46ed-ac1d-091151e76275,2026-02-23 00:00:00.000,
0,63070030,0,0,9250,300,5989660,90,0,63110130,2026-03-22 00:38:49.347,10,2026-02-24 03:00:01.347,0.0,30,30,-1,480000,110,18,0,8,6899.586,0,319.12915,f605eba9-e3b6-47ef-b7cc-5c590d6e1587.extra_data.json,g1bnYRM2yN,17242,com.sec.android.app.shealth,5972418,86400000,f605eba9-e3b6-47ef-b7cc-5c590d6e1587,2026-02-24 00:00:00.000,
0,63070030,0,0,10152,300,6552540,90,0,63110130,2026-03-22 00:38:47.734,10,2026-02-25 03:00:01.035,0.0,30,30,-1,360000,120,15,0,8,7577.185,0,354.05734,4b14285e-a286-46e9-813b-d6b519f1480b.extra_data.json,g1bnYRM2yN,31988,com.sec.android.app.shealth,6520552,86400000,4b14285e-a286-46e9-813b-d6b519f1480b,2026-02-25 00:00:00.000,
0,63070030,0,0,7442,300,4762358,90,0,63110130,2026-03-22 00:38:46.570,10,2026-02-26 03:00:01.172,0.0,30,30,-1,480000,86,17,0,8,5618.03,0,257.88074,d49136cc-a838-4bd0-ae5a-ab93c4405e1f.extra_data.json,g1bnYRM2yN,37222,com.sec.android.app.shealth,4725136,86400000,d49136cc-a838-4bd0-ae5a-ab93c4405e1f,2026-02-26 00:00:00.000,
0,63070030,0,0,5768,300,3745936,90,0,63110130,2026-03-22 00:38:44.557,10,2026-02-27 03:00:01.193,0.0,30,30,-1,240000,68,17,0,8,4295.928,0,198.39539,8f8a8c96-bce2-4a9a-bcd7-48cb48aa6805.extra_data.json,g1bnYRM2yN,12400,com.sec.android.app.shealth,3733536,86400000,8f8a8c96-bce2-4a9a-bcd7-48cb48aa6805,2026-02-27 00:00:00.000,
0,63070030,0,0,11078,300,7198656,90,0,63130130,2026-03-27 20:57:54.782,10,2026-02-28 03:00:01.796,0.0,30,30,-1,420000,132,14,0,8,8297.953,0,367.24136,d7b6bb54-ef2c-47aa-8c5d-9688813b4457.extra_data.json,g1bnYRM2yN,28141,com.sec.android.app.shealth,7170515,86400000,d7b6bb54-ef2c-47aa-8c5d-9688813b4457,2026-02-28 00:00:00.000,
0,63070030,0,0,3124,300,2037325,90,0,63130130,2026-03-27 20:57:54.466,10,2026-03-01 03:01:25.959,0.0,30,30,-1,120000,36,11,0,8,2329.7354,0,107.796646,8a4c38cd-3803-4796-8a78-662e14b6c034.extra_data.json,g1bnYRM2yN,6400,com.sec.android.app.shealth,2030925,86400000,8a4c38cd-3803-4796-8a78-662e14b6c034,2026-03-01 00:00:00.000,
0,63070030,0,0,8149,300,5228782,90,0,63130130,2026-03-27 20:57:54.205,10,2026-03-02 03:00:01.374,0.0,30,30,-1,420000,95,15,0,8,6129.1714,0,280.00937,8b834a53-feee-4057-943d-1ae1d5df27d3.extra_data.json,g1bnYRM2yN,38391,com.sec.android.app.shealth,5190391,86400000,8b834a53-feee-4057-943d-1ae1d5df27d3,2026-03-02 00:00:00.000,
0,63070030,0,0,7421,300,4770858,90,0,63130130,2026-03-27 20:57:53.915,10,2026-03-03 03:00:00.912,0.0,30,30,-1,360000,87,16,0,8,5551.886,0,255.69717,09a8d00c-5ca1-4ee0-a784-247b76016bc9.extra_data.json,g1bnYRM2yN,28598,com.sec.android.app.shealth,4742260,86400000,09a8d00c-5ca1-4ee0-a784-247b76016bc9,2026-03-03 00:00:00.000,
0,63070030,0,0,11862,300,7436282,90,0,63130130,2026-03-27 20:57:53.645,10,2026-03-04 03:53:56.815,0.0,30,30,-1,660000,136,17,0,8,8876.586,0,400.48172,5d1a5d31-3353-4200-9bd8-484f3c17fc6b.extra_data.json,g1bnYRM2yN,18675,com.sec.android.app.shealth,7417607,86400000,5d1a5d31-3353-4200-9bd8-484f3c17fc6b,2026-03-04 00:00:00.000,
0,63110130,0,0,7437,300,4673495,90,0,63130130,2026-03-27 20:57:53.297,10,2026-03-05 03:00:00.744,0.0,30,30,-1,360000,85,14,0,8,5566.3047,0,248.78882,86487e14-e6e7-4cba-a383-60d654a543e2.extra_data.json,g1bnYRM2yN,4732,com.sec.android.app.shealth,4668763,86400000,86487e14-e6e7-4cba-a383-60d654a543e2,2026-03-05 00:00:00.000,
0,63110130,0,0,6183,300,3981771,90,0,63130130,2026-03-27 20:57:53.023,10,2026-03-06 03:00:21.816,0.0,30,30,-1,240000,73,14,0,8,4619.08,0,209.4529,d2fdb073-a61d-4354-bc0a-b723cb254a38.extra_data.json,g1bnYRM2yN,12312,com.sec.android.app.shealth,3969459,86400000,d2fdb073-a61d-4354-bc0a-b723cb254a38,2026-03-06 00:00:00.000,
0,63110130,0,0,6741,300,4476137,90,0,63130130,2026-03-27 20:57:52.758,10,2026-03-07 03:51:40.388,0.0,30,30,-1,60000,82,15,0,8,5029.6216,0,234.02174,8c15d196-fe2e-4924-b34d-a3ffed131f70.extra_data.json,g1bnYRM2yN,20000,com.sec.android.app.shealth,4456137,86400000,8c15d196-fe2e-4924-b34d-a3ffed131f70,2026-03-07 00:00:00.000,
0,63110130,0,0,7235,300,4722526,90,0,63130130,2026-04-05 02:43:35.105,10,2026-03-08 03:56:30.765,0.0,30,30,-1,300000,86,16,0,8,5398.0034,0,248.48291,f094a634-9046-47c8-9ab1-43834bb27163.extra_data.json,g1bnYRM2yN,15200,com.sec.android.app.shealth,4707326,86400000,f094a634-9046-47c8-9ab1-43834bb27163,2026-03-08 00:00:00.000,
0,63110130,0,0,8045,300,5265760,90,0,63130130,2026-04-05 23:35:50.127,10,2026-03-09 03:00:05.377,0.0,30,30,-1,180000,96,17,0,8,5990.0483,0,284.72232,327debfc-0df5-4435-941c-e307f4dd8638.extra_data.json,g1bnYRM2yN,16800,com.sec.android.app.shealth,5248960,86400000,327debfc-0df5-4435-941c-e307f4dd8638,2026-03-09 00:00:00.000,
0,63110130,0,0,7966,300,5228280,90,0,63130130,2026-04-05 23:35:48.626,10,2026-03-10 03:00:00.687,0.0,30,30,-1,180000,96,15,0,8,5904.8423,0,277.92236,98db75a2-7872-40dc-b6b5-6d94381d514b.extra_data.json,g1bnYRM2yN,6000,com.sec.android.app.shealth,5222280,86400000,98db75a2-7872-40dc-b6b5-6d94381d514b,2026-03-10 00:00:00.000,
0,63110130,0,0,6850,300,4430527,90,0,63130130,2026-04-08 01:55:08.822,10,2026-03-11 03:00:00.926,0.0,30,30,-1,180000,81,13,0,8,5087.9707,0,235.7938,259ec080-ad9b-4cff-ac0d-89bacac443c9.extra_data.json,g1bnYRM2yN,14800,com.sec.android.app.shealth,4415727,86400000,259ec080-ad9b-4cff-ac0d-89bacac443c9,2026-03-11 00:00:00.000,
0,63110130,0,0,11804,300,7180814,90,0,63130130,2026-04-08 01:55:08.610,10,2026-03-12 03:00:01.305,0.0,30,30,-1,540000,132,16,0,8,9596.434,0,436.4141,f6c86d73-7a2b-45ef-a1b7-78c66f797c6a.extra_data.json,g1bnYRM2yN,429670,com.sec.android.app.shealth,6751144,86400000,f6c86d73-7a2b-45ef-a1b7-78c66f797c6a,2026-03-12 00:00:00.000,
0,63110130,0,0,8228,300,5313664,90,0,63130130,2026-04-10 00:18:01.544,10,2026-03-13 03:10:00.906,0.0,30,30,-1,300000,97,15,0,8,6115.267,0,282.58493,6d0e1e22-2bee-4720-980a-4f2032c27fdc.extra_data.json,g1bnYRM2yN,10400,com.sec.android.app.shealth,5303264,86400000,6d0e1e22-2bee-4720-980a-4f2032c27fdc,2026-03-13 00:00:00.000,
0,63110130,0,0,9391,300,6141687,90,0,63130130,2026-04-10 00:18:00.979,10,2026-03-14 03:00:00.854,0.0,30,30,-1,240000,112,17,0,8,7032.734,0,336.58978,a743c7be-14e6-4b41-9e68-00cc52e5806e.extra_data.json,g1bnYRM2yN,28228,com.sec.android.app.shealth,6113459,86400000,a743c7be-14e6-4b41-9e68-00cc52e5806e,2026-03-14 00:00:00.000,
0,63110130,0,0,6413,300,4238096,90,0,63130130,2026-04-10 00:18:00.654,10,2026-03-15 03:00:00.914,0.0,30,30,-1,120000,77,17,0,8,4784.6045,0,224.78218,bf3d1fb3-0c03-4097-b77a-720650cae361.extra_data.json,g1bnYRM2yN,11749,com.sec.android.app.shealth,4226347,86400000,bf3d1fb3-0c03-4097-b77a-720650cae361,2026-03-15 00:00:00.000,
0,63110130,0,0,8885,300,5830324,90,0,63130130,2026-04-12 12:57:17.015,10,2026-03-16 03:00:28.655,0.0,30,30,-1,240000,106,16,0,8,6646.559,0,309.57617,bdff79f7-3913-4aa0-804b-604ef8d8ad77.extra_data.json,g1bnYRM2yN,16513,com.sec.android.app.shealth,5813811,86400000,bdff79f7-3913-4aa0-804b-604ef8d8ad77,2026-03-16 00:00:00.000,
0,63110130,0,0,6983,300,4598167,90,0,63130130,2026-04-12 12:57:14.881,10,2026-03-17 03:00:00.654,0.0,30,30,-1,180000,84,16,0,8,5199.115,0,244.90413,3adf7f30-a058-490e-80f0-2f32b9c5aba6.extra_data.json,g1bnYRM2yN,18826,com.sec.android.app.shealth,4579341,86400000,3adf7f30-a058-490e-80f0-2f32b9c5aba6,2026-03-17 00:00:00.000,
0,63110130,0,0,5736,300,3756194,90,0,63130130,2026-04-12 12:57:13.912,10,2026-03-18 03:00:01.712,0.0,30,30,-1,180000,68,16,0,8,4268.764,0,199.0065,616acd1a-5f3c-41e3-9de5-43b0dd94c2e5.extra_data.json,g1bnYRM2yN,13200,com.sec.android.app.shealth,3742994,86400000,616acd1a-5f3c-41e3-9de5-43b0dd94c2e5,2026-03-18 00:00:00.000,
0,63110130,0,0,6803,300,4410607,90,0,63130130,2026-04-12 12:57:13.141,10,2026-03-19 03:06:45.374,0.0,30,30,-1,360000,81,15,0,8,5103.4927,0,238.13866,4462c9c9-67b3-4328-a726-a3f25d0a6e42.extra_data.json,g1bnYRM2yN,14800,com.sec.android.app.shealth,4395807,86400000,4462c9c9-67b3-4328-a726-a3f25d0a6e42,2026-03-19 00:00:00.000,
0,63110130,0,0,5473,300,3558403,90,0,63130130,2026-04-12 12:57:12.926,10,2026-03-20 03:00:00.793,0.0,30,30,-1,180000,64,16,0,8,4094.6826,0,193.4299,24ba0496-5b71-474d-8c48-63efd1a03597.extra_data.json,g1bnYRM2yN,19026,com.sec.android.app.shealth,3539377,86400000,24ba0496-5b71-474d-8c48-63efd1a03597,2026-03-20 00:00:00.000,
0,63110130,0,0,10678,300,6952286,90,0,63130130,2026-04-12 12:57:12.531,10,2026-03-21 03:00:00.867,0.0,30,30,-1,480000,127,17,0,8,7932.003,0,370.42245,99da99be-7631-427c-921e-c91880f7c16d.extra_data.json,g1bnYRM2yN,25682,com.sec.android.app.shealth,6926604,86400000,99da99be-7631-427c-921e-c91880f7c16d,2026-03-21 00:00:00.000,
0,63110130,0,0,7157,300,4696873,90,0,63130130,2026-04-12 12:57:12.228,10,2026-03-22 03:00:00.888,0.0,30,30,-1,240000,86,18,0,8,5314.212,0,246.87167,8ebf009a-e532-4c72-aff2-a3e31e22cf94.extra_data.json,g1bnYRM2yN,8800,com.sec.android.app.shealth,4688073,86400000,8ebf009a-e532-4c72-aff2-a3e31e22cf94,2026-03-22 00:00:00.000,
0,63110130,0,0,10022,300,6365394,90,0,63130130,2026-04-12 12:57:11.743,10,2026-03-23 03:00:00.833,0.0,30,30,-1,540000,116,12,0,8,7537.2896,0,344.84082,68742d60-3169-4852-b236-a02e57788e81.extra_data.json,g1bnYRM2yN,22000,com.sec.android.app.shealth,6343394,86400000,68742d60-3169-4852-b236-a02e57788e81,2026-03-23 00:00:00.000,
0,63110130,0,0,7997,300,5239975,90,0,63130130,2026-04-12 12:57:11.361,10,2026-03-24 03:00:01.270,0.0,30,30,-1,180000,95,19,0,8,5967.015,0,280.23203,25f5e316-77de-4ab7-9e93-8a920cfbc85f.extra_data.json,g1bnYRM2yN,34400,com.sec.android.app.shealth,5205575,86400000,25f5e316-77de-4ab7-9e93-8a920cfbc85f,2026-03-24 00:00:00.000,
0,63110130,0,0,6142,300,3989687,90,0,63130130,2026-04-12 12:57:10.745,10,2026-03-25 03:00:00.924,0.0,30,30,-1,300000,72,14,0,8,4620.4316,0,217.30217,44f64f5f-e3ee-4fe0-aa5c-f809e43466f4.extra_data.json,g1bnYRM2yN,40800,com.sec.android.app.shealth,3948887,86400000,44f64f5f-e3ee-4fe0-aa5c-f809e43466f4,2026-03-25 00:00:00.000,
0,63110130,0,0,6541,300,4302845,90,0,63200010,2026-04-22 20:10:16.958,10,2026-03-26 03:00:01.272,0.0,30,30,-1,180000,78,15,0,8,4893.047,0,232.1043,335eaae1-2f24-4b73-8910-69b3e622a6df.extra_data.json,g1bnYRM2yN,24400,com.sec.android.app.shealth,4278445,86400000,335eaae1-2f24-4b73-8910-69b3e622a6df,2026-03-26 00:00:00.000,
0,63110130,0,0,6936,300,4522544,90,0,63200010,2026-04-22 20:10:16.645,10,2026-03-27 03:39:50.883,0.0,30,30,-1,240000,82,13,0,8,5232.619,0,247.57845,142f9bd1-55b0-47a2-af4e-a79102307eb5.extra_data.json,g1bnYRM2yN,46000,com.sec.android.app.shealth,4476544,86400000,142f9bd1-55b0-47a2-af4e-a79102307eb5,2026-03-27 00:00:00.000,
0,63130130,0,0,9453,300,6240658,90,0,63200010,2026-04-22 20:10:16.297,10,2026-03-28 03:52:41.478,0.0,30,30,-1,420000,114,17,0,8,7042.755,0,325.81253,7bc1d45b-ceea-409d-8b7e-78e8e2f9a708.extra_data.json,g1bnYRM2yN,30284,com.sec.android.app.shealth,6210374,86400000,7bc1d45b-ceea-409d-8b7e-78e8e2f9a708,2026-03-28 00:00:00.000,
0,63130130,0,0,9428,300,6151706,90,0,63200010,2026-04-26 00:11:21.188,10,2026-03-29 03:00:01.341,0.0,30,30,-1,540000,113,17,0,8,7054.5073,0,324.12488,254656a7-5cdf-4ae2-9783-208c508a36cd.extra_data.json,g1bnYRM2yN,30400,com.sec.android.app.shealth,6121306,86400000,254656a7-5cdf-4ae2-9783-208c508a36cd,2026-03-29 00:00:00.000,
0,63130130,0,0,9896,300,6515240,90,0,63200010,2026-04-26 16:49:57.944,10,2026-03-30 03:00:01.299,0.0,30,30,-1,240000,120,16,0,8,7344.2393,0,346.87457,c98a8773-0d5c-424f-9b30-08caa26d6f2b.extra_data.json,g1bnYRM2yN,25600,com.sec.android.app.shealth,6489640,86400000,c98a8773-0d5c-424f-9b30-08caa26d6f2b,2026-03-30 00:00:00.000,
0,63130130,0,0,7472,300,4921190,90,0,63200010,2026-04-27 17:04:22.073,10,2026-03-31 03:00:02.213,0.0,30,30,-1,180000,90,17,0,8,5580.4404,0,264.0034,b19b6281-64b7-4328-af40-f0df160ac1d4.extra_data.json,g1bnYRM2yN,12400,com.sec.android.app.shealth,4908790,86400000,b19b6281-64b7-4328-af40-f0df160ac1d4,2026-03-31 00:00:00.000,
0,63130130,0,0,7260,300,4782132,90,0,63200010,2026-04-27 17:04:21.821,10,2026-04-01 03:00:00.969,0.0,30,30,-1,360000,87,15,0,8,5376.1963,0,251.19545,afc4c213-af0d-42f0-8b8e-23e9ee35c96c.extra_data.json,g1bnYRM2yN,2800,com.sec.android.app.shealth,4779332,86400000,afc4c213-af0d-42f0-8b8e-23e9ee35c96c,2026-04-01 00:00:00.000,
0,63130130,0,0,8678,300,5770442,90,0,63200010,2026-04-27 17:04:21.605,10,2026-04-02 03:50:28.170,0.0,30,30,-1,60000,105,14,0,8,6454.5825,0,307.56165,60112894-d511-420b-88e5-25f2fa9cb830.extra_data.json,g1bnYRM2yN,23600,com.sec.android.app.shealth,5746842,86400000,60112894-d511-420b-88e5-25f2fa9cb830,2026-04-02 00:00:00.000,
0,63130130,0,0,9679,300,6310684,90,0,63200010,2026-04-27 17:04:21.382,10,2026-04-03 03:24:36.602,0.0,30,30,-1,960000,116,16,0,8,7144.4185,0,332.6855,8b4044ca-e50f-4e71-83ad-7d5b30319ecd.extra_data.json,g1bnYRM2yN,6800,com.sec.android.app.shealth,6303884,86400000,8b4044ca-e50f-4e71-83ad-7d5b30319ecd,2026-04-03 00:00:00.000,
0,63130130,0,0,8497,300,5428634,90,0,63200010,2026-05-01 15:45:57.155,10,2026-04-04 03:00:00.850,0.0,30,30,-1,480000,100,13,0,8,6357.408,0,293.03107,070d3291-fa82-4846-a3a1-9b6a62c68941.extra_data.json,g1bnYRM2yN,25200,com.sec.android.app.shealth,5403434,86400000,070d3291-fa82-4846-a3a1-9b6a62c68941,2026-04-04 00:00:00.000,
0,63130130,0,0,10580,300,6824974,90,0,63200010,2026-05-02 22:15:40.315,10,2026-04-05 03:00:00.954,0.0,30,30,-1,900000,125,16,0,8,7938.584,0,363.63763,4a66758f-a3ea-467a-adf9-c08972c11616.extra_data.json,g1bnYRM2yN,38580,com.sec.android.app.shealth,6786394,86400000,4a66758f-a3ea-467a-adf9-c08972c11616,2026-04-05 00:00:00.000,
0,63130130,0,0,10683,300,7039290,90,0,63200010,2026-05-03 22:53:07.234,10,2026-04-06 03:00:01.014,0.0,30,30,-1,240000,128,16,0,8,7917.8765,0,372.37708,fb536308-e249-4db1-ae12-aa287b821a4a.extra_data.json,g1bnYRM2yN,29600,com.sec.android.app.shealth,7009690,86400000,fb536308-e249-4db1-ae12-aa287b821a4a,2026-04-06 00:00:00.000,
0,63130130,0,0,8009,300,5254417,90,0,63200010,2026-05-05 02:10:15.485,10,2026-04-07 03:46:40.505,0.0,30,30,-1,180000,96,16,0,8,5984.133,0,282.2675,628e5fbd-be57-4956-bc35-54977ddffc0d.extra_data.json,g1bnYRM2yN,24800,com.sec.android.app.shealth,5229617,86400000,628e5fbd-be57-4956-bc35-54977ddffc0d,2026-04-07 00:00:00.000,
0,63130130,0,0,8373,300,5471859,90,0,63200010,2026-05-05 02:10:15.202,10,2026-04-08 03:00:02.018,0.0,30,30,-1,180000,100,15,0,8,6245.406,0,289.06012,f51a02e5-fa3c-465d-9fa2-9793a2e2e0dc.extra_data.json,g1bnYRM2yN,24800,com.sec.android.app.shealth,5447059,86400000,f51a02e5-fa3c-465d-9fa2-9793a2e2e0dc,2026-04-08 00:00:00.000,
0,63130130,0,0,9284,300,6124598,90,0,63200010,2026-05-05 02:10:14.932,10,2026-04-09 03:00:01.940,0.0,30,30,-1,240000,112,13,0,8,6938.717,0,322.38568,12e1c2d2-fe83-4aeb-bc87-e7745ed4d28d.extra_data.json,g1bnYRM2yN,26000,com.sec.android.app.shealth,6098598,86400000,12e1c2d2-fe83-4aeb-bc87-e7745ed4d28d,2026-04-09 00:00:00.000,
0,63130130,0,4076000,9220,300,9594768,90,4076000,63200010,2026-05-05 02:10:14.600,10,2026-04-10 03:00:11.784,0.0,30,30,-1,4111000,176,18,0,8,6355.8315,600000,746.9158,c503af7b-5eaf-485d-9858-1b9cd26bf418.extra_data.json,g1bnYRM2yN,40905,com.sec.android.app.shealth,5477863,86400000,c503af7b-5eaf-485d-9858-1b9cd26bf418,2026-04-10 00:00:00.000,
0,63130130,0,0,7800,300,5145921,90,0,63200010,2026-05-05 02:10:14.318,10,2026-04-11 03:55:27.616,0.0,30,30,-1,300000,94,14,0,8,5763.0625,0,271.17236,3885b8f9-27df-424c-95af-fa213d02f916.extra_data.json,g1bnYRM2yN,21600,com.sec.android.app.shealth,5124321,86400000,3885b8f9-27df-424c-95af-fa213d02f916,2026-04-11 00:00:00.000,
0,63130130,0,0,5345,300,3413249,90,0,63200010,2026-05-09 12:19:53.120,10,2026-04-12 03:01:29.586,0.0,30,30,-1,540000,62,14,0,8,3982.6272,0,182.58832,0c50668e-80e6-434a-affd-91c3f0565201.extra_data.json,g1bnYRM2yN,14000,com.sec.android.app.shealth,3399249,86400000,0c50668e-80e6-434a-affd-91c3f0565201,2026-04-12 00:00:00.000,
0,63130130,0,0,7315,300,4810364,90,0,63200010,2026-05-09 12:19:52.870,10,2026-04-13 03:00:01.090,0.0,30,30,-1,240000,87,18,0,8,5438.3022,0,251.31822,745d3697-8757-41cf-a929-8c2151a99f6a.extra_data.json,g1bnYRM2yN,13600,com.sec.android.app.shealth,4796764,86400000,745d3697-8757-41cf-a929-8c2151a99f6a,2026-04-13 00:00:00.000,
0,63130130,0,0,8972,300,5853817,90,0,63200010,2026-05-09 12:19:52.616,10,2026-04-14 03:00:01.364,0.0,30,30,-1,240000,107,16,0,8,6692.981,0,315.5814,3d61b8c1-4568-451c-844a-cf0f6a9144c3.extra_data.json,g1bnYRM2yN,15849,com.sec.android.app.shealth,5837968,86400000,3d61b8c1-4568-451c-844a-cf0f6a9144c3,2026-04-14 00:00:00.000,
0,63130130,0,0,6877,300,4507440,90,0,63200010,2026-05-09 12:19:52.262,10,2026-04-15 03:00:01.903,0.0,30,30,-1,240000,82,16,0,8,5126.6074,0,239.02226,7332b825-1de6-4e1b-bb99-183664f208f3.extra_data.json,g1bnYRM2yN,21035,com.sec.android.app.shealth,4486405,86400000,7332b825-1de6-4e1b-bb99-183664f208f3,2026-04-15 00:00:00.000,
0,63130130,0,0,5826,300,3792125,90,0,63200010,2026-05-09 12:19:51.941,10,2026-04-16 03:00:00.771,0.0,30,30,-1,300000,68,14,0,8,4383.3057,0,207.13988,0b276b95-cf32-4220-bde0-100b50b3a140.extra_data.json,g1bnYRM2yN,44096,com.sec.android.app.shealth,3748029,86400000,0b276b95-cf32-4220-bde0-100b50b3a140,2026-04-16 00:00:00.000,
0,63130130,0,0,4539,300,2990607,90,0,63200010,2026-05-09 12:19:51.634,10,2026-04-17 03:00:00.846,0.0,30,30,-1,240000,54,17,0,8,3379.571,0,158.32715,645ee04c-df13-49ab-a08e-9223b9f596a4.extra_data.json,g1bnYRM2yN,22000,com.sec.android.app.shealth,2968607,86400000,645ee04c-df13-49ab-a08e-9223b9f596a4,2026-04-17 00:00:00.000,
0,63130130,0,0,7426,300,4941603,90,0,63200010,2026-05-15 16:37:36.760,10,2026-04-18 03:00:01.026,0.0,30,30,-1,60000,91,13,0,8,5535.283,0,255.86333,be654a3e-c550-4e5a-bdbb-8a856776a3ec.extra_data.json,g1bnYRM2yN,13200,com.sec.android.app.shealth,4928403,86400000,be654a3e-c550-4e5a-bdbb-8a856776a3ec,2026-04-18 00:00:00.000,
0,63130130,0,0,4193,300,2744698,90,0,63200010,2026-05-17 00:57:54.365,10,2026-04-19 03:11:36.316,0.0,30,30,-1,600000,50,13,0,8,3131.269,0,146.0578,ee5f8ebd-38fd-43bf-b3e8-203f6e6bc8bd.extra_data.json,g1bnYRM2yN,7600,com.sec.android.app.shealth,2737098,86400000,ee5f8ebd-38fd-43bf-b3e8-203f6e6bc8bd,2026-04-19 00:00:00.000,
0,63130130,0,7222000,8945,300,12044083,90,7222000,63200010,2026-05-17 00:57:54.162,10,2026-04-20 03:00:02.433,0.0,30,30,-1,7222000,221,19,0,8,5460.1543,40000,989.24457,31bded6b-99e7-494e-aceb-e778c54eb507.extra_data.json,g1bnYRM2yN,26000,com.sec.android.app.shealth,4796083,86400000,31bded6b-99e7-494e-aceb-e778c54eb507,2026-04-20 00:00:00.000,
0,63130130,0,0,8855,300,5830012,90,0,63200010,2026-05-17 00:57:53.891,10,2026-04-21 03:00:01.322,0.0,30,30,-1,180000,106,15,0,8,6614.553,0,318.27533,a48abf26-8e89-4ecb-b11a-b65d9722c2ad.extra_data.json,g1bnYRM2yN,50000,com.sec.android.app.shealth,5780012,86400000,a48abf26-8e89-4ecb-b11a-b65d9722c2ad,2026-04-21 00:00:00.000,
0,63130130,0,0,5780,300,3736152,90,0,63200010,2026-05-19 17:22:37.445,10,2026-04-22 03:00:00.947,0.0,30,30,-1,360000,68,16,0,8,4303.138,0,200.30026,815a7e85-cac6-4c0f-b3d8-729efe2ac4da.extra_data.json,g1bnYRM2yN,10800,com.sec.android.app.shealth,3725352,86400000,815a7e85-cac6-4c0f-b3d8-729efe2ac4da,2026-04-22 00:00:00.000,
0,63200010,0,0,5238,300,3394826,90,0,63200010,2026-05-19 17:22:37.318,10,2026-04-23 03:00:01.007,0.0,30,30,-1,180000,62,12,0,8,3927.0667,0,181.26707,32e5fa70-777c-4809-b137-e57263a2bca9.extra_data.json,g1bnYRM2yN,14800,com.sec.android.app.shealth,3380026,86400000,32e5fa70-777c-4809-b137-e57263a2bca9,2026-04-23 00:00:00.000,
0,63200010,0,0,5199,300,3414495,90,0,63200010,2026-05-19 17:22:37.135,10,2026-04-24 03:00:01.128,0.0,30,30,-1,180000,62,12,0,8,3903.3135,0,183.40582,a0b251f2-8fc5-434a-9ad5-8f36943d9758.extra_data.json,g1bnYRM2yN,16400,com.sec.android.app.shealth,3398095,86400000,a0b251f2-8fc5-434a-9ad5-8f36943d9758,2026-04-24 00:00:00.000,
0,63200010,0,0,9746,300,6478199,90,0,63200010,2026-05-19 17:22:36.898,10,2026-04-25 03:00:02.423,0.0,30,30,-1,120000,118,17,0,8,7265.972,0,345.84683,9ae496ee-a3a6-4bdd-8cc0-ed344305da96.extra_data.json,g1bnYRM2yN,30400,com.sec.android.app.shealth,6447799,86400000,9ae496ee-a3a6-4bdd-8cc0-ed344305da96,2026-04-25 00:00:00.000,
0,63200010,0,0,12138,300,7613456,90,0,63200010,2026-05-23 23:55:55.563,10,2026-04-26 03:00:11.587,0.0,30,30,-1,660000,140,10,0,8,9122.43,0,409.2162,7c4784fd-0fca-44fe-b181-0658c1845439.extra_data.json,g1bnYRM2yN,7593,com.sec.android.app.shealth,7605863,86400000,7c4784fd-0fca-44fe-b181-0658c1845439,2026-04-26 00:00:00.000,
0,63200010,0,0,9144,300,5996711,90,0,63200010,2026-05-23 23:55:55.286,10,2026-04-27 03:29:48.438,0.0,30,30,-1,240000,110,17,0,8,6859.1772,0,318.85022,92433c02-a0b4-48c9-a6e2-cd4c83ad5fab.extra_data.json,g1bnYRM2yN,25600,com.sec.android.app.shealth,5971111,86400000,92433c02-a0b4-48c9-a6e2-cd4c83ad5fab,2026-04-27 00:00:00.000,
0,63200010,0,0,6139,300,3955135,90,0,63200010,2026-05-23 23:55:54.945,10,2026-04-28 03:00:01.448,0.0,30,30,-1,420000,72,12,0,8,4567.6567,0,211.0376,038f8423-4a8a-454d-aad2-f011ee32e598.extra_data.json,g1bnYRM2yN,10400,com.sec.android.app.shealth,3944735,86400000,038f8423-4a8a-454d-aad2-f011ee32e598,2026-04-28 00:00:00.000,
0,63200010,0,0,10407,300,6570060,90,0,63200010,2026-05-23 23:55:54.729,10,2026-04-29 03:34:19.637,0.0,30,30,-1,600000,121,18,0,8,7779.317,0,356.21954,1c4d5102-96c7-4dbb-9812-36cc36421177.extra_data.json,g1bnYRM2yN,21200,com.sec.android.app.shealth,6548860,86400000,1c4d5102-96c7-4dbb-9812-36cc36421177,2026-04-29 00:00:00.000,
0,63200010,0,0,6668,300,4342923,90,0,63200010,2026-05-23 23:55:54.127,10,2026-04-30 03:00:00.836,0.0,30,30,-1,360000,78,12,0,8,4985.512,0,234.50308,d7bc7683-104a-44e2-90e7-0c53b663bd35.extra_data.json,g1bnYRM2yN,28400,com.sec.android.app.shealth,4314523,86400000,d7bc7683-104a-44e2-90e7-0c53b663bd35,2026-04-30 00:00:00.000,
0,63200010,0,1624000,10038,300,7969453,90,1624374,63200010,2026-05-23 23:55:53.758,10,2026-05-01 03:06:20.163,0.0,30,30,-1,1544323,145,15,0,8,7275.3755,0,541.626,fe4c3a21-899f-4098-9b2d-f1a702cb9a0f.extra_data.json,g1bnYRM2yN,51200,com.sec.android.app.shealth,6293879,86400000,fe4c3a21-899f-4098-9b2d-f1a702cb9a0f,2026-05-01 00:00:00.000,
0,63200010,0,0,16114,300,10139844,90,0,63200010,2026-05-29 21:35:05.191,10,2026-05-02 03:00:02.536,0.0,30,30,-1,660000,186,17,0,8,12527.852,0,573.4797,82fc6bab-cfc4-453d-a08a-3f6a2273eeb6.extra_data.json,g1bnYRM2yN,353950,com.sec.android.app.shealth,9785894,86400000,82fc6bab-cfc4-453d-a08a-3f6a2273eeb6,2026-05-02 00:00:00.000,
0,63200010,0,0,6377,300,4129030,90,0,63200010,2026-05-29 21:35:04.180,10,2026-05-03 03:00:05.268,0.0,30,30,-1,480000,75,19,0,8,4765.3022,0,223.801,f723cac6-17c1-4f48-8bf1-6d66405b0b9a.extra_data.json,g1bnYRM2yN,14000,com.sec.android.app.shealth,4115030,86400000,f723cac6-17c1-4f48-8bf1-6d66405b0b9a,2026-05-03 00:00:00.000,
0,63200010,0,1821000,11186,300,8187099,90,1821000,63200010,2026-05-29 21:35:03.437,10,2026-05-04 03:22:21.686,0.0,30,30,-1,1821000,150,15,0,8,7338.0005,330000,537.1585,fce229b8-ed03-488b-aeec-76bc2aacaac0.extra_data.json,g1bnYRM2yN,32000,com.sec.android.app.shealth,6334099,86400000,fce229b8-ed03-488b-aeec-76bc2aacaac0,2026-05-04 00:00:00.000,
0,63200010,0,0,7551,300,4945334,90,0,63200010,2026-05-29 21:35:02.359,10,2026-05-05 03:00:00.808,0.0,30,30,-1,240000,91,16,0,8,5585.7812,0,263.32886,c6f2795e-de9b-4051-9ed0-48272a5a1c5e.extra_data.json,g1bnYRM2yN,15200,com.sec.android.app.shealth,4930134,86400000,c6f2795e-de9b-4051-9ed0-48272a5a1c5e,2026-05-05 00:00:00.000,
0,63200010,0,0,5094,300,3308707,90,0,63200010,2026-05-29 21:35:01.594,10,2026-05-06 03:00:08.256,0.0,30,30,-1,180000,60,15,0,8,3848.4363,0,179.25955,5b5f266a-fbfd-4eee-95e5-f4bf98c91b26.extra_data.json,g1bnYRM2yN,20000,com.sec.android.app.shealth,3288707,86400000,5b5f266a-fbfd-4eee-95e5-f4bf98c91b26,2026-05-06 00:00:00.000,
0,63200010,0,0,8122,300,5330615,90,0,63200010,2026-05-29 21:35:01.123,10,2026-05-07 03:00:01.084,0.0,30,30,-1,240000,97,16,0,8,6085.8965,0,286.72003,1dc38291-b84b-429e-bd23-70aa7c1b0441.extra_data.json,g1bnYRM2yN,35183,com.sec.android.app.shealth,5295432,86400000,1dc38291-b84b-429e-bd23-70aa7c1b0441,2026-05-07 00:00:00.000,
0,63200010,0,0,9335,300,6112024,90,0,63200010,2026-05-29 21:35:00.711,10,2026-05-08 03:46:48.334,0.0,30,30,-1,240000,112,17,0,8,6996.406,0,328.9954,ae334cc0-a752-48c3-9750-024e6a9825b3.extra_data.json,g1bnYRM2yN,40026,com.sec.android.app.shealth,6071998,86400000,ae334cc0-a752-48c3-9750-024e6a9825b3,2026-05-08 00:00:00.000,
0,63200010,0,0,7816,300,5044200,90,0,63200010,2026-05-29 21:35:00.309,10,2026-05-09 03:00:01.450,0.0,30,30,-1,420000,92,16,0,8,5837.1504,0,265.7775,98ede290-26c9-45a2-a72d-aa166337bee7.extra_data.json,g1bnYRM2yN,8800,com.sec.android.app.shealth,5035400,86400000,98ede290-26c9-45a2-a72d-aa166337bee7,2026-05-09 00:00:00.000,
0,63200010,0,0,3785,300,2501983,90,0,63200010,2026-06-06 04:47:53.261,10,2026-05-10 03:00:01.594,0.0,30,30,-1,120000,45,13,0,8,2834.4036,0,129.7649,0bc0fbec-f606-495a-944a-13a660fc283e.extra_data.json,g1bnYRM2yN,14800,com.sec.android.app.shealth,2487183,86400000,0bc0fbec-f606-495a-944a-13a660fc283e,2026-05-10 00:00:00.000,
0,63200010,0,0,10275,300,6672611,90,0,63200010,2026-06-06 04:47:53.051,10,2026-05-11 03:00:02.432,0.0,30,30,-1,300000,122,16,0,8,7695.6426,0,362.60223,62b65a3b-e9ec-4336-963b-8e6b5d553c90.extra_data.json,g1bnYRM2yN,42251,com.sec.android.app.shealth,6630360,86400000,62b65a3b-e9ec-4336-963b-8e6b5d553c90,2026-05-11 00:00:00.000,
0,63200010,0,0,6693,300,4292128,90,0,63200010,2026-06-06 04:47:52.752,10,2026-05-12 03:00:01.525,0.0,30,30,-1,420000,78,16,0,8,5000.5166,0,237.63019,0b264186-02c7-4441-acaf-92f0f106a780.extra_data.json,g1bnYRM2yN,24772,com.sec.android.app.shealth,4267356,86400000,0b264186-02c7-4441-acaf-92f0f106a780,2026-05-12 00:00:00.000,
0,63200010,0,0,5291,300,3509177,90,0,63200010,2026-06-06 04:47:40.913,10,2026-05-13 03:00:01.851,0.0,30,30,-1,60000,64,14,0,8,3968.0256,0,189.06645,45893605-bd3d-44fc-90c3-516359492396.extra_data.json,g1bnYRM2yN,26800,com.sec.android.app.shealth,3482377,86400000,45893605-bd3d-44fc-90c3-516359492396,2026-05-13 00:00:00.000,
0,63200010,0,0,8141,300,5284610,90,0,63200010,2026-06-06 04:47:37.559,10,2026-05-14 03:00:01.613,0.0,30,30,-1,480000,96,15,0,8,6056.311,0,281.75818,a309518c-5ede-4e47-9d55-c6562ae4b1cb.extra_data.json,g1bnYRM2yN,18700,com.sec.android.app.shealth,5265910,86400000,a309518c-5ede-4e47-9d55-c6562ae4b1cb,2026-05-14 00:00:00.000,
0,63200010,0,0,6204,300,4052642,90,0,63200010,2026-06-06 04:47:37.366,10,2026-05-15 03:00:01.239,0.0,30,30,-1,120000,73,15,0,8,4645.4175,0,216.00156,23edf272-4101-4fd0-9d20-2956719c18ae.extra_data.json,g1bnYRM2yN,33600,com.sec.android.app.shealth,4019042,86400000,23edf272-4101-4fd0-9d20-2956719c18ae,2026-05-15 00:00:00.000,
0,63200010,0,0,8657,300,5720164,90,0,63200010,2026-06-06 04:47:30.459,10,2026-05-16 03:00:02.859,0.0,30,30,-1,120000,104,18,0,8,6493.763,0,294.26096,2a699ed3-6e85-45dd-a141-2e5b4be9e1a8.extra_data.json,g1bnYRM2yN,22800,com.sec.android.app.shealth,5697364,86400000,2a699ed3-6e85-45dd-a141-2e5b4be9e1a8,2026-05-16 00:00:00.000,
0,63200010,0,0,5644,300,3654680,90,0,63200010,2026-06-06 04:47:30.209,10,2026-05-17 03:00:03.084,0.0,30,30,-1,180000,66,16,0,8,4262.4126,0,201.73154,b0496b82-5265-4016-b3a6-19e1f460d682.extra_data.json,g1bnYRM2yN,72763,com.sec.android.app.shealth,3581917,86400000,b0496b82-5265-4016-b3a6-19e1f460d682,2026-05-17 00:00:00.000,
0,63200010,0,0,4172,300,2743158,90,0,63200010,2026-06-06 04:47:29.824,10,2026-05-18 03:00:00.651,0.0,30,30,-1,180000,50,16,0,8,3139.074,0,158.06241,dbf8b96a-86b6-40da-a8bf-cedae7ad2780.extra_data.json,g1bnYRM2yN,39200,com.sec.android.app.shealth,2703958,86400000,dbf8b96a-86b6-40da-a8bf-cedae7ad2780,2026-05-18 00:00:00.000,
0,63200010,0,0,6879,300,4504779,90,0,63200010,2026-06-06 04:47:29.559,10,2026-05-19 03:00:00.936,0.0,30,30,-1,300000,82,16,0,8,5158.4863,0,242.38988,fd262689-1cfa-445d-a4c8-ddbdd5e95b34.extra_data.json,g1bnYRM2yN,31600,com.sec.android.app.shealth,4473179,86400000,fd262689-1cfa-445d-a4c8-ddbdd5e95b34,2026-05-19 00:00:00.000,
0,63200010,0,0,5689,300,3650578,90,0,63200010,2026-06-16 21:21:36.426,10,2026-05-20 03:00:02.512,0.0,30,30,-1,240000,66,13,0,8,4278.441,0,196.74783,2a609c09-86d7-41ed-994c-674e39881cf4.extra_data.json,g1bnYRM2yN,29585,com.sec.android.app.shealth,3620993,86400000,2a609c09-86d7-41ed-994c-674e39881cf4,2026-05-20 00:00:00.000,
0,63200010,0,0,5574,300,3653646,90,0,63200010,2026-06-17 03:35:41.214,10,2026-05-21 03:00:01.654,0.0,30,30,-1,180000,66,14,0,8,4161.543,0,192.69753,06a12f30-7e1e-4a9e-9b9c-f0ddd42e390d.extra_data.json,g1bnYRM2yN,26800,com.sec.android.app.shealth,3626846,86400000,06a12f30-7e1e-4a9e-9b9c-f0ddd42e390d,2026-05-21 00:00:00.000,
0,63200010,0,0,6793,300,4426446,90,0,63200010,2026-06-17 03:35:41.004,10,2026-05-22 03:00:02.176,0.0,30,30,-1,300000,81,17,0,8,5101.474,0,237.79214,b4fb16a2-69bf-4155-8289-c0e7d2b840c7.extra_data.json,g1bnYRM2yN,26000,com.sec.android.app.shealth,4400446,86400000,b4fb16a2-69bf-4155-8289-c0e7d2b840c7,2026-05-22 00:00:00.000,
0,63200010,0,0,8935,300,5921328,90,0,63200010,2026-06-19 12:38:23.420,10,2026-05-23 04:13:33.301,0.0,30,30,-1,60000,108,15,0,8,6675.8896,0,316.46896,ceffb4cc-da63-44f5-a471-c445395e167a.extra_data.json,g1bnYRM2yN,29200,com.sec.android.app.shealth,5892128,86400000,ceffb4cc-da63-44f5-a471-c445395e167a,2026-05-23 00:00:00.000,
0,63200010,0,0,4491,300,2978781,90,0,63200010,2026-06-20 13:05:40.005,10,2026-05-24 03:01:31.744,0.0,30,30,-1,60000,54,14,0,8,3362.0273,0,161.23239,6d5067ad-a2b7-4e35-9f71-a4640ca9ff0c.extra_data.json,g1bnYRM2yN,22000,com.sec.android.app.shealth,2956781,86400000,6d5067ad-a2b7-4e35-9f71-a4640ca9ff0c,2026-05-24 00:00:00.000,
0,63200010,0,0,6054,300,3967169,90,0,63200010,2026-06-21 14:14:29.459,10,2026-05-25 03:00:24.303,0.0,30,30,-1,180000,72,15,0,8,4494.794,0,212.54773,5992be57-d747-413c-8bc1-2be3b087fa68.extra_data.json,g1bnYRM2yN,20800,com.sec.android.app.shealth,3946369,86400000,5992be57-d747-413c-8bc1-2be3b087fa68,2026-05-25 00:00:00.000,
0,63200010,0,0,5874,300,3746763,90,0,63200010,2026-06-21 14:14:29.241,10,2026-05-26 03:11:25.842,0.0,30,30,-1,360000,68,16,0,8,4383.6553,0,207.6505,ebf61c5f-e6b4-4fdd-acea-d3bd3069bfeb.extra_data.json,g1bnYRM2yN,18292,com.sec.android.app.shealth,3728471,86400000,ebf61c5f-e6b4-4fdd-acea-d3bd3069bfeb,2026-05-26 00:00:00.000,
0,63200010,0,0,5701,300,3729846,90,0,63200010,2026-06-21 14:14:29.062,10,2026-05-27 03:00:01.870,0.0,30,30,-1,240000,67,16,0,8,4262.7305,0,203.89532,ec3d3edd-b6e6-40f6-b1de-0a5cfff731f8.extra_data.json,g1bnYRM2yN,29600,com.sec.android.app.shealth,3700246,86400000,ec3d3edd-b6e6-40f6-b1de-0a5cfff731f8,2026-05-27 00:00:00.000,
0,63200010,0,0,6382,300,4147951,90,0,63200010,2026-06-21 14:14:28.865,10,2026-05-28 03:00:45.305,0.0,30,30,-1,180000,75,16,0,8,4784.951,0,226.93034,2f046be6-f985-4820-90c2-f0620db4afb1.extra_data.json,g1bnYRM2yN,57600,com.sec.android.app.shealth,4090351,86400000,2f046be6-f985-4820-90c2-f0620db4afb1,2026-05-28 00:00:00.000,
0,63200010,0,0,6502,300,4234775,90,0,63200010,2026-06-21 14:14:28.700,10,2026-05-29 03:00:01.303,0.0,30,30,-1,240000,76,17,0,8,4915.6104,0,223.66948,4dbeb0c4-761e-4d62-a691-6650455a3b67.extra_data.json,g1bnYRM2yN,36400,com.sec.android.app.shealth,4198375,86400000,4dbeb0c4-761e-4d62-a691-6650455a3b67,2026-05-29 00:00:00.000,
0,63200010,0,0,6640,300,4386235,90,0,63200010,2026-06-21 14:14:28.509,10,2026-05-30 03:00:02.228,0.0,30,30,-1,120000,80,17,0,8,4979.204,0,229.45726,6197a1bd-3d96-4adc-afb6-546cbad6ef6e.extra_data.json,g1bnYRM2yN,27600,com.sec.android.app.shealth,4358635,86400000,6197a1bd-3d96-4adc-afb6-546cbad6ef6e,2026-05-30 00:00:00.000,
0,63200010,0,0,8675,300,5596752,90,0,63200010,2026-06-27 12:16:40.239,10,2026-05-31 03:00:02.299,0.0,30,30,-1,540000,102,15,0,8,6510.1973,0,294.93292,8d50e7ba-7219-4cf6-9330-8f29e8ae7388.extra_data.json,g1bnYRM2yN,17200,com.sec.android.app.shealth,5579552,86400000,8d50e7ba-7219-4cf6-9330-8f29e8ae7388,2026-05-31 00:00:00.000,
0,63200010,0,0,7435,300,4865407,90,0,63200010,2026-06-27 12:16:39.723,10,2026-06-01 03:00:01.350,0.0,30,30,-1,180000,88,16,0,8,5588.0625,0,264.32028,510aa394-440e-4dd3-a5af-e4a03a1c0825.extra_data.json,g1bnYRM2yN,29200,com.sec.android.app.shealth,4836207,86400000,510aa394-440e-4dd3-a5af-e4a03a1c0825,2026-06-01 00:00:00.000,
0,63200010,0,0,5750,300,3764191,90,0,63200010,2026-06-27 12:16:39.157,10,2026-06-02 03:02:52.136,0.0,30,30,-1,180000,68,15,0,8,4314.1553,0,203.67427,2bfda40f-3eb9-4e49-81d5-7b9e7f2b64b7.extra_data.json,g1bnYRM2yN,27200,com.sec.android.app.shealth,3736991,86400000,2bfda40f-3eb9-4e49-81d5-7b9e7f2b64b7,2026-06-02 00:00:00.000,
0,63200010,0,0,5013,300,3285278,90,0,70001070,2026-06-30 18:05:15.943,10,2026-06-03 03:00:14.545,0.0,30,30,-1,180000,60,14,0,8,3737.8154,0,172.2241,ae1d5299-1625-46ef-8036-721dd6e1ccc1.extra_data.json,g1bnYRM2yN,8000,com.sec.android.app.shealth,3277278,86400000,ae1d5299-1625-46ef-8036-721dd6e1ccc1,2026-06-03 00:00:00.000,
0,63200010,0,0,11113,300,7088285,90,0,70001070,2026-06-30 18:05:15.782,10,2026-06-04 03:01:37.464,0.0,30,30,-1,780000,130,17,0,8,8287.118,0,376.18814,8f41b5e6-a0a7-44de-840a-6a2b3a6743ff.extra_data.json,g1bnYRM2yN,35600,com.sec.android.app.shealth,7052685,86400000,8f41b5e6-a0a7-44de-840a-6a2b3a6743ff,2026-06-04 00:00:00.000,
0,63200010,0,0,11599,300,7293187,90,0,70001070,2026-06-30 18:05:15.691,10,2026-06-05 03:00:01.322,0.0,30,30,-1,840000,134,14,0,8,8975.542,0,407.1966,23c083f3-9474-445d-99b2-660778bb942d.extra_data.json,g1bnYRM2yN,186677,com.sec.android.app.shealth,7106510,86400000,23c083f3-9474-445d-99b2-660778bb942d,2026-06-05 00:00:00.000,
0,63200010,0,0,12507,300,8192406,90,0,70001070,2026-06-30 18:05:15.158,10,2026-06-06 03:04:21.814,0.0,30,30,-1,480000,150,16,0,8,9377.089,0,432.88098,442b0bb8-7927-4455-bd9d-a336d728ca98.extra_data.json,g1bnYRM2yN,43600,com.sec.android.app.shealth,8148806,86400000,442b0bb8-7927-4455-bd9d-a336d728ca98,2026-06-06 00:00:00.000,
0,63200010,0,0,8386,300,5567984,90,0,70001070,2026-07-04 16:28:29.810,10,2026-06-07 03:00:01.568,0.0,30,30,-1,120000,102,15,0,8,6283.821,0,291.94794,f4df8f6a-3e1f-4567-8d67-1b96d67d11e9.extra_data.json,g1bnYRM2yN,24000,com.sec.android.app.shealth,5543984,86400000,f4df8f6a-3e1f-4567-8d67-1b96d67d11e9,2026-06-07 00:00:00.000,
0,63200010,0,0,6552,300,4302192,90,0,70001070,2026-07-05 16:29:03.992,10,2026-06-08 03:00:02.921,0.0,30,30,-1,120000,78,16,0,8,4891.186,0,231.84065,94dd5172-bf5b-4a12-bc90-468964cbbc1b.extra_data.json,g1bnYRM2yN,29600,com.sec.android.app.shealth,4272592,86400000,94dd5172-bf5b-4a12-bc90-468964cbbc1b,2026-06-08 00:00:00.000,
0,63200010,0,0,8336,300,5450532,90,0,70001070,2026-07-06 10:45:30.132,10,2026-06-09 03:00:01.693,0.0,30,30,-1,420000,100,16,0,8,6188.012,0,293.1157,23bd0e43-6b01-4297-b6fe-0fd74bc55ad8.extra_data.json,g1bnYRM2yN,11200,com.sec.android.app.shealth,5439332,86400000,23bd0e43-6b01-4297-b6fe-0fd74bc55ad8,2026-06-09 00:00:00.000,
0,63200010,0,0,5683,300,3752175,90,0,70001070,2026-07-07 12:27:37.610,10,2026-06-10 03:00:00.743,0.0,30,30,-1,120000,68,16,0,8,4261.444,0,195.21657,998876ed-91dc-4d1e-8744-5e8329e02145.extra_data.json,g1bnYRM2yN,20400,com.sec.android.app.shealth,3731775,86400000,998876ed-91dc-4d1e-8744-5e8329e02145,2026-06-10 00:00:00.000,
0,63200010,0,0,3848,300,2507809,90,0,70001070,2026-07-08 10:19:51.952,10,2026-06-11 03:12:06.778,0.0,30,30,-1,180000,45,11,0,8,2855.2517,0,130.4111,198b1803-b1b6-466b-b413-74b739c5b65c.extra_data.json,g1bnYRM2yN,8800,com.sec.android.app.shealth,2499009,86400000,198b1803-b1b6-466b-b413-74b739c5b65c,2026-06-11 00:00:00.000,
0,63200010,0,0,5542,300,3613286,90,0,70001070,2026-07-09 17:06:07.110,10,2026-06-12 03:00:01.026,0.0,30,30,-1,240000,65,16,0,8,4181.25,0,194.35112,58e5113d-9017-4844-bad9-3b108485e545.extra_data.json,g1bnYRM2yN,26400,com.sec.android.app.shealth,3586886,86400000,58e5113d-9017-4844-bad9-3b108485e545,2026-06-12 00:00:00.000,
0,63200010,0,0,13630,300,9050524,90,0,70001070,2026-07-10 17:33:10.217,10,2026-06-13 03:04:45.856,0.0,30,30,-1,120000,166,18,0,8,10131.639,0,477.03668,cc7dad54-8b02-4bd7-baf3-3057391eeff9.extra_data.json,g1bnYRM2yN,24800,com.sec.android.app.shealth,9025724,86400000,cc7dad54-8b02-4bd7-baf3-3057391eeff9,2026-06-13 00:00:00.000,
0,63200010,0,0,13679,300,9078571,90,0,70001070,2026-07-10 17:33:09.472,10,2026-06-14 03:00:01.689,0.0,30,30,-1,120000,167,14,0,8,10200.99,0,466.00955,6d4b875d-6dfd-4145-8270-5cef75d16b22.extra_data.json,g1bnYRM2yN,12400,com.sec.android.app.shealth,9066171,86400000,6d4b875d-6dfd-4145-8270-5cef75d16b22,2026-06-14 00:00:00.000,
0,63200010,0,0,5379,300,3509467,90,0,70001070,2026-07-12 20:57:28.227,10,2026-06-15 03:00:01.557,0.0,30,30,-1,180000,63,16,0,8,4042.327,0,190.33327,a37308b8-ac18-4787-b82e-f9c1634a5940.extra_data.json,g1bnYRM2yN,34000,com.sec.android.app.shealth,3475467,86400000,a37308b8-ac18-4787-b82e-f9c1634a5940,2026-06-15 00:00:00.000,
0,63200010,0,0,5228,300,3409274,90,0,70001070,2026-07-12 20:57:27.984,10,2026-06-16 03:00:01.961,0.0,30,30,-1,360000,61,15,0,8,3915.4934,0,186.09792,d07108c8-6995-4550-981c-ac5025e57b5c.extra_data.json,g1bnYRM2yN,53200,com.sec.android.app.shealth,3356074,86400000,d07108c8-6995-4550-981c-ac5025e57b5c,2026-06-16 00:00:00.000,
0,63200010,0,0,3352,300,2223502,90,0,70001070,2026-07-15 01:51:22.346,10,2026-06-17 03:06:44.862,0.0,30,30,-1,48024,40,14,0,8,2530.3826,0,120.55588,9ea1bbd4-649c-4563-b55a-e287cf577818.extra_data.json,g1bnYRM2yN,18400,com.sec.android.app.shealth,2205102,86400000,9ea1bbd4-649c-4563-b55a-e287cf577818,2026-06-17 00:00:00.000,
0,63200010,0,0,3756,300,2474547,90,0,70001070,2026-07-15 01:51:22.091,10,2026-06-18 03:00:48.664,0.0,30,30,-1,50557,44,13,0,8,2827.8982,0,137.76048,639ee787-668d-4b43-8ec4-3334e1b39776.extra_data.json,g1bnYRM2yN,46000,com.sec.android.app.shealth,2428547,86400000,639ee787-668d-4b43-8ec4-3334e1b39776,2026-06-18 00:00:00.000,
0,63200010,0,0,4017,300,2656110,90,0,70001070,2026-07-16 18:06:34.188,10,2026-06-19 03:00:02.268,0.0,30,30,-1,60000,47,16,0,8,3001.786,0,151.81088,264c271a-70db-44d1-b794-b6babbf58d8a.extra_data.json,g1bnYRM2yN,34800,com.sec.android.app.shealth,2621310,86400000,264c271a-70db-44d1-b794-b6babbf58d8a,2026-06-19 00:00:00.000,
0,63200010,0,0,11351,300,7512440,90,0,70050090,2026-07-17 03:05:04.495,10,2026-06-20 03:00:01.733,0.0,30,30,-1,120000,137,16,0,8,8476.674,0,402.2341,a8e97c36-a127-4109-b417-c3fe81c4ab01.extra_data.json,g1bnYRM2yN,48800,com.sec.android.app.shealth,7463640,86400000,a8e97c36-a127-4109-b417-c3fe81c4ab01,2026-06-20 00:00:00.000,
0,63200010,0,0,13329,300,8723835,90,0,70050090,2026-07-17 03:05:04.366,10,2026-06-21 03:01:55.724,0.0,30,30,-1,480000,160,16,0,8,10036.7295,0,461.7923,2d13ce43-6b74-4282-9fcb-0be9d51bb167.extra_data.json,g1bnYRM2yN,90000,com.sec.android.app.shealth,8633835,86400000,2d13ce43-6b74-4282-9fcb-0be9d51bb167,2026-06-21 00:00:00.000,
0,63200010,0,0,5871,300,3869231,90,0,70050090,2026-07-17 03:05:04.215,10,2026-06-22 03:17:36.119,0.0,30,30,-1,120000,70,14,0,8,4419.9707,0,208.37213,6c8fb634-21d7-4b94-bcd4-198b67b41e18.extra_data.json,g1bnYRM2yN,38800,com.sec.android.app.shealth,3830431,86400000,6c8fb634-21d7-4b94-bcd4-198b67b41e18,2026-06-22 00:00:00.000,
0,63200010,0,0,5103,300,3258331,90,0,70050090,2026-07-17 03:05:04.065,10,2026-06-23 03:00:02.238,0.0,30,30,-1,300000,60,13,0,8,3831.8462,0,170.756,1c3c90e3-d6bd-45b1-b54c-e0e5066f9d04.extra_data.json,g1bnYRM2yN,8400,com.sec.android.app.shealth,3249931,86400000,1c3c90e3-d6bd-45b1-b54c-e0e5066f9d04,2026-06-23 00:00:00.000,
0,63200010,0,0,3920,300,2530559,90,0,70050090,2026-07-22 00:05:34.260,10,2026-06-24 03:00:36.420,0.0,30,30,-1,240000,45,11,0,8,3002.0676,0,142.28226,9a8351f4-40db-472c-b938-1a0c51289c32.extra_data.json,g1bnYRM2yN,44800,com.sec.android.app.shealth,2485759,86400000,9a8351f4-40db-472c-b938-1a0c51289c32,2026-06-24 00:00:00.000,
0,63200010,0,0,4165,300,2734992,90,0,70050090,2026-07-22 18:09:51.661,10,2026-06-25 03:02:06.308,0.0,30,30,-1,60000,48,16,0,8,3141.429,0,149.37137,950cf318-f3bc-40f1-a6d8-ba37efaf4903.extra_data.json,g1bnYRM2yN,36400,com.sec.android.app.shealth,2698592,86400000,950cf318-f3bc-40f1-a6d8-ba37efaf4903,2026-06-25 00:00:00.000,
0,63200010,0,0,559,300,371518,90,0,70050090,2026-07-22 18:09:51.518,10,2026-06-26 03:00:00.732,0.0,30,30,-1,38686,6,8,0,8,422.8551,0,17.838709,884b9ffa-1f41-452a-96f4-88738bb677b1.extra_data.json,g1bnYRM2yN,2000,com.sec.android.app.shealth,369518,86400000,884b9ffa-1f41-452a-96f4-88738bb677b1,2026-06-26 00:00:00.000,
0,63200010,0,0,9276,300,6100622,90,0,70050090,2026-07-24 15:09:12.129,10,2026-06-27 03:00:01.678,0.0,30,30,-1,180000,111,17,0,8,6949.981,0,320.0916,47c22c15-fece-48f1-8b32-23985930f045.extra_data.json,g1bnYRM2yN,47526,com.sec.android.app.shealth,6053096,86400000,47c22c15-fece-48f1-8b32-23985930f045,2026-06-27 00:00:00.000,
0,63200010,0,0,6178,300,4071710,90,0,70050090,2026-07-26 00:15:08.728,10,2026-06-28 03:15:41.939,0.0,30,30,-1,180000,74,16,0,8,4599.945,0,216.58553,0715fe9e-3bf9-4115-9fb2-f3e7bafe2f57.extra_data.json,g1bnYRM2yN,23200,com.sec.android.app.shealth,4048510,86400000,0715fe9e-3bf9-4115-9fb2-f3e7bafe2f57,2026-06-28 00:00:00.000,
0,63200010,0,0,6003,300,3879664,90,0,70050090,2026-07-26 19:10:52.904,10,2026-06-29 03:07:08.170,0.0,30,30,-1,360000,71,14,0,8,4536.1377,0,208.56905,7ddaf18c-d33e-491e-8dbb-98cb5d7c990a.extra_data.json,g1bnYRM2yN,36800,com.sec.android.app.shealth,3842864,86400000,7ddaf18c-d33e-491e-8dbb-98cb5d7c990a,2026-06-29 00:00:00.000,
0,63200010,0,0,3631,300,2411998,90,0,70050090,2026-07-26 19:10:52.697,10,2026-06-30 03:00:01.000,0.0,30,30,-1,60000,43,13,0,8,2700.3247,0,131.1725,51dfd282-485b-4df2-8d18-dc74ae687412.extra_data.json,g1bnYRM2yN,14800,com.sec.android.app.shealth,2397198,86400000,51dfd282-485b-4df2-8d18-dc74ae687412,2026-06-30 00:00:00.000,
0,70001070,0,0,4776,300,3045661,90,0,70050090,2026-07-28 19:34:07.724,10,2026-07-01 03:00:01.269,0.0,30,30,-1,180000,55,11,0,8,3607.9912,0,163.8927,949bf985-a314-46fa-86f0-14a1305cd281.extra_data.json,g1bnYRM2yN,42400,com.sec.android.app.shealth,3003261,86400000,949bf985-a314-46fa-86f0-14a1305cd281,2026-07-01 00:00:00.000,
0,70001070,0,0,7454,300,4821319,90,0,70060030,2026-07-30 01:45:22.886,10,2026-07-02 04:11:48.548,0.0,30,30,-1,240000,88,15,0,8,5578.745,0,256.27893,a0b09324-178b-4d59-88bd-725749205938.extra_data.json,g1bnYRM2yN,8000,com.sec.android.app.shealth,4813319,86400000,a0b09324-178b-4d59-88bd-725749205938,2026-07-02 00:00:00.000,
0,70001070,0,0,9133,300,5929875,90,0,70060030,2026-07-30 01:45:22.692,10,2026-07-03 03:00:00.715,0.0,30,30,-1,240000,108,16,0,8,6832.0894,0,318.74652,2e16a1fe-6393-42a4-874c-3e411785c2e0.extra_data.json,g1bnYRM2yN,33798,com.sec.android.app.shealth,5896077,86400000,2e16a1fe-6393-42a4-874c-3e411785c2e0,2026-07-03 00:00:00.000,
0,70001070,0,0,22079,300,14485545,90,0,70060030,2026-07-31 22:49:12.057,10,2026-07-04 04:17:06.730,0.0,30,30,-1,840000,266,21,0,8,16520.734,0,771.5613,8bd0bfde-ebce-4743-9841-51808be95cae.extra_data.json,g1bnYRM2yN,42800,com.sec.android.app.shealth,14442745,86400000,8bd0bfde-ebce-4743-9841-51808be95cae,2026-07-04 00:00:00.000,
0,70001070,0,0,5454,300,3582907,90,0,70060030,2026-08-01 17:46:55.061,10,2026-07-05 03:02:36.912,0.0,30,30,-1,120000,65,14,0,8,4076.5469,0,191.84285,fbf7e03e-c603-473b-93bd-f5b24123ebd1.extra_data.json,g1bnYRM2yN,14000,com.sec.android.app.shealth,3568907,86400000,fbf7e03e-c603-473b-93bd-f5b24123ebd1,2026-07-05 00:00:00.000,
0,70001070,0,0,10967,300,7134739,90,0,70060030,2026-08-01 17:46:53.586,10,2026-07-06 03:38:59.942,0.0,30,30,-1,540000,131,17,0,8,8256.914,0,377.29807,495f555f-31d6-4d80-94e5-ff34dee905e3.extra_data.json,g1bnYRM2yN,48826,com.sec.android.app.shealth,7085913,86400000,495f555f-31d6-4d80-94e5-ff34dee905e3,2026-07-06 00:00:00.000,
0,70001070,0,0,11983,300,7915545,90,0,70060030,2026-08-04 14:20:02.606,10,2026-07-08 03:00:01.094,0.0,30,30,-1,60000,145,15,0,8,9018.448,0,422.1355,15cdaaf5-b0cf-4aa4-a45e-cdd55c8e354b.extra_data.json,g1bnYRM2yN,61337,com.sec.android.app.shealth,7854208,86400000,15cdaaf5-b0cf-4aa4-a45e-cdd55c8e354b,2026-07-08 00:00:00.000,
0,70001070,0,4712000,9105,300,8019828,90,2682000,70060030,2026-08-05 11:55:39.616,10,2026-07-14 03:00:04.206,0.0,30,30,-1,2682000,146,16,0,8,6424.084,1200000,649.24567,20195d57-40a9-49f0-8b13-f29b26d3e183.extra_data.json,g1bnYRM2yN,8400,com.sec.android.app.shealth,5329428,86400000,20195d57-40a9-49f0-8b13-f29b26d3e183,2026-07-14 00:00:00.000,
0,70050090,0,0,8537,300,5631521,90,0,70060030,2026-08-05 11:55:37.676,10,2026-07-18 03:56:53.923,0.0,30,30,-1,180000,103,16,0,8,6335.6963,0,302.773,0886927a-9148-49b1-8b64-7b45dab18aa1.extra_data.json,g1bnYRM2yN,33600,com.sec.android.app.shealth,5597921,86400000,0886927a-9148-49b1-8b64-7b45dab18aa1,2026-07-18 00:00:00.000,
0,70050090,0,10809000,8898,300,14827344,90,10809000,70060030,2026-08-05 11:55:37.359,10,2026-07-19 03:00:10.109,0.0,30,30,-1,10809000,273,18,0,8,4507.523,200000,1321.0109,07d31ffc-1548-43f1-958d-2140ee37b305.extra_data.json,g1bnYRM2yN,13200,com.sec.android.app.shealth,4005144,86400000,07d31ffc-1548-43f1-958d-2140ee37b305,2026-07-19 00:00:00.000,
0,70050090,0,0,3745,300,2485069,90,0,70060030,2026-08-05 11:55:35.784,10,2026-07-23 03:00:01.555,0.0,30,30,-1,60000,45,15,0,8,2777.651,0,135.66264,0e3ff771-c116-494e-ad46-2050c8e0dd07.extra_data.json,g1bnYRM2yN,19200,com.sec.android.app.shealth,2465869,86400000,0e3ff771-c116-494e-ad46-2050c8e0dd07,2026-07-23 00:00:00.000,
0,70050090,0,0,5859,300,3760291,90,0,70060030,2026-08-05 11:55:34.848,10,2026-07-26 03:00:01.819,0.0,30,30,-1,540000,68,15,0,8,4363.538,0,204.42474,0682682c-bfa4-4d26-b3f5-168c324f2266.extra_data.json,g1bnYRM2yN,24390,com.sec.android.app.shealth,3735901,86400000,0682682c-bfa4-4d26-b3f5-168c324f2266,2026-07-26 00:00:00.000,
0,70050090,0,6688000,6230,300,10155027,90,6688000,70060030,2026-08-05 11:55:34.495,10,2026-07-27 03:00:02.627,0.0,30,30,-1,6688000,187,16,0,8,3891.3357,250000,873.9047,20118a29-b651-4de1-92d0-48998b6beafb.extra_data.json,g1bnYRM2yN,32800,com.sec.android.app.shealth,3434227,86400000,20118a29-b651-4de1-92d0-48998b6beafb,2026-07-27 00:00:00.000,
0,70050090,0,7211000,5090,300,9714489,90,7211000,70060030,2026-08-05 11:55:34.119,10,2026-07-28 03:30:59.294,0.0,30,30,-1,7211000,178,14,0,8,2793.9646,1540000,944.9216,8cb807a4-7c03-4a3b-9e40-e39aec0c3966.extra_data.json,g1bnYRM2yN,12800,com.sec.android.app.shealth,2490689,86400000,8cb807a4-7c03-4a3b-9e40-e39aec0c3966,2026-07-28 00:00:00.000,
0,70050090,0,0,1657,300,1090772,90,0,70060030,2026-08-05 11:55:33.480,10,2026-07-29 03:00:12.444,0.0,30,30,-1,60000,18,10,0,8,1253.1467,0,59.89776,68161cc5-2ae5-481e-b3ba-7a4008254bd6.extra_data.json,g1bnYRM2yN,19600,com.sec.android.app.shealth,1071172,86400000,68161cc5-2ae5-481e-b3ba-7a4008254bd6,2026-07-29 00:00:00.000,
0,70060030,0,0,9001,300,5834182,90,0,70060030,2026-08-05 12:11:39.506,10,2026-08-04 03:00:00.769,0.0,30,30,-1,540000,106,17,0,8,6757.929,0,318.76785,ebc58175-c1e0-4560-b416-e4743be911fd.extra_data.json,SUfFQTLN3q,28000,com.sec.android.app.shealth,5806182,86400000,ebc58175-c1e0-4560-b416-e4743be911fd,2026-08-04 00:00:00.000,
0,70060030,0,0,7075,300,4637301,90,0,70060030,2026-08-06 00:30:52.548,10,2026-08-05 03:00:01.587,0.0,30,30,-1,480000,85,12,0,8,5319.848,0,253.28618,31a8c6b5-cc41-496f-ab71-da64f42e1590.extra_data.json,SUfFQTLN3q,6800,com.sec.android.app.shealth,4630501,86400000,31a8c6b5-cc41-496f-ab71-da64f42e1590,2026-08-05 00:00:00.000,
