com.samsung.shealth.badge,7006003,1
number_of_streak,start_time,exercise_type,device_type,status,sleep_coaching_session_uuid,update_time,create_time,source_pkg_name,key,program_id,is_shown,time_offset,extra_data,deviceuuid,pkg_name,exercise_data_uuid,controller_id,end_time,datauuid
7,2025-11-04 03:00:00.000,,,1,,2025-11-10 15:57:54.331,2025-11-04 19:12:19.302,,step_streak_1_week_streak,,,UTC-0300,,g1bnYRM2yN,com.sec.android.app.shealth,,tracker.pedometer,2025-11-11 02:59:59.999,1cac59df-ce90-43fd-b9f6-87e1ccfedce3,
,2025-11-04 03:00:00.000,,100003,1,,2025-11-05 00:13:36.855,2025-11-05 00:13:36.855,com.sec.android.app.shealth,step_milestone_10k_steps,,,UTC-0300,7453.179239614983,g1bnYRM2yN,com.sec.android.app.shealth,,tracker.pedometer,2025-11-05 02:59:59.999,21acfff5-2a4d-43c6-a0e1-322aecb9f707,
1,2025-11-05 03:00:00.000,,,1,,2025-11-05 10:44:41.406,2025-11-05 10:44:41.406,,sleep_goal_first_sleep,,,UTC-0300,,g1bnYRM2yN,com.sec.android.app.shealth,,Sleep.Goal,2025-11-06 02:59:59.999,88eb46d8-fa82-4e09-9237-598e51147641,
4,2026-01-21 18:16:36.000,,,1,,2026-02-13 18:29:54.797,2025-11-05 18:27:16.610,,exercise_one_month_streak,,,UTC+0000,,g1bnYRM2yN,com.sec.android.app.shealth,66636338-5f34-305f-6234-353666383936,tracker.exercise,2026-02-13 14:54:19.000,366178fd-0542-4b39-9230-795a02251814,
1,2025-11-06 03:00:00.000,,,1,,2025-11-06 11:36:01.376,2025-11-06 11:36:01.376,,sleep_good_sleep,,,UTC-0300,,g1bnYRM2yN,com.sec.android.app.shealth,,Sleep.Goal,2025-11-07 02:59:59.999,11dc51d2-df72-4160-b11a-f6de088e5bee,
,2025-11-07 00:00:00.000,,,1,,2025-11-07 11:19:06.466,2025-11-07 11:19:06.466,,vitality_first_measure,,,UTC+0000,,g1bnYRM2yN,com.sec.android.app.shealth,,tracker.vitality,2025-11-07 00:00:00.000,f863a06d-8d49-46d9-a00e-117dd64e368b,
1,2025-11-09 03:00:00.000,,,1,,2025-11-09 10:49:27.730,2025-11-09 10:49:27.730,,sleep_excellent_sleep,,,UTC-0300,,g1bnYRM2yN,com.sec.android.app.shealth,,Sleep.Goal,2025-11-10 02:59:59.999,9e3a7e13-5df0-4d60-8089-632f7e8c0386,
0,1970-01-01 00:00:00.000,,,0,,2026-07-05 12:29:08.035,2025-11-09 10:49:27.983,,sleep_3_days_streak,,,UTC-0300,"1783306799999,1",g1bnYRM2yN,com.sec.android.app.shealth,,Sleep.Goal,2026-07-06 02:59:59.999,79a58e97-b8d4-47b9-9378-dafee6cbe7de,
14,2025-11-04 03:00:00.000,,,1,,2025-11-17 17:29:24.254,2025-11-11 03:02:00.960,,step_streak_2_week_streak,,,UTC-0300,,g1bnYRM2yN,com.sec.android.app.shealth,,tracker.pedometer,2025-11-18 02:59:59.999,49a3920b-2bea-4bea-831c-31e57438bf51,
1,2025-11-13 03:00:00.000,,,1,,2025-11-13 11:54:28.026,2025-11-13 11:54:28.026,,sleep_excellent_sleep,,,UTC-0300,,g1bnYRM2yN,com.sec.android.app.shealth,,Sleep.Goal,2025-11-14 02:59:59.999,d90a8589-9932-406d-b707-e88132234864,
1,2025-11-14 03:00:00.000,,,1,,2025-11-14 10:54:04.811,2025-11-14 10:54:04.811,,sleep_excellent_sleep,,,UTC-0300,,g1bnYRM2yN,com.sec.android.app.shealth,,Sleep.Goal,2025-11-15 02:59:59.999,4c4a1b27-8252-45ea-8269-badcc42a4c3a,
21,2025-11-04 00:00:00.000,,,1,,2025-11-24 21:37:31.367,2025-11-18 03:11:05.576,,step_streak_3_week_streak,,,UTC+0000,,g1bnYRM2yN,com.sec.android.app.shealth,,tracker.pedometer,2025-11-24 23:59:59.999,40818b8b-1776-41e1-9f69-39020c448790,
1,2025-11-20 03:00:00.000,,,1,,2025-11-20 12:20:46.178,2025-11-20 12:20:46.178,,sleep_excellent_sleep,,,UTC-0300,,g1bnYRM2yN,com.sec.android.app.shealth,,Sleep.Goal,2025-11-21 02:59:59.999,de535d0b-b629-4107-aae7-6f245b88159e,
1,2025-11-25 03:00:00.000,,,1,,2025-11-25 11:32:37.186,2025-11-25 11:32:37.186,,sleep_excellent_sleep,,,UTC-0300,,g1bnYRM2yN,com.sec.android.app.shealth,,Sleep.Goal,2025-11-26 02:59:59.999,870e9835-48a5-4537-af11-eb83715a34a0,
1,2025-11-27 03:00:00.000,,,1,,2025-11-27 12:16:59.262,2025-11-27 12:16:59.262,,sleep_excellent_sleep,,,UTC-0300,,g1bnYRM2yN,com.sec.android.app.shealth,,Sleep.Goal,2025-11-28 02:59:59.999,9e618e75-7868-47ad-9596-885141ee43bb,
1,2025-12-01 03:00:00.000,,,1,,2025-12-01 12:15:12.664,2025-12-01 12:15:12.664,,sleep_excellent_sleep,,,UTC-0300,,g1bnYRM2yN,com.sec.android.app.shealth,,Sleep.Goal,2025-12-02 02:59:59.999,d040f141-d351-4ca7-bb51-86eed4472d1e,
1,2025-12-21 03:00:00.000,,,1,,2025-12-21 15:43:10.419,2025-12-21 15:43:10.419,,sleep_excellent_sleep,,,UTC-0300,,g1bnYRM2yN,com.sec.android.app.shealth,,Sleep.Goal,2025-12-22 02:59:59.999,e65a60dc-22aa-4a25-bf1c-c0b6a129ba62,
1,2026-01-01 03:00:00.000,,,1,,2026-01-02 13:09:37.882,2026-01-02 13:09:37.882,,sleep_excellent_sleep,,,UTC-0300,,g1bnYRM2yN,com.sec.android.app.shealth,,Sleep.Goal,2026-01-02 02:59:59.999,5336d4f3-9185-456f-a8c4-9f33746492d6,
1,2026-01-16 03:00:00.000,,,1,,2026-01-16 10:34:42.468,2026-01-16 10:34:42.468,,sleep_excellent_sleep,,,UTC-0300,,g1bnYRM2yN,com.sec.android.app.shealth,,Sleep.Goal,2026-01-17 02:59:59.999,324a2256-6ab3-4a2e-831f-4e662de369d5,
1,2026-01-18 03:00:00.000,,,1,,2026-01-18 11:32:08.364,2026-01-18 11:32:08.364,,sleep_excellent_sleep,,,UTC-0300,,g1bnYRM2yN,com.sec.android.app.shealth,,Sleep.Goal,2026-01-19 02:59:59.999,a96e925c-63df-4e5c-8882-62ff93ac33a7,
1,2026-01-22 03:00:00.000,,,1,,2026-01-22 11:54:33.182,2026-01-22 11:54:33.182,,sleep_excellent_sleep,,,UTC-0300,,g1bnYRM2yN,com.sec.android.app.shealth,,Sleep.Goal,2026-01-23 02:59:59.999,44633a1c-1898-4b22-8b03-31edbd78d14c,
1,2026-01-28 03:00:00.000,,,1,,2026-01-28 11:42:02.650,2026-01-28 11:42:02.650,,sleep_excellent_sleep,,,UTC-0300,,g1bnYRM2yN,com.sec.android.app.shealth,,Sleep.Goal,2026-01-29 02:59:59.999,1c958323-1d8d-439e-adf7-cf3543e091a2,
1,2026-02-08 03:00:00.000,,,1,,2026-02-08 11:54:01.508,2026-02-08 11:54:01.508,,sleep_excellent_sleep,,,UTC-0300,,g1bnYRM2yN,com.sec.android.app.shealth,,Sleep.Goal,2026-02-09 02:59:59.999,431caaef-14b4-4d3d-b6f3-3c323f66db41,
3,2026-07-14 10:30:40.000,,,2,,2026-07-29 00:06:54.340,2026-02-13 18:29:54.841,,exercise_three_month_streak,,,UTC+0000,,g1bnYRM2yN,com.sec.android.app.shealth,36343666-5f32-345f-3331-386437366136,tracker.exercise,2026-07-27 19:13:39.000,d695399f-e090-46f7-a2d2-29a19e67f0d9,
1,2026-02-23 00:00:00.000,,,0,,2026-08-05 03:02:47.703,2026-02-24 03:01:10.296,,water_7_days_streak,,,UTC-0300,,g1bnYRM2yN,com.sec.android.app.shealth,,tracker.water,2026-02-23 23:59:59.999,5b91d76b-8c54-4d54-894e-aa01e4a27cfa,
1,2026-03-05 03:00:00.000,,,1,,2026-03-05 12:24:42.416,2026-03-05 12:24:42.416,,sleep_excellent_sleep,,,UTC-0300,,g1bnYRM2yN,com.sec.android.app.shealth,,Sleep.Goal,2026-03-06 02:59:59.999,3aea9854-7186-4afa-af5e-359071f8823e,
1,2026-03-10 03:00:00.000,,,1,,2026-03-10 11:18:30.760,2026-03-10 11:18:30.760,,sleep_excellent_sleep,,,UTC-0300,,g1bnYRM2yN,com.sec.android.app.shealth,,Sleep.Goal,2026-03-11 02:59:59.999,bcb3d37f-d8fa-46f5-b5ed-26a44484650f,
1,2026-03-12 03:00:00.000,,,1,,2026-03-12 12:56:02.987,2026-03-12 12:56:02.987,,sleep_excellent_sleep,,,UTC-0300,,g1bnYRM2yN,com.sec.android.app.shealth,,Sleep.Goal,2026-03-13 02:59:59.999,ebbbe7f0-b8e9-42dc-b8f1-a4571e0d3039,
1,2026-03-30 03:00:00.000,,,1,,2026-03-30 11:59:06.235,2026-03-30 11:59:06.235,,sleep_excellent_sleep,,,UTC-0300,,g1bnYRM2yN,com.sec.android.app.shealth,,Sleep.Goal,2026-03-31 02:59:59.999,d96aa1f7-89a4-46b2-87c8-db575aa0f70f,
1,2026-04-04 03:00:00.000,,,1,,2026-04-04 13:47:05.416,2026-04-04 13:47:05.416,,sleep_excellent_sleep,,,UTC-0300,,g1bnYRM2yN,com.sec.android.app.shealth,,Sleep.Goal,2026-04-05 02:59:59.999,266625f1-3b0b-4044-af0b-6c01024c9631,
1,2026-04-09 03:00:00.000,,,1,,2026-04-09 10:39:57.374,2026-04-09 10:39:57.374,,sleep_excellent_sleep,,,UTC-0300,,g1bnYRM2yN,com.sec.android.app.shealth,,Sleep.Goal,2026-04-10 02:59:59.999,fa138dbf-ce20-4478-9a0b-1082dc27f83f,
1,2026-04-16 03:00:00.000,,,1,,2026-04-16 12:48:05.403,2026-04-16 12:48:05.403,,sleep_excellent_sleep,,,UTC-0300,,g1bnYRM2yN,com.sec.android.app.shealth,,Sleep.Goal,2026-04-17 02:59:59.999,50f81768-3d8d-47b0-be2c-064aa2e46cc8,
,2026-05-02 01:46:30.194,12001,,1,,2026-05-02 02:12:15.073,2026-05-02 02:12:15.073,,exercise_goal_first_achieve,,,UTC-0300,,g1bnYRM2yN,com.sec.android.app.shealth,ddec0c5d-4082-41cc-b55c-fb86c4eb512a,tracker.exercise,2026-05-02 02:12:14.517,f6add60c-69e2-44fa-bacd-7b196d625ea6,
1,2026-05-10 03:00:00.000,,,1,,2026-05-10 13:32:39.970,2026-05-10 13:32:39.970,,sleep_excellent_sleep,,,UTC-0300,,g1bnYRM2yN,com.sec.android.app.shealth,,Sleep.Goal,2026-05-11 02:59:59.999,35ceb24a-413d-402d-8966-689a58551075,
1,2026-05-17 03:00:00.000,,,1,,2026-05-17 13:03:39.242,2026-05-17 13:03:39.242,,sleep_excellent_sleep,,,UTC-0300,,g1bnYRM2yN,com.sec.android.app.shealth,,Sleep.Goal,2026-05-18 02:59:59.999,cf031ff3-eb0c-4dc6-88d2-97351d25b790,
1,2026-05-21 03:00:00.000,,,1,,2026-05-21 13:27:40.663,2026-05-21 13:27:40.663,,sleep_excellent_sleep,,,UTC-0300,,g1bnYRM2yN,com.sec.android.app.shealth,,Sleep.Goal,2026-05-22 02:59:59.999,ea3ace59-8c4b-4d48-b5d5-75d22ee1320c,
1,2026-05-23 03:00:00.000,,,1,,2026-05-23 15:08:51.170,2026-05-23 15:08:51.170,,sleep_excellent_sleep,,,UTC-0300,,g1bnYRM2yN,com.sec.android.app.shealth,,Sleep.Goal,2026-05-24 02:59:59.999,d10ac368-17b0-40d8-b920-8b993c1fd44e,
1,2026-06-01 03:00:00.000,,,1,,2026-06-01 11:01:17.073,2026-06-01 11:01:17.073,,sleep_excellent_sleep,,,UTC-0300,,g1bnYRM2yN,com.sec.android.app.shealth,,Sleep.Goal,2026-06-02 02:59:59.999,af5df41c-10c7-4b5b-bcef-063be72e4d3a,
1,2026-06-09 03:00:00.000,,,1,,2026-06-09 13:23:36.452,2026-06-09 13:23:36.452,,sleep_excellent_sleep,,,UTC-0300,,g1bnYRM2yN,com.sec.android.app.shealth,,Sleep.Goal,2026-06-10 02:59:59.999,64c8d9aa-0b04-4577-a5cb-007c7d14a2ff,
1,2026-06-18 03:00:00.000,,,1,,2026-06-18 13:36:31.146,2026-06-18 13:36:31.146,,sleep_excellent_sleep,,,UTC-0300,,g1bnYRM2yN,com.sec.android.app.shealth,,Sleep.Goal,2026-06-19 02:59:59.999,243f4731-7626-4275-ab33-7397d3b7ff51,
1,2026-06-20 03:00:00.000,,,1,,2026-06-20 13:05:31.926,2026-06-20 13:05:31.926,,sleep_excellent_sleep,,,UTC-0300,,g1bnYRM2yN,com.sec.android.app.shealth,,Sleep.Goal,2026-06-21 02:59:59.999,5b9d98a0-7c4f-4185-a0e1-03db1f6d2384,
1,2026-06-21 03:00:00.000,,,1,,2026-06-21 14:37:19.860,2026-06-21 14:37:19.860,,sleep_excellent_sleep,,,UTC-0300,,g1bnYRM2yN,com.sec.android.app.shealth,,Sleep.Goal,2026-06-22 02:59:59.999,76e786d9-2bf5-4ead-9c83-53459ea88502,
1,2026-06-26 03:00:00.000,,,1,,2026-06-27 12:16:25.392,2026-06-27 12:16:25.392,,sleep_excellent_sleep,,,UTC-0300,,g1bnYRM2yN,com.sec.android.app.shealth,,Sleep.Goal,2026-06-27 02:59:59.999,9821f4e3-c55d-491d-9dbd-16ae4f730165,
1,2026-06-28 03:00:00.000,,,1,,2026-06-28 14:14:24.834,2026-06-28 14:14:24.834,,sleep_excellent_sleep,,,UTC-0300,,g1bnYRM2yN,com.sec.android.app.shealth,,Sleep.Goal,2026-06-29 02:59:59.999,eac13962-1dde-4dad-8f4d-35d9e387fc1b,
,2026-07-04 03:00:00.000,,100003,1,,2026-07-05 01:22:15.845,2026-07-05 01:22:15.845,com.sec.android.app.shealth,step_milestone_20k_steps,,,UTC-0300,15182.10713486775,g1bnYRM2yN,com.sec.android.app.shealth,,tracker.pedometer,2026-07-05 02:59:59.999,52663c0e-8f99-445a-bd3d-7cbbcde08825,
1,2026-07-05 03:00:00.000,,,1,,2026-07-05 12:29:07.939,2026-07-05 12:29:07.939,,sleep_excellent_sleep,,,UTC-0300,,g1bnYRM2yN,com.sec.android.app.shealth,,Sleep.Goal,2026-07-06 02:59:59.999,319c5f5d-18d7-45a4-b3fd-448471bf689c,
36,2026-07-16 22:56:43.971,1002,,2,,2026-07-16 22:56:50.105,2026-07-16 22:56:50.105,,running_100K_accumulated,,,UTC-0300,,g1bnYRM2yN,com.sec.android.app.shealth,dc20203c-e3d0-4b67-840c-b8cf2cab7370,tracker.exercise,2026-07-16 22:56:49.971,7b288296-a4a7-4c80-ada9-e0056dc4fff0,
1,2026-07-31 03:00:00.000,,,1,,2026-07-31 11:32:26.740,2026-07-31 11:32:26.740,,sleep_excellent_sleep,,,UTC-0300,,g1bnYRM2yN,com.sec.android.app.shealth,,Sleep.Goal,2026-08-01 02:59:59.999,c4e7d422-da00-43e6-8133-57a475990cff,
4,2026-08-02 00:00:00.000,,,2,,2026-08-05 23:42:03.007,2026-08-01 02:39:54.425,,step_streak_4_week_streak,,,UTC+0000,,SUfFQTLN3q,com.sec.android.app.shealth,,tracker.pedometer,2026-08-05 23:59:59.999,e3865efd-d42b-4cc5-b326-5c5d864f4be0,
0,2026-08-01 00:00:00.000,,,2,,2026-08-06 00:31:35.373,2026-08-03 20:40:03.893,,daily_activity_month_streak_aug,,,UTC+0000,{"a":false},SUfFQTLN3q,com.sec.android.app.shealth,,tracker.daily_activity,2026-08-05 00:00:00.000,4afbe836-5cbc-43ab-a64c-31cb13737eb9,
