com.samsung.shealth.calories_burned.details,7006003,4
active_calories_goal,version,extra_data,exercise_calories,total_exercise_calories,com.samsung.shealth.calories_burned.create_sh_ver,com.samsung.shealth.calories_burned.tef_calorie,com.samsung.shealth.calories_burned.active_time,com.samsung.shealth.calories_burned.rest_calorie,com.samsung.shealth.calories_burned.modify_sh_ver,com.samsung.shealth.calories_burned.update_time,com.samsung.shealth.calories_burned.create_time,com.samsung.shealth.calories_burned.active_calorie,com.samsung.shealth.calories_burned.deviceuuid,com.samsung.shealth.calories_burned.pkg_name,com.samsung.shealth.calories_burned.datauuid,com.samsung.shealth.calories_burned.day_time
,,2cca8837-683c-4420-9f39-ec6cd57f3c99.extra_data.json,,0.0,63051050,0.0,8687514,1416.9918,63060070,2025-11-25 20:04:56.035,2025-11-04 19:11:55.261,485.9863,g1bnYRM2yN,com.sec.android.app.shealth,2cca8837-683c-4420-9f39-ec6cd57f3c99,2025-11-04 00:00:00.000,
,,1cf9bbc2-034a-4305-9a52-d8615e4dd5d7.extra_data.json,,0.0,63051050,0.0,0,1655.7799,63051050,2025-11-04 19:12:14.096,2025-11-04 19:11:58.226,0.0,g1bnYRM2yN,com.sec.android.app.shealth,1cf9bbc2-034a-4305-9a52-d8615e4dd5d7,2025-10-08 00:00:00.000,
,,c43391b2-36cc-4ab6-8f69-73da35dce24c.extra_data.json,,0.0,63051050,0.0,0,1655.7799,63051050,2025-11-06 00:00:44.743,2025-11-04 19:11:58.228,0.0,g1bnYRM2yN,com.sec.android.app.shealth,c43391b2-36cc-4ab6-8f69-73da35dce24c,2025-10-09 00:00:00.000,
,,b093a456-ad0a-4211-bcb1-120730b65a69.extra_data.json,,0.0,63051050,0.0,0,1655.7799,63051050,2025-11-06 12:02:43.063,2025-11-04 19:11:58.229,0.0,g1bnYRM2yN,com.sec.android.app.shealth,b093a456-ad0a-4211-bcb1-120730b65a69,2025-10-10 00:00:00.000,
,,4d8bd4e9-0862-4a91-846f-2cb1fe5fab8b.extra_data.json,,0.0,63051050,0.0,0,1655.7799,63051050,2025-11-06 12:02:43.095,2025-11-04 19:11:58.230,0.0,g1bnYRM2yN,com.sec.android.app.shealth,4d8bd4e9-0862-4a91-846f-2cb1fe5fab8b,2025-10-11 00:00:00.000,
,,628fc3e6-428c-4ab5-ab18-9e6f26aa7733.extra_data.json,,0.0,63051050,0.0,0,1655.7799,63051050,2025-11-06 12:02:43.134,2025-11-04 19:11:58.366,0.0,g1bnYRM2yN,com.sec.android.app.shealth,628fc3e6-428c-4ab5-ab18-9e6f26aa7733,2025-10-12 00:00:00.000,
,,8f988ff1-cd22-4968-8508-fbb470f8302b.extra_data.json,,0.0,63051050,0.0,0,1655.7799,63051050,2025-11-09 22:20:53.951,2025-11-04 19:11:58.368,0.0,g1bnYRM2yN,com.sec.android.app.shealth,8f988ff1-cd22-4968-8508-fbb470f8302b,2025-10-13 00:00:00.000,
,,b10a0fa7-425c-4a78-b921-f756f7ca93e6.extra_data.json,,0.0,63051050,0.0,0,1655.7799,63051050,2025-11-11 02:39:04.124,2025-11-04 19:11:58.370,0.0,g1bnYRM2yN,com.sec.android.app.shealth,b10a0fa7-425c-4a78-b921-f756f7ca93e6,2025-10-14 00:00:00.000,
,,5d1626a9-ad78-4732-8ab3-a898ce0888c1.extra_data.json,,0.0,63051050,0.0,0,1655.7799,63051050,2025-11-11 22:27:55.825,2025-11-04 19:11:58.410,0.0,g1bnYRM2yN,com.sec.android.app.shealth,5d1626a9-ad78-4732-8ab3-a898ce0888c1,2025-10-15 00:00:00.000,
,,dbd4f27a-e179-4f9c-9267-fffa57f144b7.extra_data.json,,0.0,63051050,0.0,0,1655.7799,63051050,2025-11-11 22:27:55.839,2025-11-04 19:11:58.427,0.0,g1bnYRM2yN,com.sec.android.app.shealth,dbd4f27a-e179-4f9c-9267-fffa57f144b7,2025-10-16 00:00:00.000,
,,d0101f76-6f0f-4edc-a9a9-30d7c6cb7ced.extra_data.json,,0.0,63051050,0.0,0,1655.7799,63051050,2025-11-11 22:27:55.854,2025-11-04 19:11:58.447,0.0,g1bnYRM2yN,com.sec.android.app.shealth,d0101f76-6f0f-4edc-a9a9-30d7c6cb7ced,2025-10-17 00:00:00.000,
,,ec4a5022-e02d-4b8f-a961-775b734fac9e.extra_data.json,,0.0,63051050,0.0,0,1655.7799,63051050,2025-11-11 22:27:55.875,2025-11-04 19:11:58.451,0.0,g1bnYRM2yN,com.sec.android.app.shealth,ec4a5022-e02d-4b8f-a961-775b734fac9e,2025-10-18 00:00:00.000,
,,671453af-ce66-4ee9-89ec-8f9a29a546ff.extra_data.json,,0.0,63051050,0.0,0,1655.7799,63051050,2025-11-11 22:27:55.880,2025-11-04 19:11:58.453,0.0,g1bnYRM2yN,com.sec.android.app.shealth,671453af-ce66-4ee9-89ec-8f9a29a546ff,2025-10-19 00:00:00.000,
,,e44e1f85-67e0-4d1f-a7cd-c0e7a4a64351.extra_data.json,,0.0,63051050,0.0,0,1655.7799,63051050,2025-11-11 22:27:55.892,2025-11-04 19:11:58.457,0.0,g1bnYRM2yN,com.sec.android.app.shealth,e44e1f85-67e0-4d1f-a7cd-c0e7a4a64351,2025-10-20 00:00:00.000,
,,38a1a2e4-1e6c-428d-ae99-677e8364fc10.extra_data.json,,0.0,63051050,0.0,0,1655.7799,63051050,2025-11-11 22:27:55.906,2025-11-04 19:11:58.458,0.0,g1bnYRM2yN,com.sec.android.app.shealth,38a1a2e4-1e6c-428d-ae99-677e8364fc10,2025-10-21 00:00:00.000,
,,8f4d7132-a3fd-4300-b633-ecde75522be7.extra_data.json,,0.0,63051050,0.0,0,1655.7799,63051050,2025-11-11 22:27:55.918,2025-11-04 19:11:58.458,0.0,g1bnYRM2yN,com.sec.android.app.shealth,8f4d7132-a3fd-4300-b633-ecde75522be7,2025-10-22 00:00:00.000,
,,4e5887a7-e5b6-4929-9baa-8cb7afdced8d.extra_data.json,,0.0,63051050,0.0,0,1655.7799,63051050,2025-11-11 22:27:55.929,2025-11-04 19:11:58.459,0.0,g1bnYRM2yN,com.sec.android.app.shealth,4e5887a7-e5b6-4929-9baa-8cb7afdced8d,2025-10-23 00:00:00.000,
,,3e26cdf2-e63a-4f96-ab2b-b7b8eb312f06.extra_data.json,,0.0,63051050,0.0,0,1655.7799,63051050,2025-11-11 22:27:55.945,2025-11-04 19:11:58.460,0.0,g1bnYRM2yN,com.sec.android.app.shealth,3e26cdf2-e63a-4f96-ab2b-b7b8eb312f06,2025-10-24 00:00:00.000,
,,2e3748ff-a202-4691-8ced-4fbc8c7bc900.extra_data.json,,0.0,63051050,0.0,0,1655.7799,63060070,2025-11-21 13:16:55.048,2025-11-04 19:11:58.461,0.0,g1bnYRM2yN,com.sec.android.app.shealth,2e3748ff-a202-4691-8ced-4fbc8c7bc900,2025-10-25 00:00:00.000,
,,c1f92dc5-40ce-4910-8cc9-fcc9f46e9b78.extra_data.json,,0.0,63051050,0.0,0,1655.7799,63060070,2025-11-21 13:16:55.230,2025-11-04 19:11:58.464,0.0,g1bnYRM2yN,com.sec.android.app.shealth,c1f92dc5-40ce-4910-8cc9-fcc9f46e9b78,2025-10-26 00:00:00.000,
,,d4ea7a21-a62c-48e9-8da6-839fa7ae8bbf.extra_data.json,,0.0,63051050,0.0,0,1655.7799,63060070,2025-11-21 13:16:55.306,2025-11-04 19:11:58.467,0.0,g1bnYRM2yN,com.sec.android.app.shealth,d4ea7a21-a62c-48e9-8da6-839fa7ae8bbf,2025-10-27 00:00:00.000,
,,d42ad3dc-6da6-44ed-bd29-db2fd7fe25be.extra_data.json,,0.0,63051050,0.0,0,1655.7799,63060070,2025-11-21 13:16:55.429,2025-11-04 19:11:58.496,0.0,g1bnYRM2yN,com.sec.android.app.shealth,d42ad3dc-6da6-44ed-bd29-db2fd7fe25be,2025-10-28 00:00:00.000,
,,a1089f5b-7377-4c93-b640-49550a992020.extra_data.json,,0.0,63051050,0.0,0,1575.3978,63060070,2025-11-25 20:04:50.174,2025-11-04 19:11:58.497,0.0,g1bnYRM2yN,com.sec.android.app.shealth,a1089f5b-7377-4c93-b640-49550a992020,2025-10-29 00:00:00.000,
,,30b2729e-e16d-410e-b263-b667144691b1.extra_data.json,,0.0,63051050,0.0,0,1575.3978,63060070,2025-11-25 20:04:52.085,2025-11-04 19:11:58.497,0.0,g1bnYRM2yN,com.sec.android.app.shealth,30b2729e-e16d-410e-b263-b667144691b1,2025-10-30 00:00:00.000,
,,6ae274d0-f1fc-432d-b090-47157e2a7566.extra_data.json,,0.0,63051050,0.0,0,1575.3978,63060070,2025-11-25 20:04:52.590,2025-11-04 19:11:58.498,0.0,g1bnYRM2yN,com.sec.android.app.shealth,6ae274d0-f1fc-432d-b090-47157e2a7566,2025-10-31 00:00:00.000,
,,33127dd1-d748-44c7-b8e9-2c5e2edfaf66.extra_data.json,,0.0,63051050,0.0,0,1575.3978,63060070,2025-11-25 20:04:53.896,2025-11-04 19:11:58.500,0.0,g1bnYRM2yN,com.sec.android.app.shealth,33127dd1-d748-44c7-b8e9-2c5e2edfaf66,2025-11-01 00:00:00.000,
,,29eb84e0-dd6c-401a-8c88-0e6ad8ebf17f.extra_data.json,,0.0,63051050,0.0,0,1575.3978,63060070,2025-11-25 20:04:54.310,2025-11-04 19:11:58.502,0.0,g1bnYRM2yN,com.sec.android.app.shealth,29eb84e0-dd6c-401a-8c88-0e6ad8ebf17f,2025-11-02 00:00:00.000,
,,3c6eaf4a-5a13-4531-8efa-987715212db3.extra_data.json,,0.0,63051050,0.0,0,1575.3978,63060070,2025-11-25 20:04:55.470,2025-11-04 19:11:58.503,0.0,g1bnYRM2yN,com.sec.android.app.shealth,3c6eaf4a-5a13-4531-8efa-987715212db3,2025-11-03 00:00:00.000,
,,7e376d55-815f-44e4-8c9b-a92a74636ab8.extra_data.json,,779.0,63051050,0.0,15382916,1294.9094,63060070,2025-11-25 20:04:56.299,2025-11-05 03:54:32.770,1283.3569,g1bnYRM2yN,com.sec.android.app.shealth,7e376d55-815f-44e4-8c9b-a92a74636ab8,2025-11-05 00:00:00.000,
,,f724e6cc-f95e-408d-9cbf-fce811d65022.extra_data.json,,561.0,63051050,0.0,13073676,1337.0154,63060070,2025-11-25 20:04:56.431,2025-11-06 03:00:01.227,970.5062,g1bnYRM2yN,com.sec.android.app.shealth,f724e6cc-f95e-408d-9cbf-fce811d65022,2025-11-06 00:00:00.000,
,,88bdb37e-4cde-443a-bb30-8f0ebf116a91.extra_data.json,,645.0,63051050,0.0,13011405,1338.1509,63060070,2025-12-04 10:45:35.374,2025-11-07 03:00:01.259,1048.6229,g1bnYRM2yN,com.sec.android.app.shealth,88bdb37e-4cde-443a-bb30-8f0ebf116a91,2025-11-07 00:00:00.000,
,,7f992156-1ece-4315-94a2-d690dc8ff372.extra_data.json,,0.0,63051050,0.0,11650469,1362.9658,63060070,2025-12-04 10:45:35.433,2025-11-08 03:35:16.936,630.8971,g1bnYRM2yN,com.sec.android.app.shealth,7f992156-1ece-4315-94a2-d690dc8ff372,2025-11-08 00:00:00.000,
,,f821b39f-f27a-4d8d-af04-34d34b28c467.extra_data.json,,0.0,63051050,0.0,6646507,1454.207,63060070,2025-12-04 10:45:35.498,2025-11-09 03:00:00.894,358.45685,g1bnYRM2yN,com.sec.android.app.shealth,f821b39f-f27a-4d8d-af04-34d34b28c467,2025-11-09 00:00:00.000,
,,97a73358-d9ce-4b01-b40f-e007e299a8bc.extra_data.json,,587.0,63051050,0.0,12964549,1339.0052,63060070,2025-12-07 03:28:23.116,2025-11-10 03:02:15.340,975.5332,g1bnYRM2yN,com.sec.android.app.shealth,97a73358-d9ce-4b01-b40f-e007e299a8bc,2025-11-10 00:00:00.000,
,,5912fd1d-cb20-4e40-9510-6005792a8ee2.extra_data.json,,140.0,63051050,0.0,10513489,1383.6974,63060070,2025-12-08 03:00:57.338,2025-11-11 03:00:01.327,612.3087,g1bnYRM2yN,com.sec.android.app.shealth,5912fd1d-cb20-4e40-9510-6005792a8ee2,2025-11-11 00:00:00.000,
,,06fd1d57-ac25-4fdf-9b9e-68657e037355.extra_data.json,,322.0,63051050,0.0,12795914,1342.0801,63060070,2025-12-08 03:00:57.409,2025-11-12 03:00:01.380,841.35297,g1bnYRM2yN,com.sec.android.app.shealth,06fd1d57-ac25-4fdf-9b9e-68657e037355,2025-11-12 00:00:00.000,
,,3380215a-ce50-4d08-bc07-d9496ebc0ddf.extra_data.json,,0.0,63051050,0.0,7102314,1445.896,63060070,2025-12-08 03:00:57.447,2025-11-13 03:00:01.508,381.03143,g1bnYRM2yN,com.sec.android.app.shealth,3380215a-ce50-4d08-bc07-d9496ebc0ddf,2025-11-13 00:00:00.000,
,,bb41277c-4be0-4429-adb2-d378ba3c2515.extra_data.json,,0.0,63051050,0.0,9254713,1406.6495,63060070,2025-12-08 03:00:57.468,2025-11-14 03:00:01.161,503.83026,g1bnYRM2yN,com.sec.android.app.shealth,bb41277c-4be0-4429-adb2-d378ba3c2515,2025-11-14 00:00:00.000,
,,3641980d-cba2-4ded-bf59-2f376c921851.extra_data.json,,0.0,63051050,0.0,5682109,1471.7915,63060070,2025-12-08 03:00:57.498,2025-11-15 03:00:00.694,302.96063,g1bnYRM2yN,com.sec.android.app.shealth,3641980d-cba2-4ded-bf59-2f376c921851,2025-11-15 00:00:00.000,
,,8924e86e-dfe3-43de-ad0c-08113dace556.extra_data.json,,0.0,63051050,0.0,5190619,1480.7534,63060070,2025-12-08 03:00:57.523,2025-11-16 03:29:56.251,272.80093,g1bnYRM2yN,com.sec.android.app.shealth,8924e86e-dfe3-43de-ad0c-08113dace556,2025-11-16 00:00:00.000,
,,f75072e1-2673-4b22-b95a-293b56274924.extra_data.json,,0.0,63051050,0.0,10225009,1388.9574,63060070,2025-12-08 03:00:57.544,2025-11-17 03:00:04.126,539.3708,g1bnYRM2yN,com.sec.android.app.shealth,f75072e1-2673-4b22-b95a-293b56274924,2025-11-17 00:00:00.000,
,,fae9c4bb-49d5-4ffa-adb9-9e4ac6ca523f.extra_data.json,,0.0,63051050,0.0,7195225,1444.2018,63070030,2025-12-15 18:52:52.716,2025-11-18 03:11:05.460,370.30862,g1bnYRM2yN,com.sec.android.app.shealth,fae9c4bb-49d5-4ffa-adb9-9e4ac6ca523f,2025-11-18 00:00:00.000,
,,fd427bb0-5dc5-487b-94b8-bcc4ca4a959d.extra_data.json,,0.0,63051050,0.0,8140102,1426.973,63070030,2025-12-15 18:52:52.747,2025-11-19 03:00:00.695,435.6246,g1bnYRM2yN,com.sec.android.app.shealth,fd427bb0-5dc5-487b-94b8-bcc4ca4a959d,2025-11-19 00:00:00.000,
,,a9122a7d-9251-47b9-b4fe-f729fc7d25eb.extra_data.json,,855.0,63051050,0.0,17926949,1248.522,63070030,2025-12-15 18:52:52.767,2025-11-20 03:00:00.922,1412.9531,g1bnYRM2yN,com.sec.android.app.shealth,a9122a7d-9251-47b9-b4fe-f729fc7d25eb,2025-11-20 00:00:00.000,
,,823888f2-6262-476f-8b99-04b680bc97e5.extra_data.json,,0.0,63051050,0.0,6308705,1460.3665,63070030,2025-12-15 18:52:52.795,2025-11-21 11:54:29.154,330.35797,g1bnYRM2yN,com.sec.android.app.shealth,823888f2-6262-476f-8b99-04b680bc97e5,2025-11-21 00:00:00.000,
,,1e79040c-e5e0-4a00-83f9-c92d96defd08.extra_data.json,,0.0,63060070,0.0,8323491,1423.6293,63070030,2025-12-19 15:02:02.013,2025-11-22 03:00:02.390,444.1603,g1bnYRM2yN,com.sec.android.app.shealth,1e79040c-e5e0-4a00-83f9-c92d96defd08,2025-11-22 00:00:00.000,
,,9b791553-3ca3-4130-88eb-96f5b1b40aa3.extra_data.json,,0.0,63060070,0.0,6239383,1461.6304,63070030,2025-12-21 01:25:00.359,2025-11-23 03:00:01.264,332.46075,g1bnYRM2yN,com.sec.android.app.shealth,9b791553-3ca3-4130-88eb-96f5b1b40aa3,2025-11-23 00:00:00.000,
,,acf06df9-e288-482b-80ca-a7d406952060.extra_data.json,,0.0,63060070,0.0,7568240,1437.4003,63070030,2025-12-21 07:00:41.873,2025-11-24 03:00:00.951,403.35095,g1bnYRM2yN,com.sec.android.app.shealth,acf06df9-e288-482b-80ca-a7d406952060,2025-11-24 00:00:00.000,
,,2312101b-5248-4125-b6c6-312f926885c9.extra_data.json,,0.0,63060070,0.0,8435751,1421.5823,63070030,2025-12-21 07:00:41.901,2025-11-25 03:00:02.011,452.48337,g1bnYRM2yN,com.sec.android.app.shealth,2312101b-5248-4125-b6c6-312f926885c9,2025-11-25 00:00:00.000,
,,1cc3f3d6-79c7-4894-b1c8-5936e9653e0f.extra_data.json,,0.0,63060070,0.0,9132718,1408.8739,63070030,2025-12-21 07:00:41.927,2025-11-26 03:00:27.784,487.0435,g1bnYRM2yN,com.sec.android.app.shealth,1cc3f3d6-79c7-4894-b1c8-5936e9653e0f,2025-11-26 00:00:00.000,
,,0fa375d3-e692-4442-a552-7abd8d650f7a.extra_data.json,,0.0,63060070,0.0,3303101,1515.1698,63070030,2025-12-21 07:00:41.950,2025-11-27 03:00:00.989,176.99225,g1bnYRM2yN,com.sec.android.app.shealth,0fa375d3-e692-4442-a552-7abd8d650f7a,2025-11-27 00:00:00.000,
,,f9baeadc-e91a-4cfa-902c-329d194d06b0.extra_data.json,,0.0,63060070,0.0,8845309,1414.1145,63070030,2025-12-21 07:00:42.003,2025-11-28 03:03:23.855,465.9709,g1bnYRM2yN,com.sec.android.app.shealth,f9baeadc-e91a-4cfa-902c-329d194d06b0,2025-11-28 00:00:00.000,
,,5ae19528-a2d3-4a36-9c12-b69ddd81faac.extra_data.json,,0.0,63060070,0.0,8494221,1420.5161,63070030,2025-12-21 07:00:42.019,2025-11-29 03:00:00.833,449.7775,g1bnYRM2yN,com.sec.android.app.shealth,5ae19528-a2d3-4a36-9c12-b69ddd81faac,2025-11-29 00:00:00.000,
,,e8d7d4fb-97c4-4db6-aa72-62923262bb31.extra_data.json,,0.0,63060070,0.0,10715923,1380.0062,63070030,2025-12-27 03:31:00.355,2025-11-30 03:00:51.925,565.94666,g1bnYRM2yN,com.sec.android.app.shealth,e8d7d4fb-97c4-4db6-aa72-62923262bb31,2025-11-30 00:00:00.000,
,,4e21c1d4-a901-427b-9508-910ce7efad03.extra_data.json,,0.0,63060070,0.0,2768417,1524.9192,63070030,2025-12-27 03:31:00.568,2025-12-01 03:00:01.262,142.43225,g1bnYRM2yN,com.sec.android.app.shealth,4e21c1d4-a901-427b-9508-910ce7efad03,2025-12-01 00:00:00.000,
,,f524ed5a-f18c-4148-8319-ffe8ba7ecd9f.extra_data.json,,0.0,63060070,0.0,5315126,1478.483,63070030,2025-12-27 03:31:00.944,2025-12-02 03:03:34.083,280.52637,g1bnYRM2yN,com.sec.android.app.shealth,f524ed5a-f18c-4148-8319-ffe8ba7ecd9f,2025-12-02 00:00:00.000,
,,9eae0362-98d0-46d5-8739-f589b0e023ca.extra_data.json,,0.0,63060070,0.0,8539524,1419.6902,63070030,2025-12-31 02:37:16.144,2025-12-03 03:00:01.181,455.7932,g1bnYRM2yN,com.sec.android.app.shealth,9eae0362-98d0-46d5-8739-f589b0e023ca,2025-12-03 00:00:00.000,
,,4bef4b54-6d12-4520-861d-0f841240fbb0.extra_data.json,,0.0,63060070,0.0,6055346,1464.9861,63070030,2025-12-31 02:37:16.183,2025-12-04 03:00:07.534,325.98447,g1bnYRM2yN,com.sec.android.app.shealth,4bef4b54-6d12-4520-861d-0f841240fbb0,2025-12-04 00:00:00.000,
,,81b02939-6ee0-412f-8cd2-fdbb843474f8.extra_data.json,,0.0,63060070,0.0,9785440,1396.9724,63070030,2025-12-31 02:37:16.197,2025-12-05 03:02:02.994,526.4595,g1bnYRM2yN,com.sec.android.app.shealth,81b02939-6ee0-412f-8cd2-fdbb843474f8,2025-12-05 00:00:00.000,
,,612df5a3-0c5a-466c-8640-f6530f41375c.extra_data.json,,0.0,63060070,0.0,4510838,1493.1482,63070030,2025-12-31 02:37:16.217,2025-12-06 03:01:31.058,235.21889,g1bnYRM2yN,com.sec.android.app.shealth,612df5a3-0c5a-466c-8640-f6530f41375c,2025-12-06 00:00:00.000,
,,efb1cd5e-318c-4e50-96ed-1c2758f2706d.extra_data.json,,0.0,63060070,0.0,8162912,1426.5573,63070030,2025-12-31 02:37:16.238,2025-12-07 03:13:28.084,470.10184,g1bnYRM2yN,com.sec.android.app.shealth,efb1cd5e-318c-4e50-96ed-1c2758f2706d,2025-12-07 00:00:00.000,
,,a605c65c-ebc5-46ff-8e16-97f5cce83ad7.extra_data.json,,0.0,63060070,0.0,6141801,1463.4097,63070030,2025-12-31 02:37:16.258,2025-12-08 03:00:06.383,322.8879,g1bnYRM2yN,com.sec.android.app.shealth,a605c65c-ebc5-46ff-8e16-97f5cce83ad7,2025-12-08 00:00:00.000,
,,c169c8b1-f446-41b0-b3f2-14c0c8a55c9b.extra_data.json,,0.0,63060070,0.0,3313897,1514.973,63070030,2025-12-31 02:37:16.288,2025-12-09 03:57:35.578,181.21574,g1bnYRM2yN,com.sec.android.app.shealth,c169c8b1-f446-41b0-b3f2-14c0c8a55c9b,2025-12-09 00:00:00.000,
,,d6b7dbc1-f902-4454-82a1-4ee234baadb8.extra_data.json,,0.0,63060070,0.0,2344369,1532.6512,63070030,2026-01-06 21:32:36.179,2025-12-10 03:04:24.718,121.69925,g1bnYRM2yN,com.sec.android.app.shealth,d6b7dbc1-f902-4454-82a1-4ee234baadb8,2025-12-10 00:00:00.000,
,,6e301644-60ce-4a63-9a9a-35d636953db5.extra_data.json,,0.0,63060070,0.0,5166801,1481.1876,63070030,2026-01-06 21:32:37.583,2025-12-11 03:00:00.824,273.9979,g1bnYRM2yN,com.sec.android.app.shealth,6e301644-60ce-4a63-9a9a-35d636953db5,2025-12-11 00:00:00.000,
,,91435f75-d850-4a42-b903-869529fc7d6b.extra_data.json,,0.0,63060070,0.0,6413883,1458.4486,63070030,2026-01-06 21:32:38.480,2025-12-12 03:00:01.908,342.0479,g1bnYRM2yN,com.sec.android.app.shealth,91435f75-d850-4a42-b903-869529fc7d6b,2025-12-12 00:00:00.000,
,,baf7e73c-212c-4804-9091-4d10d4b70f78.extra_data.json,,0.0,63060070,0.0,5344877,1477.9406,63070030,2026-01-09 23:56:59.882,2025-12-13 03:00:00.798,285.93445,g1bnYRM2yN,com.sec.android.app.shealth,baf7e73c-212c-4804-9091-4d10d4b70f78,2025-12-13 00:00:00.000,
,,c04c5bb2-d206-46df-bba8-25f446dda497.extra_data.json,,0.0,63060070,0.0,3540535,1510.8406,63070030,2026-01-09 23:56:59.944,2025-12-14 03:00:01.435,188.52625,g1bnYRM2yN,com.sec.android.app.shealth,c04c5bb2-d206-46df-bba8-25f446dda497,2025-12-14 00:00:00.000,
,,37f7bcb3-f27e-486b-b415-58211701bfc3.extra_data.json,,0.0,63060070,0.0,2734281,1525.5416,63070030,2026-01-09 23:56:59.974,2025-12-15 03:00:00.924,145.75922,g1bnYRM2yN,com.sec.android.app.shealth,37f7bcb3-f27e-486b-b415-58211701bfc3,2025-12-15 00:00:00.000,
,,e3d52ed9-ad65-4ba6-9a92-ae3938eb1d2f.extra_data.json,,0.0,63070030,0.0,6482667,1457.1945,63070030,2026-01-12 22:36:26.115,2025-12-16 03:07:12.300,347.80853,g1bnYRM2yN,com.sec.android.app.shealth,e3d52ed9-ad65-4ba6-9a92-ae3938eb1d2f,2025-12-16 00:00:00.000,
,,98a999b0-8538-4b47-a432-f48ffed0cd2f.extra_data.json,,0.0,63070030,0.0,3570489,1510.2944,63070030,2026-01-12 22:36:26.151,2025-12-17 04:53:13.681,193.08951,g1bnYRM2yN,com.sec.android.app.shealth,98a999b0-8538-4b47-a432-f48ffed0cd2f,2025-12-17 00:00:00.000,
,,7dc24086-6c36-4bc2-8f9e-bda4e77d333f.extra_data.json,,0.0,63070030,0.0,4887097,1486.2877,63070030,2026-01-12 22:36:26.189,2025-12-18 03:00:01.171,258.87683,g1bnYRM2yN,com.sec.android.app.shealth,7dc24086-6c36-4bc2-8f9e-bda4e77d333f,2025-12-18 00:00:00.000,
,,f1546c3d-20af-491c-b349-2c263e1da1cc.extra_data.json,,0.0,63070030,0.0,3510769,1511.3833,63070030,2026-01-16 01:38:01.799,2025-12-19 03:00:00.932,183.39427,g1bnYRM2yN,com.sec.android.app.shealth,f1546c3d-20af-491c-b349-2c263e1da1cc,2025-12-19 00:00:00.000,
,,58b0b56a-4f7b-47b8-ad42-369212a914ba.extra_data.json,,0.0,63070030,0.0,7483564,1438.9442,63070030,2026-01-16 01:38:03.427,2025-12-20 03:00:00.699,412.97308,g1bnYRM2yN,com.sec.android.app.shealth,58b0b56a-4f7b-47b8-ad42-369212a914ba,2025-12-20 00:00:00.000,
,,37bc68ac-55c0-47e5-a822-8d0ac8319035.extra_data.json,,349.0,63070030,0.0,9672240,1399.0365,63070030,2026-01-17 20:34:40.558,2025-12-21 03:26:44.228,654.65295,g1bnYRM2yN,com.sec.android.app.shealth,37bc68ac-55c0-47e5-a822-8d0ac8319035,2025-12-21 00:00:00.000,
,,65f95ce2-82f6-4212-aa38-eceda1096fed.extra_data.json,,619.0,63070030,0.0,12389261,1349.4949,63070030,2026-01-19 00:07:34.969,2025-12-22 03:00:00.941,966.5607,g1bnYRM2yN,com.sec.android.app.shealth,65f95ce2-82f6-4212-aa38-eceda1096fed,2025-12-22 00:00:00.000,
,,985e8a48-a0e7-4bdf-a3c4-70c73efe57e1.extra_data.json,,0.0,63070030,0.0,4458623,1494.1003,63070030,2026-01-19 20:42:07.975,2025-12-23 03:00:00.869,236.69505,g1bnYRM2yN,com.sec.android.app.shealth,985e8a48-a0e7-4bdf-a3c4-70c73efe57e1,2025-12-23 00:00:00.000,
,,53a10bba-5159-4155-9963-4dcd13abe19c.extra_data.json,,0.0,63070030,0.0,4731581,1489.1233,63070030,2026-01-19 20:42:08.316,2025-12-24 03:00:00.805,250.38148,g1bnYRM2yN,com.sec.android.app.shealth,53a10bba-5159-4155-9963-4dcd13abe19c,2025-12-24 00:00:00.000,
,,07000c2a-c85a-41b2-b044-6a0161eb526d.extra_data.json,,0.0,63070030,0.0,5864850,1468.4596,63070030,2026-01-19 20:42:09.109,2025-12-25 03:00:00.990,311.8008,g1bnYRM2yN,com.sec.android.app.shealth,07000c2a-c85a-41b2-b044-6a0161eb526d,2025-12-25 00:00:00.000,
,,2aa5d782-87c6-4210-8d28-cbc487640ae9.extra_data.json,,0.0,63070030,0.0,6162645,1463.0295,63070030,2026-01-19 20:42:10.090,2025-12-26 03:02:17.061,331.5402,g1bnYRM2yN,com.sec.android.app.shealth,2aa5d782-87c6-4210-8d28-cbc487640ae9,2025-12-26 00:00:00.000,
,,9a333525-5482-46d1-ae33-295d33fa89e5.extra_data.json,,0.0,63070030,0.0,7809748,1432.9968,63070030,2026-01-19 20:42:10.365,2025-12-27 03:30:24.397,418.88568,g1bnYRM2yN,com.sec.android.app.shealth,9a333525-5482-46d1-ae33-295d33fa89e5,2025-12-27 00:00:00.000,
,,a38a80c9-7a79-471c-9362-d17f7f8997f5.extra_data.json,,0.0,63070030,0.0,2388198,1531.8519,63070030,2026-01-19 20:42:11.021,2025-12-28 03:00:01.042,123.949745,g1bnYRM2yN,com.sec.android.app.shealth,a38a80c9-7a79-471c-9362-d17f7f8997f5,2025-12-28 00:00:00.000,
,,ab16e2d0-65d9-4bd1-9c92-04df2da6d164.extra_data.json,,1020.0,63070030,0.0,13682730,1325.9102,63070030,2026-01-19 20:42:11.189,2025-12-29 03:00:00.938,1213.6667,g1bnYRM2yN,com.sec.android.app.shealth,ab16e2d0-65d9-4bd1-9c92-04df2da6d164,2025-12-29 00:00:00.000,
,,7cf54815-c015-4f40-9359-c4489bcb7f81.extra_data.json,,694.0,63070030,0.0,11171273,1371.7035,63070030,2026-01-19 20:42:11.641,2025-12-30 03:01:44.427,968.3069,g1bnYRM2yN,com.sec.android.app.shealth,7cf54815-c015-4f40-9359-c4489bcb7f81,2025-12-30 00:00:00.000,
,,88e57d4e-c39f-4875-974f-306f561bc730.extra_data.json,,0.0,63070030,0.0,3969271,1503.0231,63070030,2026-01-19 20:42:11.791,2025-12-31 03:00:00.957,214.14624,g1bnYRM2yN,com.sec.android.app.shealth,88e57d4e-c39f-4875-974f-306f561bc730,2025-12-31 00:00:00.000,
,,3ca5c775-5c2a-4b91-a5b5-d0c94928229b.extra_data.json,,0.0,63070030,0.0,4002569,1502.416,63070030,2026-01-19 20:42:11.998,2026-01-01 03:00:25.909,212.02762,g1bnYRM2yN,com.sec.android.app.shealth,3ca5c775-5c2a-4b91-a5b5-d0c94928229b,2026-01-01 00:00:00.000,
,,0b3ca1d2-d843-422d-90e0-829b67f02753.extra_data.json,,655.0,63070030,0.0,9382487,1404.3197,63070030,2026-01-19 20:42:12.033,2026-01-02 03:00:34.340,858.1875,g1bnYRM2yN,com.sec.android.app.shealth,0b3ca1d2-d843-422d-90e0-829b67f02753,2026-01-02 00:00:00.000,
,,e61d460f-8a96-434f-94a3-bb44581c47be.extra_data.json,,0.0,63070030,0.0,7001042,1447.7426,63070030,2026-01-19 20:42:12.692,2026-01-03 03:05:27.243,371.00504,g1bnYRM2yN,com.sec.android.app.shealth,e61d460f-8a96-434f-94a3-bb44581c47be,2026-01-03 00:00:00.000,
,,5032b608-3238-4134-bb19-da3a0c9dd146.extra_data.json,,0.0,63070030,0.0,4022343,1502.0554,63070030,2026-01-31 23:01:51.247,2026-01-04 03:07:38.260,211.31569,g1bnYRM2yN,com.sec.android.app.shealth,5032b608-3238-4134-bb19-da3a0c9dd146,2026-01-04 00:00:00.000,
,,a2c122bb-7ec1-4750-a659-2772593e9df7.extra_data.json,,750.0,63070030,0.0,13639961,1326.69,63070030,2026-02-01 05:29:04.065,2026-01-05 03:24:29.503,1104.0728,g1bnYRM2yN,com.sec.android.app.shealth,a2c122bb-7ec1-4750-a659-2772593e9df7,2026-01-05 00:00:00.000,
,,233ef3e2-2839-42d5-b369-bc439779f954.extra_data.json,,0.0,63070030,0.0,4996440,1484.294,63070030,2026-02-01 05:29:04.079,2026-01-06 03:20:48.703,265.9256,g1bnYRM2yN,com.sec.android.app.shealth,233ef3e2-2839-42d5-b369-bc439779f954,2026-01-06 00:00:00.000,
,,ccbc810d-1f0f-4a79-834c-3f374ce06ba0.extra_data.json,,711.0,63070030,0.0,15259091,1297.1671,63070030,2026-02-01 05:29:04.091,2026-01-07 03:00:01.140,1155.081,g1bnYRM2yN,com.sec.android.app.shealth,ccbc810d-1f0f-4a79-834c-3f374ce06ba0,2026-01-07 00:00:00.000,
,,caf2af1b-91c9-465b-891b-523a9af0785b.extra_data.json,,810.0,63070030,0.0,14460243,1311.7332,63070030,2026-02-01 05:29:04.105,2026-01-08 03:00:01.421,1192.1892,g1bnYRM2yN,com.sec.android.app.shealth,caf2af1b-91c9-465b-891b-523a9af0785b,2026-01-08 00:00:00.000,
,,18a8564a-53b2-472d-bd20-6095074d061e.extra_data.json,,0.0,63070030,0.0,10708229,1380.1464,63070030,2026-02-05 11:53:59.043,2026-01-09 03:00:02.137,567.5571,g1bnYRM2yN,com.sec.android.app.shealth,18a8564a-53b2-472d-bd20-6095074d061e,2026-01-09 00:00:00.000,
,,a3fd29d7-7ee0-4799-8631-7529505ab832.extra_data.json,,0.0,63070030,0.0,4554225,1492.3572,63070030,2026-02-06 15:31:48.921,2026-01-10 03:00:10.311,236.55824,g1bnYRM2yN,com.sec.android.app.shealth,a3fd29d7-7ee0-4799-8631-7529505ab832,2026-01-10 00:00:00.000,
,,a223f9ef-1d33-4712-a1ce-d2d2e268c696.extra_data.json,,0.0,63070030,0.0,4548240,1492.4663,63070030,2026-02-06 15:31:48.977,2026-01-11 03:00:00.701,238.45145,g1bnYRM2yN,com.sec.android.app.shealth,a223f9ef-1d33-4712-a1ce-d2d2e268c696,2026-01-11 00:00:00.000,
,,65e15dda-b0ea-450e-8bb6-d05368f94fc2.extra_data.json,,0.0,63070030,0.0,3770029,1506.656,63070030,2026-02-06 15:31:49.079,2026-01-12 03:00:01.702,195.71945,g1bnYRM2yN,com.sec.android.app.shealth,65e15dda-b0ea-450e-8bb6-d05368f94fc2,2026-01-12 00:00:00.000,
,,61abfc98-16a7-43cc-9615-f973668c7a13.extra_data.json,,0.0,63070030,0.0,7092108,1446.0819,63070030,2026-02-06 15:31:49.114,2026-01-13 03:03:50.804,378.54565,g1bnYRM2yN,com.sec.android.app.shealth,61abfc98-16a7-43cc-9615-f973668c7a13,2026-01-13 00:00:00.000,
,,09d94620-3dd5-4a26-84ed-5e675702bcd6.extra_data.json,,0.0,63070030,0.0,5179885,1480.949,63070030,2026-02-10 21:20:57.921,2026-01-14 03:00:00.673,274.763,g1bnYRM2yN,com.sec.android.app.shealth,09d94620-3dd5-4a26-84ed-5e675702bcd6,2026-01-14 00:00:00.000,
,,8b754361-8b14-468b-af70-4e46dc88abe2.extra_data.json,,0.0,63070030,0.0,6737199,1452.5533,63070030,2026-02-11 22:49:39.337,2026-01-15 03:00:00.983,360.55292,g1bnYRM2yN,com.sec.android.app.shealth,8b754361-8b14-468b-af70-4e46dc88abe2,2026-01-15 00:00:00.000,
,,a557b46e-f2a9-441d-be0d-d1ebc52d6f49.extra_data.json,,0.0,63070030,0.0,5558206,1474.0508,63070030,2026-02-11 22:49:39.973,2026-01-16 03:26:28.764,291.3167,g1bnYRM2yN,com.sec.android.app.shealth,a557b46e-f2a9-441d-be0d-d1ebc52d6f49,2026-01-16 00:00:00.000,
,,093d6d84-ba19-43b1-9c4c-a4c21c4b165d.extra_data.json,,0.0,63070030,0.0,6958762,1448.5134,63070030,2026-02-11 22:49:40.309,2026-01-17 03:55:15.307,369.6333,g1bnYRM2yN,com.sec.android.app.shealth,093d6d84-ba19-43b1-9c4c-a4c21c4b165d,2026-01-17 00:00:00.000,
,,62222135-85c0-41d4-8297-716571c2b3cd.extra_data.json,,0.0,63070030,0.0,6214104,1462.0913,63070030,2026-02-11 22:49:40.914,2026-01-18 03:34:56.410,343.6723,g1bnYRM2yN,com.sec.android.app.shealth,62222135-85c0-41d4-8297-716571c2b3cd,2026-01-18 00:00:00.000,
,,87e69852-ede9-4c01-b41c-334782898ad7.extra_data.json,,0.0,63070030,0.0,8940501,1412.3788,63070030,2026-02-11 22:49:41.182,2026-01-19 03:00:00.863,472.9693,g1bnYRM2yN,com.sec.android.app.shealth,87e69852-ede9-4c01-b41c-334782898ad7,2026-01-19 00:00:00.000,
,,0e528e88-f44d-41fc-9a03-0228c6aec696.extra_data.json,,0.0,63070030,0.0,5285864,1524.0708,63070030,2026-02-16 11:12:26.064,2026-01-20 03:00:01.590,279.44592,g1bnYRM2yN,com.sec.android.app.shealth,0e528e88-f44d-41fc-9a03-0228c6aec696,2026-01-20 00:00:00.000,
,,a70838c2-b049-4fcb-a82c-3b28336c23f1.extra_data.json,,562.0,63070030,0.0,10262835,1430.5575,63070030,2026-02-16 11:12:26.142,2026-01-21 03:52:45.998,847.13916,g1bnYRM2yN,com.sec.android.app.shealth,a70838c2-b049-4fcb-a82c-3b28336c23f1,2026-01-21 00:00:00.000,
,,106d2b98-84ab-4ef8-b00d-4ce8d0b1f949.extra_data.json,,478.0,63070030,0.0,9636296,1442.3296,63070030,2026-02-16 11:12:26.197,2026-01-22 03:02:10.634,732.55255,g1bnYRM2yN,com.sec.android.app.shealth,106d2b98-84ab-4ef8-b00d-4ce8d0b1f949,2026-01-22 00:00:00.000,
,,f4438a12-1872-45d9-bc8a-b2bb87d790d2.extra_data.json,,0.0,63070030,0.0,8016999,1472.7549,63070030,2026-02-16 11:12:26.217,2026-01-23 03:02:27.634,441.56583,g1bnYRM2yN,com.sec.android.app.shealth,f4438a12-1872-45d9-bc8a-b2bb87d790d2,2026-01-23 00:00:00.000,
,,b8ac7409-efa3-46c5-b597-24e0bd1d3949.extra_data.json,,0.0,63070030,0.0,6602692,1499.3287,63070030,2026-02-16 11:12:26.266,2026-01-24 03:00:01.457,347.80005,g1bnYRM2yN,com.sec.android.app.shealth,b8ac7409-efa3-46c5-b597-24e0bd1d3949,2026-01-24 00:00:00.000,
,,12bff4b9-9b98-4041-8195-c4fc45df087a.extra_data.json,,0.0,63070030,0.0,3405830,1559.3951,63070030,2026-02-22 00:23:07.793,2026-01-25 03:00:01.733,175.77069,g1bnYRM2yN,com.sec.android.app.shealth,12bff4b9-9b98-4041-8195-c4fc45df087a,2026-01-25 00:00:00.000,
,,911b1c0b-ae27-40e8-bdb7-fc9b6864cb15.extra_data.json,,382.0,63070030,0.0,10828046,1419.9375,63070030,2026-02-22 16:35:33.984,2026-01-26 03:00:01.509,768.0851,g1bnYRM2yN,com.sec.android.app.shealth,911b1c0b-ae27-40e8-bdb7-fc9b6864cb15,2026-01-26 00:00:00.000,
,,99dd3ab4-9ac0-470a-8bdb-5975a70ac790.extra_data.json,,0.0,63070030,0.0,5173582,1526.1804,63070030,2026-02-22 16:35:34.135,2026-01-27 03:00:00.909,278.46725,g1bnYRM2yN,com.sec.android.app.shealth,99dd3ab4-9ac0-470a-8bdb-5975a70ac790,2026-01-27 00:00:00.000,
,,f0846553-969a-42f8-ad71-4687e9a2c193.extra_data.json,,638.0,63070030,0.0,12199699,1394.1653,63070030,2026-02-22 16:35:34.227,2026-01-28 03:00:01.622,1003.56476,g1bnYRM2yN,com.sec.android.app.shealth,f0846553-969a-42f8-ad71-4687e9a2c193,2026-01-28 00:00:00.000,
,,af79ea6f-5cc0-4152-9377-b7152c976d35.extra_data.json,,617.0,63070030,0.0,12063170,1396.7306,63070030,2026-02-25 14:33:21.363,2026-01-29 03:00:00.739,909.10095,g1bnYRM2yN,com.sec.android.app.shealth,af79ea6f-5cc0-4152-9377-b7152c976d35,2026-01-29 00:00:00.000,
,,7e776337-80ce-41e5-89ed-6428e98e8266.extra_data.json,,0.0,63070030,0.0,4967519,1530.0522,63070030,2026-02-25 14:33:21.394,2026-01-30 03:56:54.440,266.41858,g1bnYRM2yN,com.sec.android.app.shealth,7e776337-80ce-41e5-89ed-6428e98e8266,2026-01-30 00:00:00.000,
,,46766b83-e780-4af7-ba3c-ce7496f3d232.extra_data.json,,0.0,63070030,0.0,8406976,1465.4275,63070030,2026-02-27 21:35:36.532,2026-01-31 04:42:57.665,455.52768,g1bnYRM2yN,com.sec.android.app.shealth,46766b83-e780-4af7-ba3c-ce7496f3d232,2026-01-31 00:00:00.000,
,,696f2605-f906-47ca-a265-7d62db2ead9b.extra_data.json,,0.0,63070030,0.0,5052132,1528.4625,63070030,2026-02-27 21:35:36.556,2026-02-01 03:00:40.575,272.938,g1bnYRM2yN,com.sec.android.app.shealth,696f2605-f906-47ca-a265-7d62db2ead9b,2026-02-01 00:00:00.000,
,,a7e2f85f-9428-439b-afbd-caa3d0da3f52.extra_data.json,,0.0,63070030,0.0,8513922,1463.4181,63070030,2026-03-01 16:29:33.260,2026-02-02 03:00:01.777,456.02274,g1bnYRM2yN,com.sec.android.app.shealth,a7e2f85f-9428-439b-afbd-caa3d0da3f52,2026-02-02 00:00:00.000,
,,76f421e2-5267-4357-bb75-8f0c85068dd6.extra_data.json,,0.0,63070030,0.0,3652621,1554.758,63070030,2026-03-01 16:29:33.287,2026-02-03 03:00:00.784,190.72707,g1bnYRM2yN,com.sec.android.app.shealth,76f421e2-5267-4357-bb75-8f0c85068dd6,2026-02-03 00:00:00.000,
,,2d3c17b9-e555-45f7-8e07-3c70dfe8ff55.extra_data.json,,0.0,63070030,0.0,4999584,1529.4497,63070030,2026-03-03 23:39:43.370,2026-02-04 03:00:00.664,264.02545,g1bnYRM2yN,com.sec.android.app.shealth,2d3c17b9-e555-45f7-8e07-3c70dfe8ff55,2026-02-04 00:00:00.000,
,,38b125a2-5506-44e8-ada4-087c6cab512f.extra_data.json,,0.0,63070030,0.0,5538675,1519.3207,63070030,2026-03-03 23:39:43.960,2026-02-05 03:00:00.911,295.99103,g1bnYRM2yN,com.sec.android.app.shealth,38b125a2-5506-44e8-ada4-087c6cab512f,2026-02-05 00:00:00.000,
,,50f572c5-0028-46cf-8de8-62e1af8f9ecb.extra_data.json,,440.0,63070030,0.0,8929792,1455.6042,63070030,2026-03-03 23:39:44.330,2026-02-06 03:00:01.434,722.6555,g1bnYRM2yN,com.sec.android.app.shealth,50f572c5-0028-46cf-8de8-62e1af8f9ecb,2026-02-06 00:00:00.000,
,,3c268cd8-ee05-41e6-afcf-06dd877ed5b7.extra_data.json,,0.0,63070030,0.0,5006312,1529.3234,63070030,2026-03-03 23:39:44.717,2026-02-07 04:32:13.645,266.39395,g1bnYRM2yN,com.sec.android.app.shealth,3c268cd8-ee05-41e6-afcf-06dd877ed5b7,2026-02-07 00:00:00.000,
,,5f9849c0-b0e1-45d4-a342-0630dc26182e.extra_data.json,,0.0,63070030,0.0,4897269,1531.3721,63070030,2026-03-03 23:39:45.441,2026-02-08 03:00:00.865,255.32672,g1bnYRM2yN,com.sec.android.app.shealth,5f9849c0-b0e1-45d4-a342-0630dc26182e,2026-02-08 00:00:00.000,
,,6ec00407-06f4-41c8-80e2-22847bcca550.extra_data.json,,0.0,63070030,0.0,6188931,1507.1029,63070030,2026-03-03 23:39:45.985,2026-02-09 03:00:00.785,328.49338,g1bnYRM2yN,com.sec.android.app.shealth,6ec00407-06f4-41c8-80e2-22847bcca550,2026-02-09 00:00:00.000,
,,5e7c22b7-3abd-4fb1-a374-41c093eb4b55.extra_data.json,,0.0,63070030,0.0,6022428,1510.2312,63070030,2026-03-03 23:39:46.403,2026-02-10 03:00:01.824,326.8668,g1bnYRM2yN,com.sec.android.app.shealth,5e7c22b7-3abd-4fb1-a374-41c093eb4b55,2026-02-10 00:00:00.000,
,,e68a4184-a6c6-46b0-85eb-e77cbb76c9c9.extra_data.json,,0.0,63070030,0.0,3399830,1559.5078,63070030,2026-03-03 23:39:46.946,2026-02-11 03:00:01.039,173.73813,g1bnYRM2yN,com.sec.android.app.shealth,e68a4184-a6c6-46b0-85eb-e77cbb76c9c9,2026-02-11 00:00:00.000,
,,44a75f88-0606-4085-b94f-dbcf83e8b9db.extra_data.json,,0.0,63070030,0.0,3959789,1548.9866,63070030,2026-03-03 23:39:47.242,2026-02-12 03:00:01.411,214.60559,g1bnYRM2yN,com.sec.android.app.shealth,44a75f88-0606-4085-b94f-dbcf83e8b9db,2026-02-12 00:00:00.000,
,,5c11cc62-4559-4622-908a-1b7ce5992079.extra_data.json,,571.0,63070030,0.0,12085800,1396.3053,63070030,2026-03-03 23:39:47.277,2026-02-13 03:26:21.187,907.3533,g1bnYRM2yN,com.sec.android.app.shealth,5c11cc62-4559-4622-908a-1b7ce5992079,2026-02-13 00:00:00.000,
,,aca3ea75-5f73-4d5e-8521-5373a8e0e38e.extra_data.json,,0.0,63070030,0.0,4592807,1537.0928,63070030,2026-03-03 23:39:47.345,2026-02-14 03:01:45.388,241.61327,g1bnYRM2yN,com.sec.android.app.shealth,aca3ea75-5f73-4d5e-8521-5373a8e0e38e,2026-02-14 00:00:00.000,
,,42fd149f-f4e9-4d7c-865c-825946895341.extra_data.json,,0.0,63070030,0.0,7993304,1473.2001,63070030,2026-03-03 23:39:47.418,2026-02-15 03:00:00.857,426.48724,g1bnYRM2yN,com.sec.android.app.shealth,42fd149f-f4e9-4d7c-865c-825946895341,2026-02-15 00:00:00.000,
,,3b82c17d-a40d-449e-9a42-67e145c1f291.extra_data.json,,0.0,63070030,0.0,5003648,1529.3734,63070030,2026-03-03 23:39:47.455,2026-02-16 03:00:01.130,261.22003,g1bnYRM2yN,com.sec.android.app.shealth,3b82c17d-a40d-449e-9a42-67e145c1f291,2026-02-16 00:00:00.000,
,,1342b6df-71f1-4fa7-b783-355b05fc09e3.extra_data.json,,0.0,63070030,0.0,2397588,1578.3392,63070030,2026-03-03 23:39:47.569,2026-02-17 03:00:02.432,129.95334,g1bnYRM2yN,com.sec.android.app.shealth,1342b6df-71f1-4fa7-b783-355b05fc09e3,2026-02-17 00:00:00.000,
,,3c922826-0bc3-41b8-8358-4348f4a5fd7e.extra_data.json,,0.0,63070030,0.0,5366673,1522.5525,63070030,2026-03-03 23:39:48.172,2026-02-18 03:00:01.013,281.5454,g1bnYRM2yN,com.sec.android.app.shealth,3c922826-0bc3-41b8-8358-4348f4a5fd7e,2026-02-18 00:00:00.000,
,,ed03b0ca-2443-4c1f-9a6e-c570157e9ab2.extra_data.json,,0.0,63070030,0.0,5154506,1526.539,63070030,2026-03-03 23:39:48.348,2026-02-19 03:00:01.237,275.7177,g1bnYRM2yN,com.sec.android.app.shealth,ed03b0ca-2443-4c1f-9a6e-c570157e9ab2,2026-02-19 00:00:00.000,
,,877041c9-aad9-414e-af50-721f073ad801.extra_data.json,,0.0,63070030,0.0,5667758,1516.8953,63070030,2026-03-03 23:39:48.536,2026-02-20 03:00:01.091,311.74066,g1bnYRM2yN,com.sec.android.app.shealth,877041c9-aad9-414e-af50-721f073ad801,2026-02-20 00:00:00.000,
,,e1e19dfe-08ac-4d00-a5fd-e7ca7580348b.extra_data.json,,0.0,63070030,0.0,4769526,1533.7723,63070030,2026-03-03 23:39:48.576,2026-02-21 03:00:01.276,253.37698,g1bnYRM2yN,com.sec.android.app.shealth,e1e19dfe-08ac-4d00-a5fd-e7ca7580348b,2026-02-21 00:00:00.000,
,,75f836ab-dc01-4d80-9b8a-072b57fc15ff.extra_data.json,,0.0,63070030,0.0,4916586,1531.0093,63070030,2026-03-03 23:39:48.603,2026-02-22 03:03:20.051,263.58432,g1bnYRM2yN,com.sec.android.app.shealth,75f836ab-dc01-4d80-9b8a-072b57fc15ff,2026-02-22 00:00:00.000,
,,9cde88e0-c0ae-4be1-a18b-5011d1f961cf.extra_data.json,,502.0,63070030,0.0,11944577,1398.9589,63070030,2026-03-03 23:39:48.660,2026-02-23 03:00:01.136,865.19824,g1bnYRM2yN,com.sec.android.app.shealth,9cde88e0-c0ae-4be1-a18b-5011d1f961cf,2026-02-23 00:00:00.000,
,,692cc05f-6043-4613-b6fb-86b2e1ef29c0.extra_data.json,,0.0,63070030,0.0,5989660,1510.8469,63070030,2026-03-03 23:39:48.840,2026-02-24 03:00:01.463,319.12915,g1bnYRM2yN,com.sec.android.app.shealth,692cc05f-6043-4613-b6fb-86b2e1ef29c0,2026-02-24 00:00:00.000,
,,8d0d9640-c192-4458-956d-a4df5c3d2ec3.extra_data.json,,0.0,63070030,0.0,6552540,1500.2709,63070030,2026-03-03 23:39:48.943,2026-02-25 03:00:01.495,354.05734,g1bnYRM2yN,com.sec.android.app.shealth,8d0d9640-c192-4458-956d-a4df5c3d2ec3,2026-02-25 00:00:00.000,
,,b88b723d-636c-424b-a4e1-ac6ebaff0e4a.extra_data.json,,0.0,63070030,0.0,4762358,1533.907,63070030,2026-03-03 23:39:49.043,2026-02-26 03:00:01.257,257.88074,g1bnYRM2yN,com.sec.android.app.shealth,b88b723d-636c-424b-a4e1-ac6ebaff0e4a,2026-02-26 00:00:00.000,
,,74eb6001-240a-4ab3-a940-5bfd25ff3f90.extra_data.json,,0.0,63070030,0.0,3745936,1553.0048,63070030,2026-03-03 23:39:49.081,2026-02-27 03:00:01.243,198.39539,g1bnYRM2yN,com.sec.android.app.shealth,74eb6001-240a-4ab3-a940-5bfd25ff3f90,2026-02-27 00:00:00.000,
,,3ee67851-823a-468c-9d8d-9c4d63ddaac1.extra_data.json,,0.0,63070030,0.0,7198656,1488.1309,63070030,2026-03-03 23:39:49.183,2026-02-28 03:00:01.961,367.24136,g1bnYRM2yN,com.sec.android.app.shealth,3ee67851-823a-468c-9d8d-9c4d63ddaac1,2026-02-28 00:00:00.000,
,,85a18ee0-e726-4334-9761-ba53dabff8fa.extra_data.json,,0.0,63070030,0.0,2037325,1585.1082,63070030,2026-03-03 23:39:49.234,2026-03-01 03:01:26.545,107.796646,g1bnYRM2yN,com.sec.android.app.shealth,85a18ee0-e726-4334-9761-ba53dabff8fa,2026-03-01 00:00:00.000,
,,d0e23c56-049a-47f4-8c04-35ab481a956d.extra_data.json,,0.0,63070030,0.0,5228782,1525.1433,63070030,2026-03-04 10:54:28.407,2026-03-02 03:00:01.459,280.00937,g1bnYRM2yN,com.sec.android.app.shealth,d0e23c56-049a-47f4-8c04-35ab481a956d,2026-03-02 00:00:00.000,
,,aad9e794-1aa3-4ccb-b41a-5297935ce949.extra_data.json,,0.0,63070030,0.0,4770858,1533.7473,63070030,2026-03-04 10:54:28.466,2026-03-03 03:00:01.029,255.69717,g1bnYRM2yN,com.sec.android.app.shealth,aad9e794-1aa3-4ccb-b41a-5297935ce949,2026-03-03 00:00:00.000,
,,fa0039c4-c2be-48b2-9983-5342d6e527c8.extra_data.json,,0.0,63070030,0.0,7436282,1483.6661,63110130,2026-03-05 12:24:38.685,2026-03-04 03:53:57.087,400.48172,g1bnYRM2yN,com.sec.android.app.shealth,fa0039c4-c2be-48b2-9983-5342d6e527c8,2026-03-04 00:00:00.000,
,,2c0ff2a5-4bea-43aa-b30d-099777253e85.extra_data.json,,0.0,63110130,0.0,4673495,1535.5767,63110130,2026-03-06 13:40:25.563,2026-03-05 03:00:01.058,248.78882,g1bnYRM2yN,com.sec.android.app.shealth,2c0ff2a5-4bea-43aa-b30d-099777253e85,2026-03-05 00:00:00.000,
,,19c053a1-5d4e-4eb1-9700-c8a6315a3894.extra_data.json,,0.0,63110130,0.0,3981771,1548.5737,63110130,2026-03-07 03:51:42.722,2026-03-06 03:00:22.171,209.4529,g1bnYRM2yN,com.sec.android.app.shealth,19c053a1-5d4e-4eb1-9700-c8a6315a3894,2026-03-06 00:00:00.000,
,,94ea0b97-7386-4627-81b9-52b8dfd033cd.extra_data.json,,0.0,63110130,0.0,4476137,1539.2849,63110130,2026-03-08 03:56:33.251,2026-03-07 03:51:41.022,234.02174,g1bnYRM2yN,com.sec.android.app.shealth,94ea0b97-7386-4627-81b9-52b8dfd033cd,2026-03-07 00:00:00.000,
,,7e0ddc10-b48a-49ae-8fcb-620898291161.extra_data.json,,0.0,63110130,0.0,4722526,1534.6554,63110130,2026-03-09 11:27:55.372,2026-03-08 03:56:31.422,248.48291,g1bnYRM2yN,com.sec.android.app.shealth,7e0ddc10-b48a-49ae-8fcb-620898291161,2026-03-08 00:00:00.000,
,,f9af9301-094d-43f3-80b6-fd0bab42c210.extra_data.json,,0.0,63110130,0.0,5265760,1524.4485,63110130,2026-03-10 11:18:21.466,2026-03-09 03:00:05.480,284.72232,g1bnYRM2yN,com.sec.android.app.shealth,f9af9301-094d-43f3-80b6-fd0bab42c210,2026-03-09 00:00:00.000,
,,4c1191eb-d565-416f-beb5-9cb606bd8b42.extra_data.json,,0.0,63110130,0.0,5228280,1525.1527,63110130,2026-03-11 09:46:28.411,2026-03-10 03:00:00.820,277.92236,g1bnYRM2yN,com.sec.android.app.shealth,4c1191eb-d565-416f-beb5-9cb606bd8b42,2026-03-10 00:00:00.000,
,,b057203c-e72e-475e-b6d1-609bde97baad.extra_data.json,,0.0,63110130,0.0,4430527,1540.1418,63110130,2026-03-12 03:11:09.708,2026-03-11 03:00:01.054,235.7938,g1bnYRM2yN,com.sec.android.app.shealth,b057203c-e72e-475e-b6d1-609bde97baad,2026-03-11 00:00:00.000,
,,27c37f9d-801d-4d14-b36a-6141a82fc22b.extra_data.json,,0.0,63110130,0.0,7180814,1488.4661,63110130,2026-03-13 03:13:30.444,2026-03-12 03:00:01.484,436.4141,g1bnYRM2yN,com.sec.android.app.shealth,27c37f9d-801d-4d14-b36a-6141a82fc22b,2026-03-12 00:00:00.000,
,,f8e2a183-424e-4e2f-a887-3d020fb2d1d6.extra_data.json,,0.0,63110130,0.0,5313664,1523.5485,63110130,2026-03-14 10:50:46.156,2026-03-13 03:10:00.952,282.58493,g1bnYRM2yN,com.sec.android.app.shealth,f8e2a183-424e-4e2f-a887-3d020fb2d1d6,2026-03-13 00:00:00.000,
,,536f0acd-cdf2-49dc-afc5-e10e9d85e49c.extra_data.json,,0.0,63110130,0.0,6141687,1507.9905,63110130,2026-03-15 03:04:13.715,2026-03-14 03:00:01.037,336.58978,g1bnYRM2yN,com.sec.android.app.shealth,536f0acd-cdf2-49dc-afc5-e10e9d85e49c,2026-03-14 00:00:00.000,
,,a30c9714-3af3-4f26-b2bc-18f1f3ce2e28.extra_data.json,,0.0,63110130,0.0,4238096,1543.7574,63110130,2026-03-16 03:39:15.189,2026-03-15 03:00:01.033,224.78218,g1bnYRM2yN,com.sec.android.app.shealth,a30c9714-3af3-4f26-b2bc-18f1f3ce2e28,2026-03-15 00:00:00.000,
,,c9d428e6-7eb3-4aaa-80b8-5d9bda950bef.extra_data.json,,0.0,63110130,0.0,5830324,1508.5469,63130130,2026-04-12 12:57:17.106,2026-03-16 03:00:28.881,309.57617,g1bnYRM2yN,com.sec.android.app.shealth,c9d428e6-7eb3-4aaa-80b8-5d9bda950bef,2026-03-16 00:00:00.000,
,,b1bc17ca-9595-475d-af38-7c5183ccdb48.extra_data.json,,0.0,63110130,0.0,4598167,1531.6171,63130130,2026-04-12 12:57:16.527,2026-03-17 03:00:00.883,244.90413,g1bnYRM2yN,com.sec.android.app.shealth,b1bc17ca-9595-475d-af38-7c5183ccdb48,2026-03-17 00:00:00.000,
,,41717f78-8e89-4686-9acb-339c31ce5320.extra_data.json,,0.0,63110130,0.0,3756194,1547.3818,63130130,2026-04-12 12:57:14.324,2026-03-18 03:00:01.906,199.0065,g1bnYRM2yN,com.sec.android.app.shealth,41717f78-8e89-4686-9acb-339c31ce5320,2026-03-18 00:00:00.000,
,,29c63e01-5337-4de0-aca0-35ee964281b4.extra_data.json,,0.0,63110130,0.0,4410607,1535.1288,63130130,2026-04-12 12:57:13.565,2026-03-19 03:06:45.647,238.13866,g1bnYRM2yN,com.sec.android.app.shealth,29c63e01-5337-4de0-aca0-35ee964281b4,2026-03-19 00:00:00.000,
,,02010624-3bc0-4089-85a5-0de513e4f69e.extra_data.json,,0.0,63110130,0.0,3558403,1551.0852,63130130,2026-04-12 12:57:12.972,2026-03-20 03:00:01.089,193.4299,g1bnYRM2yN,com.sec.android.app.shealth,02010624-3bc0-4089-85a5-0de513e4f69e,2026-03-20 00:00:00.000,
,,11c3d14b-3ee4-488b-bc36-6036a6eef4a0.extra_data.json,,0.0,63110130,0.0,6952286,1487.5397,63130130,2026-04-12 12:57:12.585,2026-03-21 03:00:01.117,370.42245,g1bnYRM2yN,com.sec.android.app.shealth,11c3d14b-3ee4-488b-bc36-6036a6eef4a0,2026-03-21 00:00:00.000,
,,ee20da3e-c703-4a17-9fc6-85d7cf50f951.extra_data.json,,0.0,63110130,0.0,4696873,1529.7689,63130130,2026-04-12 12:57:12.319,2026-03-22 03:00:00.970,246.87167,g1bnYRM2yN,com.sec.android.app.shealth,ee20da3e-c703-4a17-9fc6-85d7cf50f951,2026-03-22 00:00:00.000,
,,0b36f560-e3b8-4cc5-abae-ef9facd048c3.extra_data.json,,0.0,63110130,0.0,6365394,1498.5284,63130130,2026-04-12 12:57:11.996,2026-03-23 03:00:00.961,344.84082,g1bnYRM2yN,com.sec.android.app.shealth,0b36f560-e3b8-4cc5-abae-ef9facd048c3,2026-03-23 00:00:00.000,
,,322937e3-b2ce-44bf-8c2a-f6eaac338868.extra_data.json,,0.0,63110130,0.0,5239975,1519.6001,63130130,2026-04-12 12:57:11.467,2026-03-24 03:00:01.416,280.23203,g1bnYRM2yN,com.sec.android.app.shealth,322937e3-b2ce-44bf-8c2a-f6eaac338868,2026-03-24 00:00:00.000,
,,96c81a5a-5adf-4c16-adc9-ccbf0517a846.extra_data.json,,0.0,63110130,0.0,3989687,1543.0099,63130130,2026-04-12 12:57:11.066,2026-03-25 03:00:01.050,217.30217,g1bnYRM2yN,com.sec.android.app.shealth,96c81a5a-5adf-4c16-adc9-ccbf0517a846,2026-03-25 00:00:00.000,
,,c952bcd9-fbd3-4fed-9995-807b75f6b964.extra_data.json,,0.0,63110130,0.0,4302845,1537.1465,63130130,2026-04-12 12:57:10.543,2026-03-26 03:00:01.406,232.1043,g1bnYRM2yN,com.sec.android.app.shealth,c952bcd9-fbd3-4fed-9995-807b75f6b964,2026-03-26 00:00:00.000,
,,12f4a721-f33d-4d36-a9d8-ae3a04c76b62.extra_data.json,,0.0,63110130,0.0,4522544,1533.033,63130130,2026-04-12 12:57:10.243,2026-03-27 03:39:51.453,247.57845,g1bnYRM2yN,com.sec.android.app.shealth,12f4a721-f33d-4d36-a9d8-ae3a04c76b62,2026-03-27 00:00:00.000,
,,585e9c02-0864-4f3b-a603-c52169bdc349.extra_data.json,,0.0,63130130,0.0,6240658,1500.8639,63130130,2026-04-12 12:57:10.025,2026-03-28 03:52:42.058,325.81253,g1bnYRM2yN,com.sec.android.app.shealth,585e9c02-0864-4f3b-a603-c52169bdc349,2026-03-28 00:00:00.000,
,,6f916e61-b3de-483a-a5ca-85c882cae540.extra_data.json,,0.0,63130130,0.0,6151706,1502.5294,63130130,2026-04-12 12:57:09.552,2026-03-29 03:00:01.615,324.12488,g1bnYRM2yN,com.sec.android.app.shealth,6f916e61-b3de-483a-a5ca-85c882cae540,2026-03-29 00:00:00.000,
,,dcaa6406-f036-4166-b7b4-d5e4cb392013.extra_data.json,,0.0,63130130,0.0,6515240,1495.7228,63130130,2026-04-12 12:57:08.843,2026-03-30 03:00:01.469,346.87457,g1bnYRM2yN,com.sec.android.app.shealth,dcaa6406-f036-4166-b7b4-d5e4cb392013,2026-03-30 00:00:00.000,
,,111f2a6a-63a7-4c7c-8a42-dfff606ddffd.extra_data.json,,0.0,63130130,0.0,4921190,1525.569,63130130,2026-04-12 12:57:07.837,2026-03-31 03:00:02.429,264.0034,g1bnYRM2yN,com.sec.android.app.shealth,111f2a6a-63a7-4c7c-8a42-dfff606ddffd,2026-03-31 00:00:00.000,
,,b271403e-1046-4dfd-8326-0986b486a98b.extra_data.json,,0.0,63130130,0.0,4782132,1528.1727,63130130,2026-04-12 12:57:07.492,2026-04-01 03:00:01.204,251.19545,g1bnYRM2yN,com.sec.android.app.shealth,b271403e-1046-4dfd-8326-0986b486a98b,2026-04-01 00:00:00.000,
,,4614f405-6095-491e-b81b-69bf5b341346.extra_data.json,,0.0,63130130,0.0,5770442,1509.668,63130130,2026-04-12 12:57:06.377,2026-04-02 03:50:28.617,307.56165,g1bnYRM2yN,com.sec.android.app.shealth,4614f405-6095-491e-b81b-69bf5b341346,2026-04-02 00:00:00.000,
,,9f0db7b7-8196-4e9d-b78d-f6ca63e53482.extra_data.json,,0.0,63130130,0.0,6310684,1499.5526,63130130,2026-04-12 12:57:05.878,2026-04-03 03:24:37.651,332.6855,g1bnYRM2yN,com.sec.android.app.shealth,9f0db7b7-8196-4e9d-b78d-f6ca63e53482,2026-04-03 00:00:00.000,
,,70d1ee37-a86a-45e7-8353-bfcc29fa3186.extra_data.json,,0.0,63130130,0.0,5428634,1516.0679,63130130,2026-04-12 12:57:04.375,2026-04-04 03:00:01.197,293.03107,g1bnYRM2yN,com.sec.android.app.shealth,70d1ee37-a86a-45e7-8353-bfcc29fa3186,2026-04-04 00:00:00.000,
,,3c09ccc0-8670-4f7c-822b-2b61b4a47a92.extra_data.json,,0.0,63130130,0.0,6824974,1489.9233,63130130,2026-04-12 12:57:01.872,2026-04-05 03:00:01.717,363.63763,g1bnYRM2yN,com.sec.android.app.shealth,3c09ccc0-8670-4f7c-822b-2b61b4a47a92,2026-04-05 00:00:00.000,
,,c30c2342-0558-4bdc-a7e8-084ebe7a9e4f.extra_data.json,,0.0,63130130,0.0,7039290,1485.9108,63130130,2026-04-12 12:56:59.748,2026-04-06 03:00:01.273,372.37708,g1bnYRM2yN,com.sec.android.app.shealth,c30c2342-0558-4bdc-a7e8-084ebe7a9e4f,2026-04-06 00:00:00.000,
,,e4762beb-a2bc-4ede-a686-3c1b37773155.extra_data.json,,0.0,63130130,0.0,5254417,1519.3298,63130130,2026-04-12 12:56:58.936,2026-04-07 03:46:41.472,282.2675,g1bnYRM2yN,com.sec.android.app.shealth,e4762beb-a2bc-4ede-a686-3c1b37773155,2026-04-07 00:00:00.000,
,,c9b61f71-de0b-44f0-ac42-3a424e843932.extra_data.json,,0.0,63130130,0.0,5471859,1515.2585,63130130,2026-04-12 12:56:58.434,2026-04-08 03:00:02.073,289.06012,g1bnYRM2yN,com.sec.android.app.shealth,c9b61f71-de0b-44f0-ac42-3a424e843932,2026-04-08 00:00:00.000,
,,ced2f5dc-86d9-4cce-a288-7c6161bb501b.extra_data.json,,0.0,63130130,0.0,6124598,1503.0369,63130130,2026-04-12 12:56:57.702,2026-04-09 03:00:02.039,322.38568,g1bnYRM2yN,com.sec.android.app.shealth,ced2f5dc-86d9-4cce-a288-7c6161bb501b,2026-04-09 00:00:00.000,
,,1d876098-f800-45f7-bf7e-7f2049a05a5c.extra_data.json,,450.0,63130130,0.0,9594768,1438.0632,63130130,2026-04-12 12:56:57.008,2026-04-10 03:00:11.938,746.91583,g1bnYRM2yN,com.sec.android.app.shealth,1d876098-f800-45f7-bf7e-7f2049a05a5c,2026-04-10 00:00:00.000,
,,b47c1a76-b9de-4c58-945c-4ef79af7e946.extra_data.json,,0.0,63130130,0.0,5145921,1521.3612,63130130,2026-04-12 03:02:50.641,2026-04-11 03:55:28.188,271.17236,g1bnYRM2yN,com.sec.android.app.shealth,b47c1a76-b9de-4c58-945c-4ef79af7e946,2026-04-11 00:00:00.000,
,,fd3938d4-353e-40c7-b28a-7fbb8ea58185.extra_data.json,,0.0,63130130,0.0,3413249,1553.8029,63200010,2026-04-22 20:10:12.084,2026-04-12 03:01:29.800,182.58832,g1bnYRM2yN,com.sec.android.app.shealth,fd3938d4-353e-40c7-b28a-7fbb8ea58185,2026-04-12 00:00:00.000,
,,1b05ff0a-47e0-4071-820b-f2d26728168b.extra_data.json,,0.0,63130130,0.0,4810364,1527.6439,63130130,2026-04-14 08:02:23.575,2026-04-13 03:00:01.398,251.31822,g1bnYRM2yN,com.sec.android.app.shealth,1b05ff0a-47e0-4071-820b-f2d26728168b,2026-04-13 00:00:00.000,
,,c1e403bb-3c74-4b88-8346-8fa94fca3239.extra_data.json,,0.0,63130130,0.0,5853817,1508.1069,63130130,2026-04-15 12:31:00.876,2026-04-14 03:00:01.619,315.5814,g1bnYRM2yN,com.sec.android.app.shealth,c1e403bb-3c74-4b88-8346-8fa94fca3239,2026-04-14 00:00:00.000,
,,65ee017f-dade-4720-be1f-b3408ab1d8c0.extra_data.json,,0.0,63130130,0.0,4507440,1533.3158,63130130,2026-04-16 03:00:02.067,2026-04-15 03:00:02.014,239.02226,g1bnYRM2yN,com.sec.android.app.shealth,65ee017f-dade-4720-be1f-b3408ab1d8c0,2026-04-15 00:00:00.000,
,,1c3d88d5-0fc7-4ade-8061-66aa5fce7623.extra_data.json,,0.0,63130130,0.0,3792125,1546.709,63130130,2026-04-17 03:19:18.840,2026-04-16 03:00:00.913,207.13988,g1bnYRM2yN,com.sec.android.app.shealth,1c3d88d5-0fc7-4ade-8061-66aa5fce7623,2026-04-16 00:00:00.000,
,,d363c2aa-b123-48b6-a32c-9a7ecff336bd.extra_data.json,,0.0,63130130,0.0,2990607,1561.7162,63130130,2026-04-18 11:13:30.572,2026-04-17 03:00:01.063,158.32715,g1bnYRM2yN,com.sec.android.app.shealth,d363c2aa-b123-48b6-a32c-9a7ecff336bd,2026-04-17 00:00:00.000,
,,801c0e67-f52c-415f-8a5b-af73b6614dd2.extra_data.json,,0.0,63130130,0.0,4941603,1525.1868,63130130,2026-04-19 03:11:36.885,2026-04-18 03:00:01.132,255.86333,g1bnYRM2yN,com.sec.android.app.shealth,801c0e67-f52c-415f-8a5b-af73b6614dd2,2026-04-18 00:00:00.000,
,,c9efb256-8968-42bb-9f34-c88e7cd44f9b.extra_data.json,,0.0,63130130,0.0,2744698,1566.3206,63130130,2026-04-20 03:27:07.345,2026-04-19 03:11:36.400,146.0578,g1bnYRM2yN,com.sec.android.app.shealth,c9efb256-8968-42bb-9f34-c88e7cd44f9b,2026-04-19 00:00:00.000,
,,64b09e96-1606-457f-b77c-b95f1f0767cb.extra_data.json,,734.0,63130130,0.0,12044083,1392.2035,63130130,2026-04-21 12:30:30.741,2026-04-20 03:00:02.683,989.2442,g1bnYRM2yN,com.sec.android.app.shealth,64b09e96-1606-457f-b77c-b95f1f0767cb,2026-04-20 00:00:00.000,
,,990fcba1-e1c0-4c2e-9f4a-3db9e1400e9e.extra_data.json,,0.0,63130130,0.0,5830012,1508.5525,63130130,2026-04-22 11:46:30.932,2026-04-21 03:00:01.908,318.27533,g1bnYRM2yN,com.sec.android.app.shealth,990fcba1-e1c0-4c2e-9f4a-3db9e1400e9e,2026-04-21 00:00:00.000,
,,2daa3de6-1bd9-49a6-95f6-977ad2346211.extra_data.json,,0.0,63130130,0.0,3736152,1547.757,63200010,2026-04-23 14:16:25.102,2026-04-22 03:00:01.633,200.30026,g1bnYRM2yN,com.sec.android.app.shealth,2daa3de6-1bd9-49a6-95f6-977ad2346211,2026-04-22 00:00:00.000,
,,c3c2eb79-1be4-4a30-8392-9b8023cbf112.extra_data.json,,0.0,63200010,0.0,3394826,1554.1478,63200010,2026-04-24 03:01:11.328,2026-04-23 03:00:01.125,181.26707,g1bnYRM2yN,com.sec.android.app.shealth,c3c2eb79-1be4-4a30-8392-9b8023cbf112,2026-04-23 00:00:00.000,
,,d35ccaf2-544f-4452-a2ae-eda41f36b683.extra_data.json,,0.0,63200010,0.0,3414495,1553.7795,63200010,2026-04-25 12:02:35.446,2026-04-24 03:00:01.411,183.40582,g1bnYRM2yN,com.sec.android.app.shealth,d35ccaf2-544f-4452-a2ae-eda41f36b683,2026-04-24 00:00:00.000,
,,cf8a372e-4948-4095-b1f2-64ca8cdf9345.extra_data.json,,0.0,63200010,0.0,6478199,1496.4163,63200010,2026-04-26 08:47:59.443,2026-04-25 03:00:02.650,345.84683,g1bnYRM2yN,com.sec.android.app.shealth,cf8a372e-4948-4095-b1f2-64ca8cdf9345,2026-04-25 00:00:00.000,
,,b92dc1d9-ac5c-4d77-a017-bc7858411d10.extra_data.json,,0.0,63200010,0.0,7613456,1475.1603,63200010,2026-04-27 17:04:00.887,2026-04-26 03:00:11.779,409.2162,g1bnYRM2yN,com.sec.android.app.shealth,b92dc1d9-ac5c-4d77-a017-bc7858411d10,2026-04-26 00:00:00.000,
,,f10f056a-ae6f-4912-a2c9-c15b69b6cb22.extra_data.json,,0.0,63200010,0.0,5996711,1505.4314,63200010,2026-04-28 09:44:52.420,2026-04-27 03:29:48.750,318.85022,g1bnYRM2yN,com.sec.android.app.shealth,f10f056a-ae6f-4912-a2c9-c15b69b6cb22,2026-04-27 00:00:00.000,
,,1f57a6f9-a53d-4764-be8c-344c565bfe6f.extra_data.json,,0.0,63200010,0.0,3955135,1543.6569,63200010,2026-04-29 03:34:22.018,2026-04-28 03:00:01.687,211.0376,g1bnYRM2yN,com.sec.android.app.shealth,1f57a6f9-a53d-4764-be8c-344c565bfe6f,2026-04-28 00:00:00.000,
,,1b3101c3-e6bd-4a73-84e8-80ca5456742b.extra_data.json,,0.0,63200010,0.0,6570060,1494.6963,63200010,2026-04-30 03:02:47.322,2026-04-29 03:34:20.114,356.21954,g1bnYRM2yN,com.sec.android.app.shealth,1b3101c3-e6bd-4a73-84e8-80ca5456742b,2026-04-29 00:00:00.000,
,,3cd5b67f-2005-4fb8-8db0-d1b2e59a5c66.extra_data.json,,0.0,63200010,0.0,4342923,1536.3962,63200010,2026-05-01 03:06:21.514,2026-04-30 03:00:00.990,234.50308,g1bnYRM2yN,com.sec.android.app.shealth,3cd5b67f-2005-4fb8-8db0-d1b2e59a5c66,2026-04-30 00:00:00.000,
,,b6761def-64a8-41b1-ba33-589bf3a89b9c.extra_data.json,,202.0,63200010,0.0,7969453,1468.4948,63200010,2026-05-02 07:15:15.833,2026-05-01 03:06:20.526,541.626,g1bnYRM2yN,com.sec.android.app.shealth,b6761def-64a8-41b1-ba33-589bf3a89b9c,2026-05-01 00:00:00.000,
,,d8adba57-f5c9-482e-8a91-a44156b35e94.extra_data.json,,0.0,63200010,0.0,10139844,1427.8575,63200010,2026-05-03 05:33:58.052,2026-05-02 03:00:02.758,573.4797,g1bnYRM2yN,com.sec.android.app.shealth,d8adba57-f5c9-482e-8a91-a44156b35e94,2026-05-02 00:00:00.000,
,,4abcd90e-43a2-4186-acf5-1ad25bd5978c.extra_data.json,,0.0,63200010,0.0,4129030,1540.4009,63200010,2026-05-04 12:24:35.805,2026-05-03 03:00:05.391,223.801,g1bnYRM2yN,com.sec.android.app.shealth,4abcd90e-43a2-4186-acf5-1ad25bd5978c,2026-05-03 00:00:00.000,
,,a4e86c6f-3078-4376-b741-c501db685ed3.extra_data.json,,199.0,63200010,0.0,8187099,1464.4197,63200010,2026-05-05 12:06:04.246,2026-05-04 03:22:22.137,537.15845,g1bnYRM2yN,com.sec.android.app.shealth,a4e86c6f-3078-4376-b741-c501db685ed3,2026-05-04 00:00:00.000,
,,2d4915f5-84fa-4ea6-92ac-c75afb567fa7.extra_data.json,,0.0,63200010,0.0,4945334,1525.1168,63200010,2026-05-06 11:17:32.851,2026-05-05 03:00:00.903,263.32886,g1bnYRM2yN,com.sec.android.app.shealth,2d4915f5-84fa-4ea6-92ac-c75afb567fa7,2026-05-05 00:00:00.000,
,,110135e7-15c2-480f-898d-ad0cc92ae2b9.extra_data.json,,0.0,63200010,0.0,3308707,1555.7604,63200010,2026-05-07 03:01:37.865,2026-05-06 03:00:08.305,179.25955,g1bnYRM2yN,com.sec.android.app.shealth,110135e7-15c2-480f-898d-ad0cc92ae2b9,2026-05-06 00:00:00.000,
,,707fc623-9442-4607-9d1e-327873050a46.extra_data.json,,0.0,63200010,0.0,5330615,1517.9031,63200010,2026-05-08 10:51:45.579,2026-05-07 03:00:01.605,286.72003,g1bnYRM2yN,com.sec.android.app.shealth,707fc623-9442-4607-9d1e-327873050a46,2026-05-07 00:00:00.000,
,,8bb08922-f633-4656-affd-8b55c3f7e5dc.extra_data.json,,0.0,63200010,0.0,6112024,1503.2723,63200010,2026-05-09 04:41:16.006,2026-05-08 03:46:48.638,328.9954,g1bnYRM2yN,com.sec.android.app.shealth,8bb08922-f633-4656-affd-8b55c3f7e5dc,2026-05-08 00:00:00.000,
,,21a65f1d-43ac-42a4-8b6b-d4518ef1c989.extra_data.json,,0.0,63200010,0.0,5044200,1523.2657,63200010,2026-05-10 13:32:35.850,2026-05-09 03:00:01.549,265.7775,g1bnYRM2yN,com.sec.android.app.shealth,21a65f1d-43ac-42a4-8b6b-d4518ef1c989,2026-05-09 00:00:00.000,
,,35b2a21c-6357-4dac-9208-b2820a211b36.extra_data.json,,0.0,63200010,0.0,2501983,1570.865,63200010,2026-05-11 12:35:50.958,2026-05-10 03:00:01.657,129.7649,g1bnYRM2yN,com.sec.android.app.shealth,35b2a21c-6357-4dac-9208-b2820a211b36,2026-05-10 00:00:00.000,
,,9c17c743-1b56-48db-bba9-c30614d73eef.extra_data.json,,0.0,63200010,0.0,6672611,1492.7762,63200010,2026-05-12 04:08:18.335,2026-05-11 03:00:02.576,362.60223,g1bnYRM2yN,com.sec.android.app.shealth,9c17c743-1b56-48db-bba9-c30614d73eef,2026-05-11 00:00:00.000,
,,24062b12-cdfe-4ddd-9aa5-3a1e55ad1c7b.extra_data.json,,0.0,63200010,0.0,4292128,1537.3472,63200010,2026-05-13 03:00:43.385,2026-05-12 03:00:01.608,237.63019,g1bnYRM2yN,com.sec.android.app.shealth,24062b12-cdfe-4ddd-9aa5-3a1e55ad1c7b,2026-05-12 00:00:00.000,
,,23ab7436-2694-468b-9825-ec180d04d835.extra_data.json,,0.0,63200010,0.0,3509177,1552.0068,63200010,2026-05-14 03:06:08.408,2026-05-13 03:00:02.079,189.06645,g1bnYRM2yN,com.sec.android.app.shealth,23ab7436-2694-468b-9825-ec180d04d835,2026-05-13 00:00:00.000,
,,7a97277d-b781-4b10-bf9a-49c78e1b2d4f.extra_data.json,,0.0,63200010,0.0,5284610,1518.7645,63200010,2026-05-15 10:58:14.378,2026-05-14 03:00:01.702,281.75818,g1bnYRM2yN,com.sec.android.app.shealth,7a97277d-b781-4b10-bf9a-49c78e1b2d4f,2026-05-14 00:00:00.000,
,,90f37938-0e9b-48b9-b430-080263ca33e9.extra_data.json,,0.0,63200010,0.0,4052642,1541.8313,63200010,2026-05-16 12:16:16.129,2026-05-15 03:00:02.085,216.00156,g1bnYRM2yN,com.sec.android.app.shealth,90f37938-0e9b-48b9-b430-080263ca33e9,2026-05-15 00:00:00.000,
,,d508b33b-0cbf-4163-913c-120dc1ba19e1.extra_data.json,,0.0,63200010,0.0,5720164,1510.6094,63200010,2026-05-17 03:20:22.733,2026-05-16 03:00:03.176,294.26096,g1bnYRM2yN,com.sec.android.app.shealth,d508b33b-0cbf-4163-913c-120dc1ba19e1,2026-05-16 00:00:00.000,
,,82439a76-afe2-4429-b061-adc8bf3b9486.extra_data.json,,0.0,63200010,0.0,3654680,1549.2825,63200010,2026-05-18 11:34:41.395,2026-05-17 03:00:03.227,201.73154,g1bnYRM2yN,com.sec.android.app.shealth,82439a76-afe2-4429-b061-adc8bf3b9486,2026-05-17 00:00:00.000,
,,6fc6e802-cf83-4cd4-a049-cf96bc83d4a4.extra_data.json,,0.0,63200010,0.0,2743158,1566.3492,63200010,2026-05-19 17:22:27.544,2026-05-18 03:00:00.880,158.06241,g1bnYRM2yN,com.sec.android.app.shealth,6fc6e802-cf83-4cd4-a049-cf96bc83d4a4,2026-05-18 00:00:00.000,
,,dcb57d57-436d-45f0-990e-c74c00b25ffa.extra_data.json,,0.0,63200010,0.0,4504779,1533.3657,63200010,2026-05-20 13:08:57.673,2026-05-19 03:00:00.990,242.38988,g1bnYRM2yN,com.sec.android.app.shealth,dcb57d57-436d-45f0-990e-c74c00b25ffa,2026-05-19 00:00:00.000,
,,14fafa9f-0090-467c-9c08-36f79eca0e1c.extra_data.json,,0.0,63200010,0.0,3650578,1549.3593,63200010,2026-05-21 13:27:35.639,2026-05-20 03:00:02.889,196.74783,g1bnYRM2yN,com.sec.android.app.shealth,14fafa9f-0090-467c-9c08-36f79eca0e1c,2026-05-20 00:00:00.000,
,,8c9e174b-4b91-4078-926e-7a18787f6171.extra_data.json,,0.0,63200010,0.0,3653646,1549.3018,63200010,2026-05-22 10:52:51.576,2026-05-21 03:00:01.850,192.69753,g1bnYRM2yN,com.sec.android.app.shealth,8c9e174b-4b91-4078-926e-7a18787f6171,2026-05-21 00:00:00.000,
,,09ea09fc-a33c-4deb-8040-3deffe6de426.extra_data.json,,0.0,63200010,0.0,4426446,1534.8323,63200010,2026-05-23 04:17:22.408,2026-05-22 03:00:02.284,237.79214,g1bnYRM2yN,com.sec.android.app.shealth,09ea09fc-a33c-4deb-8040-3deffe6de426,2026-05-22 00:00:00.000,
,,b270f85b-577b-40b3-9b88-d1d04072da3e.extra_data.json,,0.0,63200010,0.0,5921328,1506.8429,63200010,2026-05-24 03:23:31.214,2026-05-23 04:13:29.523,316.46896,g1bnYRM2yN,com.sec.android.app.shealth,b270f85b-577b-40b3-9b88-d1d04072da3e,2026-05-23 00:00:00.000,
,,c2a440e6-3407-4754-b2f8-632fc4ba5e7d.extra_data.json,,0.0,63200010,0.0,2978781,1561.9376,63200010,2026-05-25 13:10:53.667,2026-05-24 03:01:32.062,161.23239,g1bnYRM2yN,com.sec.android.app.shealth,c2a440e6-3407-4754-b2f8-632fc4ba5e7d,2026-05-24 00:00:00.000,
,,8f88597b-7085-48aa-9f09-24b1acfe3801.extra_data.json,,0.0,63200010,0.0,3967169,1543.4316,63200010,2026-05-26 11:38:54.079,2026-05-25 03:00:24.753,212.54773,g1bnYRM2yN,com.sec.android.app.shealth,8f88597b-7085-48aa-9f09-24b1acfe3801,2026-05-25 00:00:00.000,
,,e31b3692-175a-4a20-b998-8b0b0d256e82.extra_data.json,,0.0,63200010,0.0,3746763,1547.5583,63200010,2026-05-27 03:09:11.817,2026-05-26 03:11:25.948,207.6505,g1bnYRM2yN,com.sec.android.app.shealth,e31b3692-175a-4a20-b998-8b0b0d256e82,2026-05-26 00:00:00.000,
,,d3f3c268-224b-4f42-a626-65df4a799656.extra_data.json,,0.0,63200010,0.0,3729846,1547.875,63200010,2026-05-28 11:39:07.927,2026-05-27 03:00:01.943,203.89532,g1bnYRM2yN,com.sec.android.app.shealth,d3f3c268-224b-4f42-a626-65df4a799656,2026-05-27 00:00:00.000,
,,4ca52f07-1fb2-4458-8a65-b592c129324a.extra_data.json,,0.0,63200010,0.0,4147951,1540.0466,63200010,2026-05-29 03:11:20.552,2026-05-28 03:00:45.458,226.93034,g1bnYRM2yN,com.sec.android.app.shealth,4ca52f07-1fb2-4458-8a65-b592c129324a,2026-05-28 00:00:00.000,
,,70615d4f-404a-4b40-9be6-757a522438d5.extra_data.json,,0.0,63200010,0.0,4234775,1538.421,63200010,2026-05-30 09:03:29.184,2026-05-29 03:00:01.637,223.66948,g1bnYRM2yN,com.sec.android.app.shealth,70615d4f-404a-4b40-9be6-757a522438d5,2026-05-29 00:00:00.000,
,,323ed202-a600-4f90-abde-f17b2fef7599.extra_data.json,,0.0,63200010,0.0,4386235,1535.5852,63200010,2026-05-31 09:16:30.766,2026-05-30 03:00:02.539,229.45726,g1bnYRM2yN,com.sec.android.app.shealth,323ed202-a600-4f90-abde-f17b2fef7599,2026-05-30 00:00:00.000,
,,23cbf8a1-346c-45d1-ad07-8c55d3caf844.extra_data.json,,0.0,63200010,0.0,5596752,1512.92,63200010,2026-06-01 11:01:13.698,2026-05-31 03:00:02.387,294.93292,g1bnYRM2yN,com.sec.android.app.shealth,23cbf8a1-346c-45d1-ad07-8c55d3caf844,2026-05-31 00:00:00.000,
,,292afc73-13e2-4078-a484-e0a61ca42ef5.extra_data.json,,0.0,63200010,0.0,4865407,1526.6134,63200010,2026-06-02 03:30:13.739,2026-06-01 03:00:01.574,264.32028,g1bnYRM2yN,com.sec.android.app.shealth,292afc73-13e2-4078-a484-e0a61ca42ef5,2026-06-01 00:00:00.000,
,,95e945e2-a7b3-4e91-a485-d4281e3adeef.extra_data.json,,0.0,63200010,0.0,3764191,1547.232,63200010,2026-06-03 03:07:14.661,2026-06-02 03:02:52.441,203.67427,g1bnYRM2yN,com.sec.android.app.shealth,95e945e2-a7b3-4e91-a485-d4281e3adeef,2026-06-02 00:00:00.000,
,,12039a82-e715-4f12-bc08-2ef8948813ea.extra_data.json,,0.0,63200010,0.0,3285278,1556.199,63200010,2026-06-04 06:57:06.070,2026-06-03 03:00:14.708,172.2241,g1bnYRM2yN,com.sec.android.app.shealth,12039a82-e715-4f12-bc08-2ef8948813ea,2026-06-03 00:00:00.000,
,,98a307a9-fb3c-4ba5-aefd-b5e710c05d69.extra_data.json,,0.0,63200010,0.0,7088285,1484.9933,63200010,2026-06-05 05:18:47.817,2026-06-04 03:01:38.261,376.18814,g1bnYRM2yN,com.sec.android.app.shealth,98a307a9-fb3c-4ba5-aefd-b5e710c05d69,2026-06-04 00:00:00.000,
,,17922570-6f52-47b6-a494-d278f922a92c.extra_data.json,,0.0,63200010,0.0,7293187,1481.1569,63200010,2026-06-06 03:22:05.868,2026-06-05 03:00:01.501,407.1966,g1bnYRM2yN,com.sec.android.app.shealth,17922570-6f52-47b6-a494-d278f922a92c,2026-06-05 00:00:00.000,
,,20a1dcec-9c79-4c20-ba88-b9ebd05cd2d0.extra_data.json,,0.0,63200010,0.0,8192406,1464.3203,63200010,2026-06-07 03:32:07.463,2026-06-06 03:04:21.925,432.88098,g1bnYRM2yN,com.sec.android.app.shealth,20a1dcec-9c79-4c20-ba88-b9ebd05cd2d0,2026-06-06 00:00:00.000,
,,573c21f7-e3c9-4653-a09c-0d8fe84a2e5e.extra_data.json,,0.0,63200010,0.0,5567984,1513.4587,63200010,2026-06-08 03:08:08.753,2026-06-07 03:00:01.677,291.94794,g1bnYRM2yN,com.sec.android.app.shealth,573c21f7-e3c9-4653-a09c-0d8fe84a2e5e,2026-06-07 00:00:00.000,
,,7c38b2c2-a6bb-4959-9206-1e9e23e99b16.extra_data.json,,0.0,63200010,0.0,4302192,1537.1588,63200010,2026-06-09 04:37:15.540,2026-06-08 03:00:02.987,231.84065,g1bnYRM2yN,com.sec.android.app.shealth,7c38b2c2-a6bb-4959-9206-1e9e23e99b16,2026-06-08 00:00:00.000,
,,24936c24-2236-46e1-a8c6-f69deb2a9be9.extra_data.json,,0.0,63200010,0.0,5450532,1515.6578,63200010,2026-06-10 12:05:50.985,2026-06-09 03:00:01.934,293.1157,g1bnYRM2yN,com.sec.android.app.shealth,24936c24-2236-46e1-a8c6-f69deb2a9be9,2026-06-09 00:00:00.000,
,,49980baf-5d7b-44c8-86e5-113721b2b320.extra_data.json,,0.0,63200010,0.0,3752175,1547.457,63200010,2026-06-11 03:12:08.892,2026-06-10 03:00:01.005,195.21657,g1bnYRM2yN,com.sec.android.app.shealth,49980baf-5d7b-44c8-86e5-113721b2b320,2026-06-10 00:00:00.000,
,,501df688-cc14-46ad-90fc-a1e2bc8c3fde.extra_data.json,,0.0,63200010,0.0,2507809,1570.7559,63200010,2026-06-12 10:36:30.967,2026-06-11 03:12:07.354,130.4111,g1bnYRM2yN,com.sec.android.app.shealth,501df688-cc14-46ad-90fc-a1e2bc8c3fde,2026-06-11 00:00:00.000,
,,4aa25eb9-dcd1-4cc7-926b-00d6251c641a.extra_data.json,,0.0,63200010,0.0,3613286,1550.0575,63200010,2026-06-13 03:24:19.525,2026-06-12 03:00:01.225,194.35112,g1bnYRM2yN,com.sec.android.app.shealth,4aa25eb9-dcd1-4cc7-926b-00d6251c641a,2026-06-12 00:00:00.000,
,,ed0aa02c-8c68-4f80-9618-13c5a76befcc.extra_data.json,,0.0,63200010,0.0,9050524,1448.2533,63200010,2026-06-14 03:39:12.434,2026-06-13 03:04:45.933,477.03668,g1bnYRM2yN,com.sec.android.app.shealth,ed0aa02c-8c68-4f80-9618-13c5a76befcc,2026-06-13 00:00:00.000,
,,e632ac62-ebbe-4569-8cee-56cc2f482592.extra_data.json,,0.0,63200010,0.0,9078571,1447.7283,63200010,2026-06-15 03:17:43.511,2026-06-14 03:00:01.926,466.00955,g1bnYRM2yN,com.sec.android.app.shealth,e632ac62-ebbe-4569-8cee-56cc2f482592,2026-06-14 00:00:00.000,
,,578c8739-77da-4dc8-87f5-5ec6d59e5dd9.extra_data.json,,0.0,63200010,0.0,3509467,1552.0015,63200010,2026-06-16 13:21:23.499,2026-06-15 03:00:01.690,190.33327,g1bnYRM2yN,com.sec.android.app.shealth,578c8739-77da-4dc8-87f5-5ec6d59e5dd9,2026-06-15 00:00:00.000,
,,1c7e929a-aba1-4def-85c6-f39da9384029.extra_data.json,,0.0,63200010,0.0,3409274,1553.8773,63200010,2026-06-17 03:13:48.760,2026-06-16 03:00:02.207,186.09792,g1bnYRM2yN,com.sec.android.app.shealth,1c7e929a-aba1-4def-85c6-f39da9384029,2026-06-16 00:00:00.000,
,,dc1aa408-b82f-4f44-b3cb-1895cbf1e136.extra_data.json,,0.0,63200010,0.0,2223502,1576.0791,63200010,2026-06-18 03:46:06.790,2026-06-17 03:06:45.488,120.55588,g1bnYRM2yN,com.sec.android.app.shealth,dc1aa408-b82f-4f44-b3cb-1895cbf1e136,2026-06-17 00:00:00.000,
,,0bcf7861-5d0d-4f4f-b0da-55994e8915ae.extra_data.json,,0.0,63200010,0.0,2474547,1571.3788,63200010,2026-06-19 03:11:40.553,2026-06-18 03:00:48.872,137.76048,g1bnYRM2yN,com.sec.android.app.shealth,0bcf7861-5d0d-4f4f-b0da-55994e8915ae,2026-06-18 00:00:00.000,
,,71d03d2a-1882-4c45-967a-dc803b211e9b.extra_data.json,,0.0,63200010,0.0,2656110,1567.9791,63200010,2026-06-20 03:00:03.828,2026-06-19 03:00:02.465,151.81088,g1bnYRM2yN,com.sec.android.app.shealth,71d03d2a-1882-4c45-967a-dc803b211e9b,2026-06-19 00:00:00.000,
,,b9d57d32-0edf-4f68-92d3-fc6d1255553c.extra_data.json,,0.0,63200010,0.0,7512440,1477.0516,63200010,2026-06-21 03:54:32.612,2026-06-20 03:00:02.729,402.2341,g1bnYRM2yN,com.sec.android.app.shealth,b9d57d32-0edf-4f68-92d3-fc6d1255553c,2026-06-20 00:00:00.000,
,,2535039a-5f61-4b56-b067-7a7412aed26c.extra_data.json,,0.0,63200010,0.0,8723835,1454.3701,63200010,2026-06-22 13:05:41.263,2026-06-21 03:01:55.769,461.7923,g1bnYRM2yN,com.sec.android.app.shealth,2535039a-5f61-4b56-b067-7a7412aed26c,2026-06-21 00:00:00.000,
,,46fb0b1d-82cc-4cec-982e-b0444fef7c4d.extra_data.json,,0.0,63200010,0.0,3869231,1545.2653,63200010,2026-06-23 12:02:25.319,2026-06-22 03:17:36.598,208.37213,g1bnYRM2yN,com.sec.android.app.shealth,46fb0b1d-82cc-4cec-982e-b0444fef7c4d,2026-06-22 00:00:00.000,
,,30b207b1-ea38-425c-9c2c-101e9e95d85f.extra_data.json,,0.0,63200010,0.0,3258331,1556.7035,63200010,2026-06-24 13:28:50.672,2026-06-23 03:00:02.446,170.756,g1bnYRM2yN,com.sec.android.app.shealth,30b207b1-ea38-425c-9c2c-101e9e95d85f,2026-06-23 00:00:00.000,
,,85ecb1bd-0fe6-4258-bab4-2a6d1aab5d71.extra_data.json,,0.0,63200010,0.0,2530559,1570.33,63200010,2026-06-25 04:28:06.595,2026-06-24 03:00:36.597,142.28226,g1bnYRM2yN,com.sec.android.app.shealth,85ecb1bd-0fe6-4258-bab4-2a6d1aab5d71,2026-06-24 00:00:00.000,
,,0c6565ff-e3f7-4ae0-8322-700fc010682b.extra_data.json,,0.0,63200010,0.0,2734992,1566.5022,63200010,2026-06-27 12:16:20.216,2026-06-25 03:02:06.665,149.37137,g1bnYRM2yN,com.sec.android.app.shealth,0c6565ff-e3f7-4ae0-8322-700fc010682b,2026-06-25 00:00:00.000,
,,bc441a7b-f214-4ebe-a428-4fbe06952ae4.extra_data.json,,0.0,63200010,0.0,371518,1610.7548,63200010,2026-06-27 12:16:19.453,2026-06-26 03:00:01.186,17.838709,g1bnYRM2yN,com.sec.android.app.shealth,bc441a7b-f214-4ebe-a428-4fbe06952ae4,2026-06-26 00:00:00.000,
,,e9b7b8de-e2a3-4d10-996c-a2ed30ec55e3.extra_data.json,,0.0,63200010,0.0,6100622,1503.4858,63200010,2026-06-28 03:15:48.339,2026-06-27 03:00:02.534,320.0916,g1bnYRM2yN,com.sec.android.app.shealth,e9b7b8de-e2a3-4d10-996c-a2ed30ec55e3,2026-06-27 00:00:00.000,
,,adbe5f33-0389-48b6-ab2a-b1c2a8082c99.extra_data.json,,0.0,63200010,0.0,4071710,1541.4741,63200010,2026-06-29 10:25:00.037,2026-06-28 03:15:41.998,216.58553,g1bnYRM2yN,com.sec.android.app.shealth,adbe5f33-0389-48b6-ab2a-b1c2a8082c99,2026-06-28 00:00:00.000,
,,ffcc4a07-14ed-4977-972a-46d26b4e5441.extra_data.json,,0.0,63200010,0.0,3879664,1545.07,63200010,2026-06-30 12:16:25.266,2026-06-29 03:07:08.657,208.56905,g1bnYRM2yN,com.sec.android.app.shealth,ffcc4a07-14ed-4977-972a-46d26b4e5441,2026-06-29 00:00:00.000,
,,7742ea31-9d3a-4598-b4cc-24a7098ccd29.extra_data.json,,0.0,63200010,0.0,2411998,1572.5498,70001070,2026-07-01 09:25:28.312,2026-06-30 03:00:01.071,131.1725,g1bnYRM2yN,com.sec.android.app.shealth,7742ea31-9d3a-4598-b4cc-24a7098ccd29,2026-06-30 00:00:00.000,
,,08a55a7b-3bca-4ecd-9251-d43497c9af98.extra_data.json,,0.0,70001070,0.0,3045661,1560.6854,70001070,2026-07-02 10:11:11.988,2026-07-01 03:00:01.521,163.8927,g1bnYRM2yN,com.sec.android.app.shealth,08a55a7b-3bca-4ecd-9251-d43497c9af98,2026-07-01 00:00:00.000,
,,8ada748f-aa21-4757-9d46-48991be7841d.extra_data.json,,0.0,70001070,0.0,4821319,1527.4388,70001070,2026-07-03 09:53:21.702,2026-07-02 04:11:49.187,256.27893,g1bnYRM2yN,com.sec.android.app.shealth,8ada748f-aa21-4757-9d46-48991be7841d,2026-07-02 00:00:00.000,
,,0fcedd5a-6e92-4374-9e90-24f9f15991d7.extra_data.json,,0.0,70001070,0.0,5929875,1506.6829,70001070,2026-07-04 04:20:35.663,2026-07-03 03:00:00.843,318.74652,g1bnYRM2yN,com.sec.android.app.shealth,0fcedd5a-6e92-4374-9e90-24f9f15991d7,2026-07-03 00:00:00.000,
,,11283399-e2b3-429a-bc82-ce1b538053a6.extra_data.json,,0.0,70001070,0.0,14485545,1346.4907,70001070,2026-07-05 03:04:40.513,2026-07-04 04:17:07.735,771.5613,g1bnYRM2yN,com.sec.android.app.shealth,11283399-e2b3-429a-bc82-ce1b538053a6,2026-07-04 00:00:00.000,
,,06693b31-f18c-477f-ae90-5e5c6e59ed22.extra_data.json,,0.0,70001070,0.0,3582907,1550.6263,70001070,2026-07-06 10:45:16.599,2026-07-05 03:02:37.083,191.84285,g1bnYRM2yN,com.sec.android.app.shealth,06693b31-f18c-477f-ae90-5e5c6e59ed22,2026-07-05 00:00:00.000,
,,fa5a3da0-f0a1-47ec-84ac-931e9c1f0b7b.extra_data.json,,0.0,70001070,0.0,7134739,1484.1237,70001070,2026-07-07 11:23:54.681,2026-07-06 03:39:00.461,377.29807,g1bnYRM2yN,com.sec.android.app.shealth,fa5a3da0-f0a1-47ec-84ac-931e9c1f0b7b,2026-07-06 00:00:00.000,
,,52343b8a-1ab7-4075-a935-b185680c8929.extra_data.json,,0.0,70001070,0.0,4879162,1526.3558,70001070,2026-07-08 10:19:43.848,2026-07-07 03:10:13.752,260.6422,g1bnYRM2yN,com.sec.android.app.shealth,52343b8a-1ab7-4075-a935-b185680c8929,2026-07-07 00:00:00.000,
,,d4dc44a6-198d-4cae-9964-e2495689b4da.extra_data.json,,0.0,70001070,0.0,7915545,1469.5042,70001070,2026-07-09 11:18:06.073,2026-07-08 03:00:01.408,422.1355,g1bnYRM2yN,com.sec.android.app.shealth,d4dc44a6-198d-4cae-9964-e2495689b4da,2026-07-08 00:00:00.000,
,,5e0aaab4-e33d-4376-8025-b1f1a1599685.extra_data.json,,0.0,70001070,0.0,8067846,1466.6525,70001070,2026-07-10 04:14:10.870,2026-07-09 03:00:02.127,425.64783,g1bnYRM2yN,com.sec.android.app.shealth,5e0aaab4-e33d-4376-8025-b1f1a1599685,2026-07-09 00:00:00.000,
,,b318bcdc-21eb-422c-98de-dff4b06cd4e6.extra_data.json,,0.0,70001070,0.0,6135612,1502.8307,70001070,2026-07-11 08:59:01.300,2026-07-10 03:00:01.032,321.05777,g1bnYRM2yN,com.sec.android.app.shealth,b318bcdc-21eb-422c-98de-dff4b06cd4e6,2026-07-10 00:00:00.000,
,,08023fda-d8f8-48c0-a3cd-6d03b8318b89.extra_data.json,,0.0,70001070,0.0,2863403,1564.098,70001070,2026-07-12 06:36:57.350,2026-07-11 03:00:02.270,154.4509,g1bnYRM2yN,com.sec.android.app.shealth,08023fda-d8f8-48c0-a3cd-6d03b8318b89,2026-07-11 00:00:00.000,
,,4a125156-9e1e-4589-89ae-c550b6a74b63.extra_data.json,,0.0,70001070,0.0,10241696,1425.9504,70001070,2026-07-13 13:00:44.137,2026-07-12 04:22:24.439,547.2625,g1bnYRM2yN,com.sec.android.app.shealth,4a125156-9e1e-4589-89ae-c550b6a74b63,2026-07-12 00:00:00.000,
,,ead0705f-429d-4df1-8830-250f883a5bf7.extra_data.json,,0.0,70001070,0.0,3646159,1549.442,70001070,2026-07-14 12:10:58.877,2026-07-13 03:32:29.142,201.19424,g1bnYRM2yN,com.sec.android.app.shealth,ead0705f-429d-4df1-8830-250f883a5bf7,2026-07-13 00:00:00.000,
,,37273257-8f76-4d77-a742-8e0f23d890ba.extra_data.json,,473.0,70001070,0.0,8019828,1467.5516,70001070,2026-07-15 10:30:27.453,2026-07-14 03:00:06.332,649.24567,g1bnYRM2yN,com.sec.android.app.shealth,37273257-8f76-4d77-a742-8e0f23d890ba,2026-07-14 00:00:00.000,
,,cd870e94-dc35-43fa-88b7-022a25ec2eac.extra_data.json,,518.0,70001070,0.0,7329160,1480.4833,70001070,2026-07-16 03:02:59.105,2026-07-15 03:55:44.331,637.75446,g1bnYRM2yN,com.sec.android.app.shealth,cd870e94-dc35-43fa-88b7-022a25ec2eac,2026-07-15 00:00:00.000,
,,1314edde-ac58-49bb-89c5-e030c8ac45b6.extra_data.json,,436.0,70001070,0.0,7291698,1481.1848,70050090,2026-07-17 03:05:00.674,2026-07-16 03:02:57.235,713.6101,g1bnYRM2yN,com.sec.android.app.shealth,1314edde-ac58-49bb-89c5-e030c8ac45b6,2026-07-16 00:00:00.000,
,,ee720ef8-c35d-4bfd-8a23-b3a91873a7aa.extra_data.json,,0.0,70001070,0.0,3457843,1552.968,70050090,2026-07-18 03:56:58.690,2026-07-17 03:00:03.202,188.01932,g1bnYRM2yN,com.sec.android.app.shealth,ee720ef8-c35d-4bfd-8a23-b3a91873a7aa,2026-07-17 00:00:00.000,
,,edd2e75f-2808-4f35-a20a-8b1cbb87cbb8.extra_data.json,,0.0,70050090,0.0,5631521,1512.269,70050090,2026-07-19 03:25:04.177,2026-07-18 03:56:54.075,302.773,g1bnYRM2yN,com.sec.android.app.shealth,edd2e75f-2808-4f35-a20a-8b1cbb87cbb8,2026-07-18 00:00:00.000,
,,1f1322bf-fdfc-4b2f-986b-c02d1c960204.extra_data.json,,1107.0,70050090,0.0,14827344,1340.0911,70050090,2026-07-20 12:13:54.122,2026-07-19 03:00:10.225,1321.011,g1bnYRM2yN,com.sec.android.app.shealth,1f1322bf-fdfc-4b2f-986b-c02d1c960204,2026-07-19 00:00:00.000,
,,b94736ef-ad57-43f3-b7db-a91b39978399.extra_data.json,,0.0,70050090,0.0,2931856,1562.8163,70050090,2026-07-21 12:32:05.957,2026-07-20 03:00:02.988,159.53255,g1bnYRM2yN,com.sec.android.app.shealth,b94736ef-ad57-43f3-b7db-a91b39978399,2026-07-20 00:00:00.000,
,,20d82e04-3301-490f-8726-27feb61c5804.extra_data.json,,751.0,70050090,0.0,12453842,1384.5314,70050090,2026-07-22 04:11:36.247,2026-07-21 03:00:01.817,1041.1215,g1bnYRM2yN,com.sec.android.app.shealth,20d82e04-3301-490f-8726-27feb61c5804,2026-07-21 00:00:00.000,
,,96b157fe-54a3-46fa-9a08-406bf3424df6.extra_data.json,,0.0,70050090,0.0,2351705,1573.6787,70050090,2026-07-23 04:43:17.485,2026-07-22 03:00:12.777,125.916824,g1bnYRM2yN,com.sec.android.app.shealth,96b157fe-54a3-46fa-9a08-406bf3424df6,2026-07-22 00:00:00.000,
,,104a817f-923e-4e46-8a6c-74cad6bf74f1.extra_data.json,,0.0,70050090,0.0,2485069,1571.1816,70050090,2026-07-24 12:05:30.727,2026-07-23 03:00:01.637,135.66264,g1bnYRM2yN,com.sec.android.app.shealth,104a817f-923e-4e46-8a6c-74cad6bf74f1,2026-07-23 00:00:00.000,
,,267987d1-649f-4704-ac59-8afe228a7fe1.extra_data.json,,0.0,70050090,0.0,2276051,1575.0953,70050090,2026-07-25 08:48:05.897,2026-07-24 03:34:18.312,124.75989,g1bnYRM2yN,com.sec.android.app.shealth,267987d1-649f-4704-ac59-8afe228a7fe1,2026-07-24 00:00:00.000,
,,978f0c9b-52f5-44b0-9ea5-7ce78b254442.extra_data.json,,0.0,70050090,0.0,3676858,1548.8672,70050090,2026-07-26 11:16:04.154,2026-07-25 03:00:01.543,202.54724,g1bnYRM2yN,com.sec.android.app.shealth,978f0c9b-52f5-44b0-9ea5-7ce78b254442,2026-07-25 00:00:00.000,
,,f3b7d5bf-26ba-4811-96fe-80997f6efe5d.extra_data.json,,0.0,70050090,0.0,3760291,1547.305,70050090,2026-07-27 03:04:26.257,2026-07-26 03:00:02.196,204.42474,g1bnYRM2yN,com.sec.android.app.shealth,f3b7d5bf-26ba-4811-96fe-80997f6efe5d,2026-07-26 00:00:00.000,
,,3e87e272-99ce-4667-ac21-63893d3dc29a.extra_data.json,,686.0,70050090,0.0,10155027,1427.5732,70050090,2026-07-28 12:25:12.292,2026-07-27 03:00:02.721,873.9048,g1bnYRM2yN,com.sec.android.app.shealth,3e87e272-99ce-4667-ac21-63893d3dc29a,2026-07-27 00:00:00.000,
,,ced2b8b1-420b-4547-864c-608f1da1df26.extra_data.json,,809.0,70050090,0.0,9714489,1435.8217,70050090,2026-07-29 05:32:19.094,2026-07-28 03:30:59.637,944.9215,g1bnYRM2yN,com.sec.android.app.shealth,ced2b8b1-420b-4547-864c-608f1da1df26,2026-07-28 00:00:00.000,
,,9f5bedb7-a3f8-4796-93df-69eded5a280a.extra_data.json,,0.0,70050090,0.0,1090772,1597.2878,70060030,2026-07-30 13:27:47.981,2026-07-29 03:00:12.669,59.89776,g1bnYRM2yN,com.sec.android.app.shealth,9f5bedb7-a3f8-4796-93df-69eded5a280a,2026-07-29 00:00:00.000,
,,75a590e3-6ff7-4d1b-a1c8-ffac3cb3632d.extra_data.json,,0.0,70060030,0.0,3503003,1552.1224,70060030,2026-07-31 11:32:18.135,2026-07-30 03:00:03.828,193.49397,g1bnYRM2yN,com.sec.android.app.shealth,75a590e3-6ff7-4d1b-a1c8-ffac3cb3632d,2026-07-30 00:00:00.000,
,,821d93c9-1ec0-4e01-b099-e2a9a8ab628a.extra_data.json,,0.0,70060030,0.0,4240343,1538.3168,70060030,2026-08-01 15:02:48.768,2026-07-31 03:00:00.946,228.78114,g1bnYRM2yN,com.sec.android.app.shealth,821d93c9-1ec0-4e01-b099-e2a9a8ab628a,2026-07-31 00:00:00.000,
,,2d25ed18-a951-4db4-9da3-7438546170b7.extra_data.json,,0.0,70060030,0.0,3587613,1550.5381,70060030,2026-08-02 03:00:02.967,2026-08-01 03:54:10.107,193.95511,g1bnYRM2yN,com.sec.android.app.shealth,2d25ed18-a951-4db4-9da3-7438546170b7,2026-08-01 00:00:00.000,
,,d26f7d59-75cc-4cf4-beca-ba450f20fedf.extra_data.json,,0.0,70060030,0.0,4297347,1537.2495,70060030,2026-08-03 03:33:06.065,2026-08-02 03:00:01.552,228.04274,g1bnYRM2yN,com.sec.android.app.shealth,d26f7d59-75cc-4cf4-beca-ba450f20fedf,2026-08-02 00:00:00.000,
,,384f4f7e-9407-46f2-8c66-388abfdbc6bc.extra_data.json,,0.0,70060030,0.0,5706308,1510.8689,70060030,2026-08-04 03:04:52.862,2026-08-03 03:07:14.393,315.71533,SUfFQTLN3q,com.sec.android.app.shealth,384f4f7e-9407-46f2-8c66-388abfdbc6bc,2026-08-03 00:00:00.000,
,,282bcbde-d290-48d5-bff6-b3bf13b6fed6.extra_data.json,,0.0,70060030,0.0,5834182,1508.4745,70060030,2026-08-05 11:55:31.817,2026-08-04 03:04:43.466,318.76785,SUfFQTLN3q,com.sec.android.app.shealth,282bcbde-d290-48d5-bff6-b3bf13b6fed6,2026-08-04 00:00:00.000,
,,43c0b822-fed8-4946-8035-f8d0a1cc0d7d.extra_data.json,,0.0,70060030,0.0,4637301,1364.1476,70060030,2026-08-06 00:31:34.792,2026-08-05 03:00:01.673,253.28618,SUfFQTLN3q,com.sec.android.app.shealth,43c0b822-fed8-4946-8035-f8d0a1cc0d7d,2026-08-05 00:00:00.000,
