com.samsung.shealth.exercise.weather,7006003,4
uv_index,create_sh_ver,sunset_time,start_time,latitude,custom,wind_direction,phrase,sundown_time,temperature_scale,content_provider,modify_sh_ver,update_time,create_time,type,longitude,temperature,humidity,time_offset,deviceuuid,exercise_id,pkg_name,wind_speed_unit,forecast_time,wind_speed,icon_info_id,datauuid
10.0,,1762377836000,2025-11-05 17:25:22.000,0.0,,WNW,Hail,1762330861000,1,TWC,,2025-11-05 18:27:11.000,2025-11-05 18:27:15.977,1,0.0,27.0,90,UTC-0300,yeLoKu9/uD,66333464-5f30-375f-3238-383862303936,com.sec.android.app.shealth,km/h,0,26.0,14,36393062-3838-3832-5f37-305f64343366,
4.0,,1762377832000,2025-11-05 18:27:20.000,0.0,,W,Partly Sunny,1762330860000,1,TWC,,2025-11-05 19:01:00.000,2025-11-05 19:01:05.958,1,0.0,24.0,81,UTC-0300,yeLoKu9/uD,62323561-5f34-305f-3830-373962303936,com.sec.android.app.shealth,km/h,0,26.0,2,36393062-3937-3038-5f30-345f61353262,
0.0,,1762377813000,2025-11-06 02:00:36.000,-22.756405,,N,Partly Sunny,1762330826000,1,TWC,,2025-11-06 02:36:53.000,2025-11-06 02:37:08.208,1,-47.176342,21.0,83,UTC-0300,yeLoKu9/uD,62663435-5f34-305f-3434-313063303936,com.sec.android.app.shealth,km/h,0,8.0,19,36393063-3031-3434-5f30-345f35346662,
5.0,,1762464272000,2025-11-06 12:36:12.000,-22.755629,,SE,Partly Sunny,1762417230000,1,TWC,,2025-11-06 12:54:19.000,2025-11-06 12:54:28.437,1,-47.163086,24.0,66,UTC-0300,yeLoKu9/uD,66643233-5f34-305f-6333-363963303936,com.sec.android.app.shealth,km/h,0,39.0,2,36393063-3936-3363-5f30-345f33326466,
9.0,,1762464272000,2025-11-06 13:04:11.000,-22.745523,,SE,Partly Sunny,1762417230000,1,TWC,,2025-11-06 14:17:04.000,2025-11-06 14:17:12.732,1,-47.173496,25.0,58,UTC-0300,yeLoKu9/uD,33346465-5f32-345f-6263-633963303936,com.sec.android.app.shealth,km/h,0,35.0,2,36393063-3963-6362-5f34-325f65643433,
11.0,,1762464268000,2025-11-06 15:17:19.000,-22.745523,,SE,Partly Sunny,1762417229000,1,TWC,,2025-11-06 15:17:20.000,2025-11-06 15:17:25.032,1,-47.173496,27.0,54,UTC-0300,yeLoKu9/uD,30396234-5f34-305f-6666-626263303936,com.sec.android.app.shealth,km/h,0,23.0,2,36393063-6262-6666-5f30-345f34623930,
6.0,,1762550708000,2025-11-07 13:36:53.000,-22.745523,,E,Partly Sunny,1762503600000,1,TWC,,2025-11-07 15:07:09.000,2025-11-07 15:07:18.790,1,-47.173496,27.0,63,UTC-0300,yeLoKu9/uD,66323331-5f32-345f-3566-356664303936,com.sec.android.app.shealth,km/h,0,16.0,2,36393064-6635-6635-5f34-325f31333266,
9.0,,1762810020000,2025-11-10 13:36:59.000,-22.745523,,ESE,Partly Sunny,1762762719000,1,TWC,,2025-11-10 13:50:48.000,2025-11-10 13:50:58.505,1,-47.173496,25.0,49,UTC-0300,yeLoKu9/uD,39326233-5f34-305f-6237-616531313936,com.sec.android.app.shealth,km/h,0,21.0,2,36393131-6561-3762-5f30-345f33623239,
11.0,,1762810020000,2025-11-10 13:50:56.000,-22.745699,,SE,Partly Sunny,1762762719000,1,TWC,,2025-11-10 15:06:33.000,2025-11-10 15:06:37.456,1,-47.173527,25.0,46,UTC-0300,yeLoKu9/uD,62356135-5f32-345f-3063-646531313936,com.sec.android.app.shealth,km/h,0,16.0,2,36393131-6564-6330-5f34-325f35613562,
11.0,,1762810017000,2025-11-10 15:06:50.000,-22.745699,,ESE,Partly Sunny,1762762717000,1,TWC,,2025-11-10 15:15:00.000,2025-11-10 15:15:02.380,1,-47.173527,27.0,43,UTC-0300,yeLoKu9/uD,62313561-5f34-305f-6138-666631313936,com.sec.android.app.shealth,km/h,0,14.0,2,36393131-6666-3861-5f30-345f61353162,
11.0,,1762896434000,2025-11-11 13:36:44.000,0.0,,E,Partly Sunny,1762849057000,1,TWC,,2025-11-11 13:55:15.000,2025-11-11 13:55:19.488,1,0.0,27.0,51,UTC-0300,yeLoKu9/uD,64323466-5f34-305f-6365-623333313936,com.sec.android.app.shealth,km/h,0,8.0,2,36393133-3362-6563-5f30-345f66343264,
11.0,,1762896455000,2025-11-11 15:09:25.000,-22.74555,,E,Partly Sunny,1762849093000,1,TWC,,2025-11-11 15:20:06.000,2025-11-11 15:20:09.918,1,-47.173508,30.0,46,UTC-0300,yeLoKu9/uD,36343666-5f34-305f-3561-313533313936,com.sec.android.app.shealth,km/h,0,5.0,2,36393133-3531-6135-5f30-345f66363436,
6.0,,1762982897000,2025-11-12 12:42:58.000,-22.756361,,E,Partly Sunny,1762935471000,1,TWC,,2025-11-12 12:49:18.000,2025-11-12 12:49:22.221,1,-47.17661,28.0,55,UTC-0300,yeLoKu9/uD,63323037-5f34-305f-3264-303834313936,com.sec.android.app.shealth,km/h,0,8.0,2,36393134-3830-6432-5f30-345f37303263,
9.0,,1762982894000,2025-11-12 13:06:46.000,-22.745378,,NNE,Partly Sunny,1762935469000,1,TWC,,2025-11-12 13:31:36.000,2025-11-12 13:31:41.432,1,-47.173313,29.0,48,UTC-0300,yeLoKu9/uD,34376664-5f32-345f-3636-363834313936,com.sec.android.app.shealth,km/h,0,10.0,2,36393134-3836-3636-5f34-325f64663734,
11.0,,1762982894000,2025-11-12 13:50:31.000,-22.745378,,ENE,Partly Sunny,1762935469000,1,TWC,,2025-11-12 14:15:01.000,2025-11-12 14:15:19.697,1,-47.173313,29.0,44,UTC-0300,yeLoKu9/uD,34363330-5f34-305f-3761-303934313936,com.sec.android.app.shealth,km/h,0,10.0,2,36393134-3930-6137-5f30-345f30333634,
10.0,,1763674416000,2025-11-20 13:51:04.000,0.0,,SE,Partly Sunny,1763626533000,1,TWC,,2025-11-20 14:08:33.000,2025-11-20 14:08:37.215,1,0.0,27.0,46,UTC-0300,yeLoKu9/uD,37353134-5f34-305f-3863-633166313936,com.sec.android.app.shealth,km/h,0,27.0,2,36393166-3163-6338-5f30-345f34313537,
11.0,,1763674413000,2025-11-20 14:09:22.000,-22.746029,,SE,Partly Sunny,1763626532000,1,TWC,,2025-11-20 15:56:49.000,2025-11-20 15:56:52.522,1,-47.17351,27.0,42,UTC-0300,yeLoKu9/uD,35313162-5f32-345f-3231-313266313936,com.sec.android.app.shealth,km/h,0,27.0,2,36393166-3231-3132-5f34-325f62313135,
0.0,,1766353973000,2025-12-21 05:38:32.000,0.0,,ESE,Partly Sunny,1766305206000,1,TWC,,2025-12-21 06:44:24.000,2025-12-21 07:00:31.359,1,0.0,21.0,84,UTC-0300,yeLoKu9/uD,62323561-5f34-305f-3864-373837343936,com.sec.android.app.shealth,km/h,0,21.0,19,36393437-3837-6438-5f30-345f61353262,
0.0,,1766440421000,2025-12-22 23:21:20.000,-22.77168,,NNE,Partly Sunny,1766391670000,1,TWC,,2025-12-23 01:01:05.000,2025-12-23 01:01:11.267,1,-47.153305,28.0,49,UTC-0300,yeLoKu9/uD,66616635-5f32-345f-3037-326439343936,com.sec.android.app.shealth,km/h,0,11.0,19,36393439-6432-3730-5f34-325f35666166,
11.0,,1767045392000,2025-12-29 13:29:58.000,0.0,,SSE,Partly Sunny,1766996705000,1,TWC,,2025-12-29 13:48:01.000,2025-12-29 13:48:07.061,1,0.0,30.0,67,UTC-0300,yeLoKu9/uD,64323466-5f34-305f-3635-323832353936,com.sec.android.app.shealth,km/h,0,5.0,2,36393532-3832-3536-5f30-345f66343264,
11.0,,1767045392000,2025-12-29 13:51:54.000,-22.74639,,SSE,Partly Sunny,1766996705000,1,TWC,,2025-12-29 16:21:59.000,2025-12-29 16:22:07.184,1,-47.173557,30.0,67,UTC-0300,yeLoKu9/uD,36343666-5f32-345f-6137-373832353936,com.sec.android.app.shealth,km/h,0,5.0,2,36393532-3837-3761-5f34-325f66363436,
0.0,,1767131810000,2025-12-30 22:25:14.000,-22.74639,,S,Shower,1767083145000,1,TWC,,2025-12-30 23:36:07.000,2025-12-30 23:36:15.065,1,-47.173557,26.0,68,UTC-0300,yeLoKu9/uD,38363834-5f34-305f-6134-313534353936,com.sec.android.app.shealth,km/h,0,6.0,6,36393534-3531-3461-5f30-345f34383638,
0.0,,1767131807000,2025-12-30 23:36:30.000,-22.744831,,S,Partly Sunny,1767083142000,1,TWC,,2025-12-31 00:36:35.000,2025-12-31 00:36:40.266,1,-47.173615,28.0,63,UTC-0300,yeLoKu9/uD,66333464-5f32-345f-6566-313634353936,com.sec.android.app.shealth,km/h,0,11.0,19,36393534-3631-6665-5f34-325f64343366,
0.0,,1767391058000,2026-01-02 23:42:16.000,0.0,,N,Partly Sunny,1767342445000,1,TWC,,2026-01-03 01:15:23.000,2026-01-03 01:15:35.372,1,0.0,23.0,91,UTC-0300,yeLoKu9/uD,66636338-5f32-345f-3864-373538353936,com.sec.android.app.shealth,km/h,0,9.0,19,36393538-3537-6438-5f34-325f38636366,
0.0,,1767650304000,2026-01-05 23:17:49.000,0.0,,SE,Partly Sunny,1767601780000,1,TWC,,2026-01-06 01:11:44.000,2026-01-06 01:11:52.046,1,0.0,20.0,66,UTC-0300,yeLoKu9/uD,62323561-5f32-345f-6439-363463353936,com.sec.android.app.shealth,km/h,0,26.0,19,36393563-3436-3964-5f34-325f61353262,
0.0,,1767823127000,2026-01-07 23:21:13.000,0.0,,NNE,Partly Sunny,1767774660000,1,TWC,,2026-01-08 01:15:34.000,2026-01-08 01:15:39.312,1,0.0,25.0,63,UTC-0300,yeLoKu9/uD,34636333-5f32-345f-3936-616565353936,com.sec.android.app.shealth,km/h,0,17.0,19,36393565-6561-3639-5f34-325f33636334,
0.0,,1767909529000,2026-01-08 23:42:37.000,0.0,,ESE,Hail,1767861089000,1,TWC,,2026-01-09 01:42:49.000,2026-01-09 01:42:54.606,1,0.0,23.0,76,UTC-0300,yeLoKu9/uD,62646632-5f32-345f-6465-303430363936,com.sec.android.app.shealth,km/h,0,28.0,14,36393630-3430-6564-5f34-325f32666462,
2.0,,1767995943000,2026-01-09 21:17:50.000,0.0,,ENE,Hail,1767947544000,1,TWC,,2026-01-09 21:18:21.000,2026-01-09 21:21:50.811,1,0.0,19.0,90,UTC-0300,yeLoKu9/uD,38333063-5f34-305f-6537-303731363936,com.sec.android.app.shealth,km/h,0,30.0,14,36393631-3730-3765-5f30-345f63303338,
0.0,,1769032718000,2026-01-21 21:16:36.000,0.0,,SE,Cloudy,1768984862000,1,TWC,,2026-01-21 22:37:33.000,2026-01-21 22:37:40.412,1,0.0,21.0,65,UTC-0300,yeLoKu9/uD,66636338-5f32-345f-3433-323431373936,com.sec.android.app.shealth,km/h,0,27.0,3,36393731-3432-3334-5f34-325f38636366,
0.0,,1769119112000,2026-01-22 21:38:30.000,0.0,,SE,Partly Sunny,1769071306000,1,TWC,,2026-01-22 22:44:34.000,2026-01-22 22:44:39.195,1,0.0,20.0,82,UTC-0300,yeLoKu9/uD,34306235-5f32-345f-3664-383932373936,com.sec.android.app.shealth,km/h,0,30.0,2,36393732-3938-6436-5f34-325f35623034,
0.0,,1769119109000,2026-01-22 22:44:48.000,0.0,,SE,Partly Sunny,1769071304000,1,TWC,,2026-01-22 23:02:26.000,2026-01-22 23:02:32.050,1,0.0,19.0,82,UTC-0300,yeLoKu9/uD,34626435-5f34-305f-3036-386132373936,com.sec.android.app.shealth,km/h,0,21.0,19,36393732-6138-3630-5f30-345f35646234,
0.0,,1769464653000,2026-01-26 21:27:05.000,0.0,,S,Partly Sunny,1769417075000,1,TWC,,2026-01-26 22:27:16.000,2026-01-26 22:27:27.462,1,0.0,25.0,56,UTC-0300,yeLoKu9/uD,34306235-5f32-345f-3932-636437373936,com.sec.android.app.shealth,km/h,0,15.0,2,36393737-6463-3239-5f34-325f35623034,
0.0,,1769637420000,2026-01-28 23:00:10.000,0.0,,N,Hail,1769589961000,1,TWC,,2026-01-29 00:30:18.000,2026-01-29 00:30:27.787,1,0.0,23.0,76,UTC-0300,yeLoKu9/uD,37613635-5f32-345f-6166-343961373936,com.sec.android.app.shealth,km/h,0,15.0,14,36393761-3934-6661-5f34-325f35366137,
0.0,,1769723800000,2026-01-29 22:47:02.000,0.0,,S,Partly Sunny,1769676403000,1,TWC,,2026-01-30 00:17:25.000,2026-01-30 10:35:45.830,1,0.0,25.0,64,UTC-0300,yeLoKu9/uD,62323561-5f32-345f-3636-336562373936,com.sec.android.app.shealth,km/h,0,11.0,19,36393762-6533-3636-5f34-325f61353262,
0.0,,1770414788000,2026-02-06 22:26:00.000,0.0,,ESE,Partly Sunny,1770367913000,1,TWC,,2026-02-06 23:26:13.000,2026-02-06 23:26:17.137,1,0.0,24.0,79,UTC-0300,yeLoKu9/uD,66636338-5f32-345f-3837-613636383936,com.sec.android.app.shealth,km/h,0,24.0,19,36393836-3661-3738-5f34-325f38636366,
11.0,,1771019354000,2026-02-13 17:54:19.000,0.0,,NW,Partly Sunny,1770972984000,1,TWC,,2026-02-13 18:29:47.000,2026-02-13 18:29:53.742,1,0.0,32.0,49,UTC-0300,yeLoKu9/uD,66636338-5f34-305f-6234-353666383936,com.sec.android.app.shealth,km/h,0,12.0,2,36393866-3635-3462-5f30-345f38636366,
7.0,,1771019354000,2026-02-13 18:32:51.000,-22.743204,,NNW,Partly Sunny,1770972984000,1,TWC,,2026-02-13 19:24:06.000,2026-02-13 19:24:10.723,1,-47.17379,24.0,47,UTC-0300,yeLoKu9/uD,38376637-5f32-345f-3335-653666383936,com.sec.android.app.shealth,km/h,0,11.0,2,36393866-3665-3533-5f34-325f37663738,
3.0,,1771019353000,2026-02-13 19:32:55.000,-22.743204,,N,Partly Sunny,1770972981000,1,TWC,,2026-02-13 19:45:49.000,2026-02-13 19:45:54.507,1,-47.17379,32.0,45,UTC-0300,yeLoKu9/uD,38643935-5f34-305f-3736-633766383936,com.sec.android.app.shealth,km/h,0,11.0,2,36393866-3763-3637-5f30-345f35396438,
0.0,,1771882929000,2026-02-23 10:31:57.000,0.0,,SE,Partly Sunny,1771837312000,1,TWC,,2026-02-23 10:47:51.000,2026-02-23 10:47:56.568,1,0.0,25.0,79,UTC-0300,yeLoKu9/uD,37353134-5f34-305f-6439-633263393936,com.sec.android.app.shealth,km/h,0,11.0,2,36393963-3263-3964-5f30-345f34313537,
0.0,,1771882929000,2026-02-23 10:50:40.000,-22.745977,,SE,Partly Sunny,1771837312000,1,TWC,,2026-02-23 11:46:37.000,2026-02-23 11:46:43.168,1,-47.17355,25.0,79,UTC-0300,yeLoKu9/uD,34363330-5f32-345f-3030-313363393936,com.sec.android.app.shealth,km/h,0,11.0,2,36393963-3331-3030-5f34-325f30333634,
3.0,,1771882926000,2026-02-23 11:48:26.000,-22.745977,,ESE,Partly Sunny,1771837310000,1,TWC,,2026-02-23 12:05:57.000,2026-02-23 12:06:04.726,1,-47.17355,26.0,71,UTC-0300,yeLoKu9/uD,34636333-5f34-305f-6138-653363393936,com.sec.android.app.shealth,km/h,0,11.0,2,36393963-3365-3861-5f30-345f33636334,
2.0,,1775854782000,2026-04-10 18:21:29.000,0.0,,SE,Partly Sunny,1775812808000,1,TWC,,2026-04-10 19:29:25.000,2026-04-10 19:29:30.765,1,0.0,25.0,66,UTC-0300,yeLoKu9/uD,62663435-5f32-345f-3961-663339643936,com.sec.android.app.shealth,km/h,0,31.0,2,36396439-3366-6139-5f34-325f35346662,
0.0,,1776718259000,2026-04-20 10:20:24.000,0.0,,SE,Partly Sunny,1776677028000,1,TWC,,2026-04-20 12:20:46.000,2026-04-20 12:20:51.915,1,0.0,19.0,81,UTC-0300,yeLoKu9/uD,34626435-5f32-345f-3865-646635653936,com.sec.android.app.shealth,km/h,0,13.0,2,36396535-6664-6538-5f34-325f35646234,
0.0,,1777927233000,2026-05-05 00:30:37.000,0.0,,ESE,Partly Sunny,1777886956000,1,TWC,,2026-05-05 01:00:58.000,2026-05-05 01:01:01.812,1,0.0,21.0,75,UTC-0300,yeLoKu9/uD,62646632-5f32-345f-6432-613339663936,com.sec.android.app.shealth,km/h,0,9.0,19,36396639-3361-3264-5f34-325f32666462,
3.0,,1784061614000,2026-07-14 13:30:40.000,0.0,,ESE,Partly Sunny,1784022554000,1,TWC,,2026-07-14 13:47:46.000,2026-07-14 13:47:50.747,1,0.0,18.0,68,UTC-0300,yeLoKu9/uD,62373739-5f34-305f-3030-613336356136,com.sec.android.app.shealth,km/h,0,13.0,2,36613536-3361-3030-5f30-345f39373762,
4.0,,1784061613000,2026-07-14 13:52:46.000,-22.746155,,ESE,Partly Sunny,1784022550000,1,TWC,,2026-07-14 14:37:28.000,2026-07-14 14:37:32.661,1,-47.173553,18.0,58,UTC-0300,yeLoKu9/uD,64393835-5f32-345f-6532-663336356136,com.sec.android.app.shealth,km/h,0,15.0,2,36613536-3366-3265-5f34-325f35383964,
4.0,,1784061613000,2026-07-14 14:39:27.000,-22.746155,,ESE,Partly Sunny,1784022550000,1,TWC,,2026-07-14 14:57:15.000,2026-07-14 14:57:18.124,1,-47.173553,20.0,58,UTC-0300,yeLoKu9/uD,65373065-5f34-305f-6631-613436356136,com.sec.android.app.shealth,km/h,0,15.0,2,36613536-3461-3166-5f30-345f65303765,
3.0,,1784148039000,2026-07-15 13:35:21.000,0.0,,ESE,Partly Sunny,1784108942000,1,TWC,,2026-07-15 13:56:01.000,2026-07-15 13:56:08.801,1,0.0,19.0,64,UTC-0300,yeLoKu9/uD,64323466-5f34-305f-3939-633837356136,com.sec.android.app.shealth,km/h,0,13.0,2,36613537-3863-3939-5f30-345f66343264,
4.0,,1784148040000,2026-07-15 13:58:55.000,-22.746542,,ENE,Sunny,1784108941000,1,TWC,,2026-07-15 14:50:45.000,2026-07-15 14:50:50.299,1,-47.17386,20.0,53,UTC-0300,yeLoKu9/uD,39323133-5f32-345f-6631-323937356136,com.sec.android.app.shealth,km/h,0,12.0,1,36613537-3932-3166-5f34-325f33313239,
5.0,,1784148038000,2026-07-15 14:50:57.000,-22.746542,,E,Partly Sunny,1784108938000,1,TWC,,2026-07-15 15:06:01.000,2026-07-15 15:06:08.079,1,-47.17386,22.0,43,UTC-0300,yeLoKu9/uD,34306235-5f34-305f-3135-653937356136,com.sec.android.app.shealth,km/h,0,11.0,2,36613537-3965-3531-5f30-345f35623034,
0.0,,1784234464000,2026-07-16 22:55:55.000,0.0,,NE,Partly Sunny,1784195329000,1,TWC,,2026-07-16 22:56:17.000,2026-07-16 22:56:49.144,1,0.0,19.0,49,UTC-0300,yeLoKu9/uD,66636338-5f30-305f-6237-313639356136,com.sec.android.app.shealth,km/h,0,8.0,19,36613539-3631-3762-5f30-305f38636366,
0.0,,1784234464000,2026-07-16 22:57:33.000,0.0,,NE,Partly Sunny,1784195329000,1,TWC,,2026-07-16 23:39:02.000,2026-07-16 23:41:49.120,1,0.0,19.0,49,UTC-0300,yeLoKu9/uD,36343666-5f64-345f-6464-313639356136,com.sec.android.app.shealth,km/h,0,8.0,19,36613539-3631-6464-5f34-645f66363436,
5.0,,1784493727000,2026-07-19 16:36:10.000,0.0,,N,Partly Sunny,1784454476000,1,TWC,,2026-07-19 19:36:19.000,2026-07-19 19:36:30.333,1,0.0,27.0,35,UTC-0300,yeLoKu9/uD,66663762-5f32-345f-6166-636663356136,com.sec.android.app.shealth,km/h,0,22.0,2,36613563-6663-6661-5f34-325f62376666,
0.0,,1784666590000,2026-07-21 21:33:32.000,0.0,,N,Sunny,1784627248000,1,TWC,,2026-07-21 23:33:40.000,2026-07-21 23:33:45.267,1,0.0,24.0,32,UTC-0300,yeLoKu9/uD,39306535-5f32-345f-6361-356566356136,com.sec.android.app.shealth,km/h,0,11.0,1,36613566-6535-6163-5f34-325f35653039,
0.0,,1785185138000,2026-07-27 22:13:39.000,0.0,,WSW,Partly Sunny,1785145513000,1,TWC,,2026-07-28 00:05:07.000,2026-07-28 00:05:14.048,1,0.0,21.0,55,UTC-0300,yeLoKu9/uD,36343666-5f32-345f-3331-386437366136,com.sec.android.app.shealth,km/h,0,5.0,19,36613637-6438-3133-5f34-325f66363436,
0.0,,1785271554000,2026-07-28 22:06:38.000,0.0,,NE,Partly Sunny,1785231877000,1,TWC,,2026-07-29 00:06:49.000,2026-07-29 00:06:53.348,1,0.0,22.0,50,UTC-0300,yeLoKu9/uD,39323133-5f32-345f-6565-373239366136,com.sec.android.app.shealth,km/h,0,5.0,19,36613639-3237-6565-5f34-325f33313239,
