com.samsung.shealth.preferences,7006003,2
text_value,service_id,float_value,update_time,create_time,long_value,tag,blob_value,int_value,deviceuuid,pkg_name,double_value,datauuid
,,,2026-08-06 00:30:43.320,2025-11-04 19:11:54.798,,,,1,SUfFQTLN3q,com.sec.android.app.shealth,,settings.marketing_agreement,
,,,2026-08-06 00:30:43.322,2025-11-04 19:11:54.786,,,,1,SUfFQTLN3q,com.sec.android.app.shealth,,settings.personalization_agreement,
,,,2026-08-06 00:30:43.270,2025-11-04 19:11:29.214,,,,1,SUfFQTLN3q,com.sec.android.app.shealth,,oobe.sensitive_data_agreement,
,,,2026-08-06 00:30:43.312,2025-11-04 19:11:29.252,,,,1,SUfFQTLN3q,com.sec.android.app.shealth,,oobe.shd_access_authority_status,
,,,2026-08-06 00:30:43.311,2025-11-04 19:11:07.153,,,,1,SUfFQTLN3q,com.sec.android.app.shealth,,oobe.sensitive_data_available,
,,,2025-11-04 19:12:13.155,2025-11-04 19:12:13.181,,,,1,g1bnYRM2yN,com.sec.android.app.shealth,,settings.location_agreement,
,,,2025-11-04 19:11:53.087,2025-11-04 19:11:53.103,,,,0,g1bnYRM2yN,com.sec.android.app.shealth,,boost.card.selected_category,
,,,2026-08-03 19:37:34.715,2026-08-03 19:37:34.742,1785785854715,,,,SUfFQTLN3q,com.sec.android.app.shealth,,sb.selected_time,
,,,2025-11-04 19:11:55.284,2025-11-04 19:11:55.413,1762283515284,,,,g1bnYRM2yN,com.sec.android.app.shealth,,shealth.6.29.upgrade.date,
0,tracker.exercise,,2025-11-04 19:11:56.048,2025-11-04 19:11:56.449,,,,,g1bnYRM2yN,com.sec.android.app.shealth,,34-badges.DB.update,
,tracker.heartrate,,1970-01-01 00:00:00.000,2025-11-04 20:25:04.563,,,,1,yeLoKu9/uD,com.sec.android.app.shealth,,05-measure.period,
,tracker.heartrate,,1970-01-01 00:00:00.000,2025-11-04 20:25:04.564,,,,1,yeLoKu9/uD,com.sec.android.app.shealth,,05-alert.high.enable,
,tracker.heartrate,,1970-01-01 00:00:00.000,2025-11-04 20:25:04.564,,,,120,yeLoKu9/uD,com.sec.android.app.shealth,,05-alert.high.limit,
,tracker.heartrate,,1970-01-01 00:00:00.000,2025-11-04 20:25:04.565,,,,1,yeLoKu9/uD,com.sec.android.app.shealth,,05-alert.low.enable,
,tracker.heartrate,,1970-01-01 00:00:00.000,2025-11-04 20:25:04.565,,,,40,yeLoKu9/uD,com.sec.android.app.shealth,,05-alert.low.limit,
,tracker.stress,,1970-01-01 00:00:00.000,2025-11-04 20:25:04.565,,,,1,yeLoKu9/uD,com.sec.android.app.shealth,,08-measure.period,
,tracker.spo2,,2025-11-06 12:28:54.653,2025-11-04 20:25:04.566,,,,0,g1bnYRM2yN,com.sec.android.app.shealth,,10-measure.period,
,tracker.exercise,,1970-01-01 00:00:00.000,2025-11-04 20:25:04.566,,,,0,yeLoKu9/uD,com.sec.android.app.shealth,,34-detection.workout.enable,
,tracker.exercise,,1970-01-01 00:00:00.000,2025-11-04 20:25:04.566,,,,1,yeLoKu9/uD,com.sec.android.app.shealth,,34-detection.elliptical.enable,
,tracker.exercise,,1970-01-01 00:00:00.000,2025-11-04 20:25:04.566,,,,1,yeLoKu9/uD,com.sec.android.app.shealth,,34-detection.rowing.enable,
,tracker.exercise,,1970-01-01 00:00:00.000,2025-11-04 20:25:04.567,,,,1,yeLoKu9/uD,com.sec.android.app.shealth,,34-detection.swimming.enable,
,tracker.exercise,,1970-01-01 00:00:00.000,2025-11-04 20:25:04.567,,,,1,yeLoKu9/uD,com.sec.android.app.shealth,,34-detection.dynamic.enable,
,tracker.exercise,,1970-01-01 00:00:00.000,2025-11-04 20:25:04.568,,,,1,yeLoKu9/uD,com.sec.android.app.shealth,,34-detection.alert.enable,
,tracker.exercise,,1970-01-01 00:00:00.000,2025-11-04 20:25:04.568,,,,1,yeLoKu9/uD,com.sec.android.app.shealth,,34-detection.walking.only.enable,
,tracker.exercise,,1970-01-01 00:00:00.000,2025-11-04 20:25:04.568,,,,1,yeLoKu9/uD,com.sec.android.app.shealth,,34-detection.running.only.enable,
,tracker.exercise,,1970-01-01 00:00:00.000,2025-11-04 20:25:04.568,,,,0,yeLoKu9/uD,com.sec.android.app.shealth,,34-detection.location.walking.enable,
,tracker.exercise,,1970-01-01 00:00:00.000,2025-11-04 20:25:04.569,,,,0,yeLoKu9/uD,com.sec.android.app.shealth,,34-detection.location.running.enable,
,tracker.inactive,,1970-01-01 00:00:00.000,2025-11-04 20:25:04.569,,,,0,yeLoKu9/uD,com.sec.android.app.shealth,,75-alert.enable,
10:00,tracker.inactive,,1970-01-01 00:00:00.000,2025-11-04 20:25:04.569,,,,,yeLoKu9/uD,com.sec.android.app.shealth,,75-startTimeOfDay,
17:00,tracker.inactive,,1970-01-01 00:00:00.000,2025-11-04 20:25:04.570,,,,,yeLoKu9/uD,com.sec.android.app.shealth,,75-endTimeOfDay,
"{""fri"":true,""mon"":true,""sat"":false,""sun"":false,""thu"":true,""tue"":true,""wed"":true}",tracker.inactive,,1970-01-01 00:00:00.000,2025-11-04 20:25:04.570,,,,,yeLoKu9/uD,com.sec.android.app.shealth,,75-daysOfWeek,
,,,2036-06-30 16:29:44.000,2025-11-04 20:25:00.306,,,,0,yeLoKu9/uD,com.sec.android.app.shealth,,72-wearable.is_child_account,
,tracker.stress,,2036-06-30 16:29:44.000,2025-11-04 20:25:04.570,,,stress.breath_settings.blob_value.json,,yeLoKu9/uD,com.sec.android.app.shealth,,stress.breath_settings,
,,,1970-01-01 00:00:00.000,2025-11-04 20:25:04.575,,,water-cup-settings_capability.blob_value.json,,yeLoKu9/uD,com.sec.android.app.shealth,,water-cup-settings_capability,
,tracker.exercise,,2025-11-04 20:25:01.000,2025-11-04 20:25:04.575,,,,1,yeLoKu9/uD,com.sec.android.app.shealth,,34-1001.coaching.enable,
,tracker.exercise,,2025-11-04 20:25:01.000,2025-11-04 20:25:04.575,,,,1,yeLoKu9/uD,com.sec.android.app.shealth,,34-1002.coaching.enable,
,tracker.exercise,,2025-11-04 20:25:01.000,2025-11-04 20:25:04.576,,,,1,yeLoKu9/uD,com.sec.android.app.shealth,,34-9001002.coaching.enable,
,tracker.exercise,,2025-11-04 20:25:01.000,2025-11-04 20:25:04.576,,,,1,yeLoKu9/uD,com.sec.android.app.shealth,,34-1006.coaching.enable,
,tracker.exercise,,2025-11-04 20:25:01.000,2025-11-04 20:25:04.576,,,,1,yeLoKu9/uD,com.sec.android.app.shealth,,34-1007.coaching.enable,
,tracker.exercise,,2025-11-04 20:25:01.000,2025-11-04 20:25:04.577,,,,1,yeLoKu9/uD,com.sec.android.app.shealth,,34-2001.coaching.enable,
,tracker.exercise,,2025-11-04 20:25:01.000,2025-11-04 20:25:04.577,,,,1,yeLoKu9/uD,com.sec.android.app.shealth,,34-2002.coaching.enable,
,tracker.exercise,,2025-11-04 20:25:01.000,2025-11-04 20:25:04.577,,,,1,yeLoKu9/uD,com.sec.android.app.shealth,,34-2003.coaching.enable,
,tracker.exercise,,2025-11-04 20:25:01.000,2025-11-04 20:25:04.577,,,,1,yeLoKu9/uD,com.sec.android.app.shealth,,34-3001.coaching.enable,
,tracker.exercise,,2025-11-04 20:25:01.000,2025-11-04 20:25:04.578,,,,1,yeLoKu9/uD,com.sec.android.app.shealth,,34-3003.coaching.enable,
,tracker.exercise,,2025-11-04 20:25:01.000,2025-11-04 20:25:04.578,,,,1,yeLoKu9/uD,com.sec.android.app.shealth,,34-4001.coaching.enable,
,tracker.exercise,,2025-11-04 20:25:01.000,2025-11-04 20:25:04.578,,,,1,yeLoKu9/uD,com.sec.android.app.shealth,,34-4002.coaching.enable,
,tracker.exercise,,2025-11-04 20:25:01.000,2025-11-04 20:25:04.579,,,,1,yeLoKu9/uD,com.sec.android.app.shealth,,34-4003.coaching.enable,
,tracker.exercise,,2025-11-04 20:25:01.000,2025-11-04 20:25:04.579,,,,1,yeLoKu9/uD,com.sec.android.app.shealth,,34-4004.coaching.enable,
,tracker.exercise,,2025-11-04 20:25:01.000,2025-11-04 20:25:04.579,,,,1,yeLoKu9/uD,com.sec.android.app.shealth,,34-4005.coaching.enable,
,tracker.exercise,,2025-11-04 20:25:01.000,2025-11-04 20:25:04.580,,,,1,yeLoKu9/uD,com.sec.android.app.shealth,,34-4006.coaching.enable,
,tracker.exercise,,2025-11-04 20:25:01.000,2025-11-04 20:25:04.580,,,,1,yeLoKu9/uD,com.sec.android.app.shealth,,34-5001.coaching.enable,
,tracker.exercise,,2025-11-04 20:25:01.000,2025-11-04 20:25:04.580,,,,1,yeLoKu9/uD,com.sec.android.app.shealth,,34-5002.coaching.enable,
,tracker.exercise,,2025-11-04 20:25:01.000,2025-11-04 20:25:04.581,,,,1,yeLoKu9/uD,com.sec.android.app.shealth,,34-6001.coaching.enable,
,tracker.exercise,,2025-11-04 20:25:01.000,2025-11-04 20:25:04.581,,,,1,yeLoKu9/uD,com.sec.android.app.shealth,,34-6002.coaching.enable,
,tracker.exercise,,2025-11-04 20:25:01.000,2025-11-04 20:25:04.581,,,,1,yeLoKu9/uD,com.sec.android.app.shealth,,34-6003.coaching.enable,
,tracker.exercise,,2025-11-04 20:25:01.000,2025-11-04 20:25:04.581,,,,1,yeLoKu9/uD,com.sec.android.app.shealth,,34-6004.coaching.enable,
,tracker.exercise,,2025-11-04 20:25:01.000,2025-11-04 20:25:04.582,,,,1,yeLoKu9/uD,com.sec.android.app.shealth,,34-6005.coaching.enable,
,tracker.exercise,,2025-11-04 20:25:01.000,2025-11-04 20:25:04.582,,,,1,yeLoKu9/uD,com.sec.android.app.shealth,,34-7002.coaching.enable,
,tracker.exercise,,2025-11-04 20:25:01.000,2025-11-04 20:25:04.582,,,,1,yeLoKu9/uD,com.sec.android.app.shealth,,34-7003.coaching.enable,
,tracker.exercise,,2025-11-04 20:25:01.000,2025-11-04 20:25:04.583,,,,1,yeLoKu9/uD,com.sec.android.app.shealth,,34-8001.coaching.enable,
,tracker.exercise,,2025-11-04 20:25:01.000,2025-11-04 20:25:04.583,,,,1,yeLoKu9/uD,com.sec.android.app.shealth,,34-8002.coaching.enable,
,tracker.exercise,,2025-11-04 20:25:01.000,2025-11-04 20:25:04.583,,,,1,yeLoKu9/uD,com.sec.android.app.shealth,,34-8003.coaching.enable,
,tracker.exercise,,2025-11-04 20:25:01.000,2025-11-04 20:25:04.584,,,,1,yeLoKu9/uD,com.sec.android.app.shealth,,34-9001.coaching.enable,
,tracker.exercise,,2025-11-04 20:25:01.000,2025-11-04 20:25:04.584,,,,1,yeLoKu9/uD,com.sec.android.app.shealth,,34-9002.coaching.enable,
,tracker.exercise,,2025-11-04 20:25:01.000,2025-11-04 20:25:04.584,,,,1,yeLoKu9/uD,com.sec.android.app.shealth,,34-10001.coaching.enable,
,tracker.exercise,,2025-11-04 20:25:01.000,2025-11-04 20:25:04.585,,,,1,yeLoKu9/uD,com.sec.android.app.shealth,,34-10002.coaching.enable,
,tracker.exercise,,2025-11-04 20:25:01.000,2025-11-04 20:25:04.585,,,,1,yeLoKu9/uD,com.sec.android.app.shealth,,34-10003.coaching.enable,
,tracker.exercise,,2025-11-04 20:25:01.000,2025-11-04 20:25:04.585,,,,1,yeLoKu9/uD,com.sec.android.app.shealth,,34-10004.coaching.enable,
,tracker.exercise,,2025-11-04 20:25:01.000,2025-11-04 20:25:04.586,,,,1,yeLoKu9/uD,com.sec.android.app.shealth,,34-10005.coaching.enable,
,tracker.exercise,,2025-11-04 20:25:01.000,2025-11-04 20:25:04.586,,,,1,yeLoKu9/uD,com.sec.android.app.shealth,,34-10006.coaching.enable,
,tracker.exercise,,2025-11-04 20:25:01.000,2025-11-04 20:25:04.586,,,,1,yeLoKu9/uD,com.sec.android.app.shealth,,34-10007.coaching.enable,
,tracker.exercise,,2025-11-04 20:25:01.000,2025-11-04 20:25:04.586,,,,1,yeLoKu9/uD,com.sec.android.app.shealth,,34-10008.coaching.enable,
,tracker.exercise,,2025-11-04 20:25:01.000,2025-11-04 20:25:04.587,,,,1,yeLoKu9/uD,com.sec.android.app.shealth,,34-10009.coaching.enable,
,tracker.exercise,,2025-11-04 20:25:01.000,2025-11-04 20:25:04.587,,,,1,yeLoKu9/uD,com.sec.android.app.shealth,,34-10010.coaching.enable,
,tracker.exercise,,2025-11-04 20:25:01.000,2025-11-04 20:25:04.587,,,,1,yeLoKu9/uD,com.sec.android.app.shealth,,34-10011.coaching.enable,
,tracker.exercise,,2025-11-04 20:25:01.000,2025-11-04 20:25:04.588,,,,1,yeLoKu9/uD,com.sec.android.app.shealth,,34-10012.coaching.enable,
,tracker.exercise,,2025-11-04 20:25:01.000,2025-11-04 20:25:04.588,,,,1,yeLoKu9/uD,com.sec.android.app.shealth,,34-10013.coaching.enable,
,tracker.exercise,,2025-11-04 20:25:01.000,2025-11-04 20:25:04.588,,,,1,yeLoKu9/uD,com.sec.android.app.shealth,,34-10014.coaching.enable,
,tracker.exercise,,2025-11-04 20:25:01.000,2025-11-04 20:25:04.589,,,,1,yeLoKu9/uD,com.sec.android.app.shealth,,34-10015.coaching.enable,
,tracker.exercise,,2025-11-04 20:25:01.000,2025-11-04 20:25:04.589,,,,1,yeLoKu9/uD,com.sec.android.app.shealth,,34-10016.coaching.enable,
,tracker.exercise,,2025-11-04 20:25:01.000,2025-11-04 20:25:04.589,,,,1,yeLoKu9/uD,com.sec.android.app.shealth,,34-10017.coaching.enable,
,tracker.exercise,,2025-11-04 20:25:01.000,2025-11-04 20:25:04.589,,,,1,yeLoKu9/uD,com.sec.android.app.shealth,,34-10018.coaching.enable,
,tracker.exercise,,2025-11-04 20:25:01.000,2025-11-04 20:25:04.590,,,,1,yeLoKu9/uD,com.sec.android.app.shealth,,34-10019.coaching.enable,
,tracker.exercise,,2025-11-04 20:25:01.000,2025-11-04 20:25:04.590,,,,1,yeLoKu9/uD,com.sec.android.app.shealth,,34-10020.coaching.enable,
,tracker.exercise,,2025-11-04 20:25:01.000,2025-11-04 20:25:04.590,,,,1,yeLoKu9/uD,com.sec.android.app.shealth,,34-10021.coaching.enable,
,tracker.exercise,,2025-11-04 20:25:01.000,2025-11-04 20:25:04.591,,,,1,yeLoKu9/uD,com.sec.android.app.shealth,,34-10022.coaching.enable,
,tracker.exercise,,2025-11-04 20:25:01.000,2025-11-04 20:25:04.591,,,,1,yeLoKu9/uD,com.sec.android.app.shealth,,34-10023.coaching.enable,
,tracker.exercise,,2025-11-04 20:25:01.000,2025-11-04 20:25:04.591,,,,1,yeLoKu9/uD,com.sec.android.app.shealth,,34-10024.coaching.enable,
,tracker.exercise,,2026-05-02 01:43:21.448,2025-11-04 20:25:04.592,,,,1,g1bnYRM2yN,com.sec.android.app.shealth,,34-10025.coaching.enable,
,tracker.exercise,,2025-11-04 20:25:01.000,2025-11-04 20:25:04.592,,,,1,yeLoKu9/uD,com.sec.android.app.shealth,,34-10026.coaching.enable,
,tracker.exercise,,2025-11-04 20:25:01.000,2025-11-04 20:25:04.592,,,,1,yeLoKu9/uD,com.sec.android.app.shealth,,34-10027.coaching.enable,
,tracker.exercise,,2025-11-04 20:25:01.000,2025-11-04 20:25:04.592,,,,1,yeLoKu9/uD,com.sec.android.app.shealth,,34-10028.coaching.enable,
,tracker.exercise,,2025-11-04 20:25:01.000,2025-11-04 20:25:04.593,,,,1,yeLoKu9/uD,com.sec.android.app.shealth,,34-10029.coaching.enable,
,tracker.exercise,,2025-11-04 20:25:01.000,2025-11-04 20:25:04.593,,,,1,yeLoKu9/uD,com.sec.android.app.shealth,,34-11001.coaching.enable,
,tracker.exercise,,2025-11-04 20:25:01.000,2025-11-04 20:25:04.593,,,,1,yeLoKu9/uD,com.sec.android.app.shealth,,34-11002.coaching.enable,
,tracker.exercise,,2025-11-04 20:25:01.000,2025-11-04 20:25:04.594,,,,1,yeLoKu9/uD,com.sec.android.app.shealth,,34-11004.coaching.enable,
,tracker.exercise,,2025-11-04 20:25:01.000,2025-11-04 20:25:04.594,,,,1,yeLoKu9/uD,com.sec.android.app.shealth,,34-11005.coaching.enable,
,tracker.exercise,,2025-11-04 20:25:01.000,2025-11-04 20:25:04.594,,,,1,yeLoKu9/uD,com.sec.android.app.shealth,,34-11007.coaching.enable,
,tracker.exercise,,2025-11-04 20:25:01.000,2025-11-04 20:25:04.595,,,,1,yeLoKu9/uD,com.sec.android.app.shealth,,34-11008.coaching.enable,
,tracker.exercise,,2025-11-04 20:25:01.000,2025-11-04 20:25:04.595,,,,1,yeLoKu9/uD,com.sec.android.app.shealth,,34-11009.coaching.enable,
,tracker.exercise,,2026-05-02 01:46:27.902,2025-11-04 20:25:04.596,,,,1,g1bnYRM2yN,com.sec.android.app.shealth,,34-12001.coaching.enable,
,tracker.exercise,,2025-11-04 20:25:01.000,2025-11-04 20:25:04.596,,,,1,yeLoKu9/uD,com.sec.android.app.shealth,,34-13001.coaching.enable,
,tracker.exercise,,2025-11-04 20:25:01.000,2025-11-04 20:25:04.596,,,,1,yeLoKu9/uD,com.sec.android.app.shealth,,34-13002.coaching.enable,
,tracker.exercise,,2025-11-04 20:25:01.000,2025-11-04 20:25:04.597,,,,1,yeLoKu9/uD,com.sec.android.app.shealth,,34-13003.coaching.enable,
,tracker.exercise,,2025-11-04 20:25:01.000,2025-11-04 20:25:04.597,,,,1,yeLoKu9/uD,com.sec.android.app.shealth,,34-13004.coaching.enable,
,tracker.exercise,,2025-11-04 20:25:01.000,2025-11-04 20:25:04.597,,,,1,yeLoKu9/uD,com.sec.android.app.shealth,,34-13005.coaching.enable,
,tracker.exercise,,2025-11-04 20:25:01.000,2025-11-04 20:25:04.598,,,,1,yeLoKu9/uD,com.sec.android.app.shealth,,34-14001.coaching.enable,
,tracker.exercise,,2025-11-04 20:25:01.000,2025-11-04 20:25:04.598,,,,1,yeLoKu9/uD,com.sec.android.app.shealth,,34-9014001.coaching.enable,
,tracker.exercise,,2025-11-04 20:25:01.000,2025-11-04 20:25:04.598,,,,1,yeLoKu9/uD,com.sec.android.app.shealth,,34-14002.coaching.enable,
,tracker.exercise,,2025-11-04 20:25:01.000,2025-11-04 20:25:04.599,,,,1,yeLoKu9/uD,com.sec.android.app.shealth,,34-14003.coaching.enable,
,tracker.exercise,,2025-11-04 20:25:01.000,2025-11-04 20:25:04.599,,,,1,yeLoKu9/uD,com.sec.android.app.shealth,,34-14004.coaching.enable,
,tracker.exercise,,2025-11-04 20:25:01.000,2025-11-04 20:25:04.599,,,,1,yeLoKu9/uD,com.sec.android.app.shealth,,34-14005.coaching.enable,
,tracker.exercise,,2025-11-04 20:25:01.000,2025-11-04 20:25:04.600,,,,1,yeLoKu9/uD,com.sec.android.app.shealth,,34-14006.coaching.enable,
,tracker.exercise,,2025-11-04 20:25:01.000,2025-11-04 20:25:04.600,,,,1,yeLoKu9/uD,com.sec.android.app.shealth,,34-14007.coaching.enable,
,tracker.exercise,,2025-11-04 20:25:01.000,2025-11-04 20:25:04.600,,,,1,yeLoKu9/uD,com.sec.android.app.shealth,,34-14008.coaching.enable,
,tracker.exercise,,2025-11-04 20:25:01.000,2025-11-04 20:25:04.601,,,,1,yeLoKu9/uD,com.sec.android.app.shealth,,34-14009.coaching.enable,
,tracker.exercise,,2025-11-04 20:25:01.000,2025-11-04 20:25:04.601,,,,1,yeLoKu9/uD,com.sec.android.app.shealth,,34-14010.coaching.enable,
,tracker.exercise,,2025-11-04 20:25:01.000,2025-11-04 20:25:04.601,,,,1,yeLoKu9/uD,com.sec.android.app.shealth,,34-14011.coaching.enable,
,tracker.exercise,,2025-11-04 20:25:01.000,2025-11-04 20:25:04.601,,,,1,yeLoKu9/uD,com.sec.android.app.shealth,,34-14012.coaching.enable,
,tracker.exercise,,2025-11-04 20:25:01.000,2025-11-04 20:25:04.602,,,,1,yeLoKu9/uD,com.sec.android.app.shealth,,34-14013.coaching.enable,
,tracker.exercise,,2025-11-04 20:25:01.000,2025-11-04 20:25:04.602,,,,1,yeLoKu9/uD,com.sec.android.app.shealth,,34-15001.coaching.enable,
,tracker.exercise,,2025-11-04 20:25:01.000,2025-11-04 20:25:04.602,,,,1,yeLoKu9/uD,com.sec.android.app.shealth,,34-15002.coaching.enable,
,tracker.exercise,,2025-11-04 20:25:01.000,2025-11-04 20:25:04.603,,,,1,yeLoKu9/uD,com.sec.android.app.shealth,,34-15003.coaching.enable,
,tracker.exercise,,2025-11-04 20:25:01.000,2025-11-04 20:25:04.603,,,,1,yeLoKu9/uD,com.sec.android.app.shealth,,34-15004.coaching.enable,
,tracker.exercise,,2025-11-04 20:25:01.000,2025-11-04 20:25:04.604,,,,1,yeLoKu9/uD,com.sec.android.app.shealth,,34-15005.coaching.enable,
,tracker.exercise,,2025-11-04 20:25:01.000,2025-11-04 20:25:04.604,,,,1,yeLoKu9/uD,com.sec.android.app.shealth,,34-15006.coaching.enable,
,tracker.exercise,,2025-11-04 20:25:01.000,2025-11-04 20:25:04.604,,,,1,yeLoKu9/uD,com.sec.android.app.shealth,,34-16001.coaching.enable,
,tracker.exercise,,2025-11-04 20:25:01.000,2025-11-04 20:25:04.605,,,,1,yeLoKu9/uD,com.sec.android.app.shealth,,34-16002.coaching.enable,
,tracker.exercise,,2025-11-04 20:25:01.000,2025-11-04 20:25:04.605,,,,1,yeLoKu9/uD,com.sec.android.app.shealth,,34-16003.coaching.enable,
,tracker.exercise,,2025-11-04 20:25:01.000,2025-11-04 20:25:04.605,,,,1,yeLoKu9/uD,com.sec.android.app.shealth,,34-16004.coaching.enable,
,tracker.exercise,,2025-11-04 20:25:01.000,2025-11-04 20:25:04.605,,,,1,yeLoKu9/uD,com.sec.android.app.shealth,,34-16006.coaching.enable,
,tracker.exercise,,2025-11-04 20:25:01.000,2025-11-04 20:25:04.606,,,,1,yeLoKu9/uD,com.sec.android.app.shealth,,34-16007.coaching.enable,
,tracker.exercise,,2025-11-04 20:25:01.000,2025-11-04 20:25:04.606,,,,1,yeLoKu9/uD,com.sec.android.app.shealth,,34-16008.coaching.enable,
,tracker.exercise,,2025-11-04 20:25:01.000,2025-11-04 20:25:04.606,,,,1,yeLoKu9/uD,com.sec.android.app.shealth,,34-16009.coaching.enable,
,tracker.exercise,,2025-11-04 20:25:01.000,2025-11-04 20:25:04.607,,,,1,yeLoKu9/uD,com.sec.android.app.shealth,,34-00.coaching.enable,
,tracker.exercise,,2026-02-23 22:50:20.243,2025-11-04 20:25:04.607,,,,1,g1bnYRM2yN,com.sec.android.app.shealth,,34-1001.autoPause.enable,
,tracker.exercise,,2025-11-04 20:25:01.000,2025-11-04 20:25:04.607,,,,1,yeLoKu9/uD,com.sec.android.app.shealth,,34-1002.autoPause.enable,
,tracker.exercise,,2025-11-04 20:25:01.000,2025-11-04 20:25:04.608,,,,0,yeLoKu9/uD,com.sec.android.app.shealth,,34-9001002.autoPause.enable,
,tracker.exercise,,2025-11-04 20:25:01.000,2025-11-04 20:25:04.608,,,,1,yeLoKu9/uD,com.sec.android.app.shealth,,34-1006.autoPause.enable,
,tracker.exercise,,2025-11-04 20:25:01.000,2025-11-04 20:25:04.608,,,,1,yeLoKu9/uD,com.sec.android.app.shealth,,34-1007.autoPause.enable,
,tracker.exercise,,2025-11-04 20:25:01.000,2025-11-04 20:25:04.609,,,,1,yeLoKu9/uD,com.sec.android.app.shealth,,34-2001.autoPause.enable,
,tracker.exercise,,2025-11-04 20:25:01.000,2025-11-04 20:25:04.609,,,,1,yeLoKu9/uD,com.sec.android.app.shealth,,34-2002.autoPause.enable,
,tracker.exercise,,2025-11-04 20:25:01.000,2025-11-04 20:25:04.609,,,,1,yeLoKu9/uD,com.sec.android.app.shealth,,34-2003.autoPause.enable,
,tracker.exercise,,2025-11-04 20:25:01.000,2025-11-04 20:25:04.609,,,,1,yeLoKu9/uD,com.sec.android.app.shealth,,34-3001.autoPause.enable,
,tracker.exercise,,2025-11-04 20:25:01.000,2025-11-04 20:25:04.610,,,,1,yeLoKu9/uD,com.sec.android.app.shealth,,34-3003.autoPause.enable,
,tracker.exercise,,2025-11-04 20:25:01.000,2025-11-04 20:25:04.610,,,,1,yeLoKu9/uD,com.sec.android.app.shealth,,34-4001.autoPause.enable,
,tracker.exercise,,2025-11-04 20:25:01.000,2025-11-04 20:25:04.610,,,,1,yeLoKu9/uD,com.sec.android.app.shealth,,34-4002.autoPause.enable,
,tracker.exercise,,2025-11-04 20:25:01.000,2025-11-04 20:25:04.611,,,,1,yeLoKu9/uD,com.sec.android.app.shealth,,34-4003.autoPause.enable,
,tracker.exercise,,2025-11-04 20:25:01.000,2025-11-04 20:25:04.611,,,,1,yeLoKu9/uD,com.sec.android.app.shealth,,34-4004.autoPause.enable,
,tracker.exercise,,2025-11-04 20:25:01.000,2025-11-04 20:25:04.611,,,,1,yeLoKu9/uD,com.sec.android.app.shealth,,34-4005.autoPause.enable,
,tracker.exercise,,2025-11-04 20:25:01.000,2025-11-04 20:25:04.612,,,,1,yeLoKu9/uD,com.sec.android.app.shealth,,34-4006.autoPause.enable,
,tracker.exercise,,2025-11-04 20:25:01.000,2025-11-04 20:25:04.612,,,,1,yeLoKu9/uD,com.sec.android.app.shealth,,34-5001.autoPause.enable,
,tracker.exercise,,2025-11-04 20:25:01.000,2025-11-04 20:25:04.612,,,,1,yeLoKu9/uD,com.sec.android.app.shealth,,34-5002.autoPause.enable,
,tracker.exercise,,2025-11-04 20:25:01.000,2025-11-04 20:25:04.613,,,,1,yeLoKu9/uD,com.sec.android.app.shealth,,34-6001.autoPause.enable,
,tracker.exercise,,2025-11-04 20:25:01.000,2025-11-04 20:25:04.613,,,,1,yeLoKu9/uD,com.sec.android.app.shealth,,34-6002.autoPause.enable,
,tracker.exercise,,2025-11-04 20:25:01.000,2025-11-04 20:25:04.613,,,,1,yeLoKu9/uD,com.sec.android.app.shealth,,34-6003.autoPause.enable,
,tracker.exercise,,2025-11-04 20:25:01.000,2025-11-04 20:25:04.613,,,,1,yeLoKu9/uD,com.sec.android.app.shealth,,34-6004.autoPause.enable,
,tracker.exercise,,2025-11-04 20:25:01.000,2025-11-04 20:25:04.614,,,,1,yeLoKu9/uD,com.sec.android.app.shealth,,34-6005.autoPause.enable,
,tracker.exercise,,2025-11-04 20:25:01.000,2025-11-04 20:25:04.614,,,,1,yeLoKu9/uD,com.sec.android.app.shealth,,34-7002.autoPause.enable,
,tracker.exercise,,2025-11-04 20:25:01.000,2025-11-04 20:25:04.614,,,,1,yeLoKu9/uD,com.sec.android.app.shealth,,34-7003.autoPause.enable,
,tracker.exercise,,2025-11-04 20:25:01.000,2025-11-04 20:25:04.615,,,,1,yeLoKu9/uD,com.sec.android.app.shealth,,34-8001.autoPause.enable,
,tracker.exercise,,2025-11-04 20:25:01.000,2025-11-04 20:25:04.615,,,,1,yeLoKu9/uD,com.sec.android.app.shealth,,34-8002.autoPause.enable,
,tracker.exercise,,2025-11-04 20:25:01.000,2025-11-04 20:25:04.616,,,,1,yeLoKu9/uD,com.sec.android.app.shealth,,34-8003.autoPause.enable,
,tracker.exercise,,2025-11-04 20:25:01.000,2025-11-04 20:25:04.616,,,,1,yeLoKu9/uD,com.sec.android.app.shealth,,34-9001.autoPause.enable,
,tracker.exercise,,2025-11-04 20:25:01.000,2025-11-04 20:25:04.616,,,,1,yeLoKu9/uD,com.sec.android.app.shealth,,34-9002.autoPause.enable,
,tracker.exercise,,2025-11-04 20:25:01.000,2025-11-04 20:25:04.617,,,,1,yeLoKu9/uD,com.sec.android.app.shealth,,34-10001.autoPause.enable,
,tracker.exercise,,2025-11-04 20:25:01.000,2025-11-04 20:25:04.617,,,,1,yeLoKu9/uD,com.sec.android.app.shealth,,34-10002.autoPause.enable,
,tracker.exercise,,2025-11-04 20:25:01.000,2025-11-04 20:25:04.617,,,,1,yeLoKu9/uD,com.sec.android.app.shealth,,34-10003.autoPause.enable,
,tracker.exercise,,2025-11-04 20:25:01.000,2025-11-04 20:25:04.618,,,,1,yeLoKu9/uD,com.sec.android.app.shealth,,34-10004.autoPause.enable,
,tracker.exercise,,2025-11-04 20:25:01.000,2025-11-04 20:25:04.618,,,,1,yeLoKu9/uD,com.sec.android.app.shealth,,34-10005.autoPause.enable,
,tracker.exercise,,2025-11-04 20:25:01.000,2025-11-04 20:25:04.618,,,,1,yeLoKu9/uD,com.sec.android.app.shealth,,34-10006.autoPause.enable,
,tracker.exercise,,2025-11-04 20:25:01.000,2025-11-04 20:25:04.618,,,,1,yeLoKu9/uD,com.sec.android.app.shealth,,34-10007.autoPause.enable,
,tracker.exercise,,2025-11-04 20:25:01.000,2025-11-04 20:25:04.619,,,,1,yeLoKu9/uD,com.sec.android.app.shealth,,34-10008.autoPause.enable,
,tracker.exercise,,2025-11-04 20:25:01.000,2025-11-04 20:25:04.619,,,,1,yeLoKu9/uD,com.sec.android.app.shealth,,34-10009.autoPause.enable,
,tracker.exercise,,2025-11-04 20:25:01.000,2025-11-04 20:25:04.620,,,,1,yeLoKu9/uD,com.sec.android.app.shealth,,34-10010.autoPause.enable,
,tracker.exercise,,2025-11-04 20:25:01.000,2025-11-04 20:25:04.620,,,,1,yeLoKu9/uD,com.sec.android.app.shealth,,34-10011.autoPause.enable,
,tracker.exercise,,2025-11-04 20:25:01.000,2025-11-04 20:25:04.620,,,,1,yeLoKu9/uD,com.sec.android.app.shealth,,34-10012.autoPause.enable,
,tracker.exercise,,2025-11-04 20:25:01.000,2025-11-04 20:25:04.621,,,,1,yeLoKu9/uD,com.sec.android.app.shealth,,34-10013.autoPause.enable,
,tracker.exercise,,2025-11-04 20:25:01.000,2025-11-04 20:25:04.621,,,,1,yeLoKu9/uD,com.sec.android.app.shealth,,34-10014.autoPause.enable,
,tracker.exercise,,2025-11-04 20:25:01.000,2025-11-04 20:25:04.621,,,,1,yeLoKu9/uD,com.sec.android.app.shealth,,34-10015.autoPause.enable,
,tracker.exercise,,2025-11-04 20:25:01.000,2025-11-04 20:25:04.622,,,,1,yeLoKu9/uD,com.sec.android.app.shealth,,34-10016.autoPause.enable,
,tracker.exercise,,2025-11-04 20:25:01.000,2025-11-04 20:25:04.622,,,,1,yeLoKu9/uD,com.sec.android.app.shealth,,34-10017.autoPause.enable,
,tracker.exercise,,2025-11-04 20:25:01.000,2025-11-04 20:25:04.622,,,,1,yeLoKu9/uD,com.sec.android.app.shealth,,34-10018.autoPause.enable,
,tracker.exercise,,2025-11-04 20:25:01.000,2025-11-04 20:25:04.623,,,,1,yeLoKu9/uD,com.sec.android.app.shealth,,34-10019.autoPause.enable,
,tracker.exercise,,2025-11-04 20:25:01.000,2025-11-04 20:25:04.623,,,,1,yeLoKu9/uD,com.sec.android.app.shealth,,34-10020.autoPause.enable,
,tracker.exercise,,2025-11-04 20:25:01.000,2025-11-04 20:25:04.623,,,,1,yeLoKu9/uD,com.sec.android.app.shealth,,34-10021.autoPause.enable,
,tracker.exercise,,2025-11-04 20:25:01.000,2025-11-04 20:25:04.624,,,,1,yeLoKu9/uD,com.sec.android.app.shealth,,34-10022.autoPause.enable,
,tracker.exercise,,2025-11-04 20:25:01.000,2025-11-04 20:25:04.624,,,,1,yeLoKu9/uD,com.sec.android.app.shealth,,34-10023.autoPause.enable,
,tracker.exercise,,2025-11-04 20:25:01.000,2025-11-04 20:25:04.624,,,,1,yeLoKu9/uD,com.sec.android.app.shealth,,34-10024.autoPause.enable,
,tracker.exercise,,2026-05-02 11:13:08.000,2025-11-04 20:25:04.625,,,,0,yeLoKu9/uD,com.sec.android.app.shealth,,34-10025.autoPause.enable,
,tracker.exercise,,2025-11-04 20:25:01.000,2025-11-04 20:25:04.625,,,,1,yeLoKu9/uD,com.sec.android.app.shealth,,34-10026.autoPause.enable,
,tracker.exercise,,2025-11-04 20:25:01.000,2025-11-04 20:25:04.625,,,,1,yeLoKu9/uD,com.sec.android.app.shealth,,34-10027.autoPause.enable,
,tracker.exercise,,2025-11-04 20:25:01.000,2025-11-04 20:25:04.626,,,,1,yeLoKu9/uD,com.sec.android.app.shealth,,34-10028.autoPause.enable,
,tracker.exercise,,2025-11-04 20:25:01.000,2025-11-04 20:25:04.626,,,,1,yeLoKu9/uD,com.sec.android.app.shealth,,34-10029.autoPause.enable,
,tracker.exercise,,2025-11-04 20:25:01.000,2025-11-04 20:25:04.626,,,,1,yeLoKu9/uD,com.sec.android.app.shealth,,34-11001.autoPause.enable,
,tracker.exercise,,2025-11-04 20:25:01.000,2025-11-04 20:25:04.627,,,,1,yeLoKu9/uD,com.sec.android.app.shealth,,34-11002.autoPause.enable,
,tracker.exercise,,2025-11-04 20:25:01.000,2025-11-04 20:25:04.627,,,,1,yeLoKu9/uD,com.sec.android.app.shealth,,34-11004.autoPause.enable,
,tracker.exercise,,2025-11-04 20:25:01.000,2025-11-04 20:25:04.627,,,,1,yeLoKu9/uD,com.sec.android.app.shealth,,34-11005.autoPause.enable,
,tracker.exercise,,2025-11-04 20:25:01.000,2025-11-04 20:25:04.628,,,,1,yeLoKu9/uD,com.sec.android.app.shealth,,34-11007.autoPause.enable,
,tracker.exercise,,2025-11-04 20:25:01.000,2025-11-04 20:25:04.628,,,,1,yeLoKu9/uD,com.sec.android.app.shealth,,34-11008.autoPause.enable,
,tracker.exercise,,2025-11-04 20:25:01.000,2025-11-04 20:25:04.628,,,,1,yeLoKu9/uD,com.sec.android.app.shealth,,34-11009.autoPause.enable,
,tracker.exercise,,2026-05-02 11:13:08.000,2025-11-04 20:25:04.629,,,,0,yeLoKu9/uD,com.sec.android.app.shealth,,34-12001.autoPause.enable,
,tracker.exercise,,2025-11-04 20:25:01.000,2025-11-04 20:25:04.629,,,,0,yeLoKu9/uD,com.sec.android.app.shealth,,34-13001.autoPause.enable,
,tracker.exercise,,2025-11-04 20:25:01.000,2025-11-04 20:25:04.629,,,,1,yeLoKu9/uD,com.sec.android.app.shealth,,34-13002.autoPause.enable,
,tracker.exercise,,2025-11-04 20:25:01.000,2025-11-04 20:25:04.630,,,,1,yeLoKu9/uD,com.sec.android.app.shealth,,34-13003.autoPause.enable,
,tracker.exercise,,2025-11-04 20:25:01.000,2025-11-04 20:25:04.630,,,,1,yeLoKu9/uD,com.sec.android.app.shealth,,34-13004.autoPause.enable,
,tracker.exercise,,2025-11-04 20:25:01.000,2025-11-04 20:25:04.630,,,,1,yeLoKu9/uD,com.sec.android.app.shealth,,34-13005.autoPause.enable,
,tracker.exercise,,2025-11-04 20:25:01.000,2025-11-04 20:25:04.631,,,,1,yeLoKu9/uD,com.sec.android.app.shealth,,34-14001.autoPause.enable,
,tracker.exercise,,2025-11-04 20:25:01.000,2025-11-04 20:25:04.631,,,,1,yeLoKu9/uD,com.sec.android.app.shealth,,34-9014001.autoPause.enable,
,tracker.exercise,,2025-11-04 20:25:01.000,2025-11-04 20:25:04.631,,,,1,yeLoKu9/uD,com.sec.android.app.shealth,,34-14002.autoPause.enable,
,tracker.exercise,,2025-11-04 20:25:01.000,2025-11-04 20:25:04.632,,,,1,yeLoKu9/uD,com.sec.android.app.shealth,,34-14003.autoPause.enable,
,tracker.exercise,,2025-11-04 20:25:01.000,2025-11-04 20:25:04.632,,,,1,yeLoKu9/uD,com.sec.android.app.shealth,,34-14004.autoPause.enable,
,tracker.exercise,,2025-11-04 20:25:01.000,2025-11-04 20:25:04.632,,,,1,yeLoKu9/uD,com.sec.android.app.shealth,,34-14005.autoPause.enable,
,tracker.exercise,,2025-11-04 20:25:01.000,2025-11-04 20:25:04.633,,,,1,yeLoKu9/uD,com.sec.android.app.shealth,,34-14006.autoPause.enable,
,tracker.exercise,,2025-11-04 20:25:01.000,2025-11-04 20:25:04.633,,,,1,yeLoKu9/uD,com.sec.android.app.shealth,,34-14007.autoPause.enable,
,tracker.exercise,,2025-11-04 20:25:01.000,2025-11-04 20:25:04.633,,,,1,yeLoKu9/uD,com.sec.android.app.shealth,,34-14008.autoPause.enable,
,tracker.exercise,,2025-11-04 20:25:01.000,2025-11-04 20:25:04.634,,,,1,yeLoKu9/uD,com.sec.android.app.shealth,,34-14009.autoPause.enable,
,tracker.exercise,,2025-11-04 20:25:01.000,2025-11-04 20:25:04.634,,,,1,yeLoKu9/uD,com.sec.android.app.shealth,,34-14010.autoPause.enable,
,tracker.exercise,,2025-11-04 20:25:01.000,2025-11-04 20:25:04.634,,,,1,yeLoKu9/uD,com.sec.android.app.shealth,,34-14011.autoPause.enable,
,tracker.exercise,,2025-11-04 20:25:01.000,2025-11-04 20:25:04.635,,,,1,yeLoKu9/uD,com.sec.android.app.shealth,,34-14012.autoPause.enable,
,tracker.exercise,,2025-11-04 20:25:01.000,2025-11-04 20:25:04.635,,,,1,yeLoKu9/uD,com.sec.android.app.shealth,,34-14013.autoPause.enable,
,tracker.exercise,,2025-11-04 20:25:01.000,2025-11-04 20:25:04.635,,,,1,yeLoKu9/uD,com.sec.android.app.shealth,,34-15001.autoPause.enable,
,tracker.exercise,,2025-11-04 20:25:01.000,2025-11-04 20:25:04.636,,,,1,yeLoKu9/uD,com.sec.android.app.shealth,,34-15002.autoPause.enable,
,tracker.exercise,,2025-11-04 20:25:01.000,2025-11-04 20:25:04.636,,,,1,yeLoKu9/uD,com.sec.android.app.shealth,,34-15003.autoPause.enable,
,tracker.exercise,,2025-11-04 20:25:01.000,2025-11-04 20:25:04.636,,,,1,yeLoKu9/uD,com.sec.android.app.shealth,,34-15004.autoPause.enable,
,tracker.exercise,,2025-11-04 20:25:01.000,2025-11-04 20:25:04.636,,,,1,yeLoKu9/uD,com.sec.android.app.shealth,,34-15005.autoPause.enable,
,tracker.exercise,,2025-11-04 20:25:01.000,2025-11-04 20:25:04.637,,,,1,yeLoKu9/uD,com.sec.android.app.shealth,,34-15006.autoPause.enable,
,tracker.exercise,,2025-11-04 20:25:01.000,2025-11-04 20:25:04.637,,,,1,yeLoKu9/uD,com.sec.android.app.shealth,,34-16001.autoPause.enable,
,tracker.exercise,,2025-11-04 20:25:01.000,2025-11-04 20:25:04.637,,,,1,yeLoKu9/uD,com.sec.android.app.shealth,,34-16002.autoPause.enable,
,tracker.exercise,,2025-11-04 20:25:01.000,2025-11-04 20:25:04.638,,,,1,yeLoKu9/uD,com.sec.android.app.shealth,,34-16003.autoPause.enable,
,tracker.exercise,,2025-11-04 20:25:01.000,2025-11-04 20:25:04.638,,,,1,yeLoKu9/uD,com.sec.android.app.shealth,,34-16004.autoPause.enable,
,tracker.exercise,,2025-11-04 20:25:01.000,2025-11-04 20:25:04.638,,,,1,yeLoKu9/uD,com.sec.android.app.shealth,,34-16006.autoPause.enable,
,tracker.exercise,,2025-11-04 20:25:01.000,2025-11-04 20:25:04.638,,,,1,yeLoKu9/uD,com.sec.android.app.shealth,,34-16007.autoPause.enable,
,tracker.exercise,,2025-11-04 20:25:01.000,2025-11-04 20:25:04.639,,,,1,yeLoKu9/uD,com.sec.android.app.shealth,,34-16008.autoPause.enable,
,tracker.exercise,,2025-11-04 20:25:01.000,2025-11-04 20:25:04.639,,,,1,yeLoKu9/uD,com.sec.android.app.shealth,,34-16009.autoPause.enable,
,tracker.exercise,,2025-11-04 20:25:01.000,2025-11-04 20:25:04.639,,,,1,yeLoKu9/uD,com.sec.android.app.shealth,,34-00.autoPause.enable,
"{""distance"":1000.0,""duration"":1800000,""enable"":true,""lengths"":0,""type"":""distance""}",tracker.exercise,,2025-11-04 20:25:01.000,2025-11-04 20:25:04.640,,,,,yeLoKu9/uD,com.sec.android.app.shealth,,34-1001.guideFrequency,
"{""distance"":1000.0,""duration"":1800000,""enable"":true,""lengths"":0,""type"":""duration""}",tracker.exercise,,2025-11-04 20:25:01.000,2025-11-04 20:25:04.640,,,,,yeLoKu9/uD,com.sec.android.app.shealth,,34-9001002.guideFrequency,
"{""distance"":1000.0,""duration"":1800000,""enable"":true,""lengths"":0,""type"":""duration""}",tracker.exercise,,2025-11-04 20:25:01.000,2025-11-04 20:25:04.640,,,,,yeLoKu9/uD,com.sec.android.app.shealth,,34-1006.guideFrequency,
"{""distance"":1000.0,""duration"":1800000,""enable"":true,""lengths"":0,""type"":""duration""}",tracker.exercise,,2025-11-04 20:25:01.000,2025-11-04 20:25:04.641,,,,,yeLoKu9/uD,com.sec.android.app.shealth,,34-2001.guideFrequency,
"{""distance"":1000.0,""duration"":1800000,""enable"":true,""lengths"":0,""type"":""duration""}",tracker.exercise,,2025-11-04 20:25:01.000,2025-11-04 20:25:04.641,,,,,yeLoKu9/uD,com.sec.android.app.shealth,,34-2002.guideFrequency,
"{""distance"":1000.0,""duration"":1800000,""enable"":true,""lengths"":0,""type"":""duration""}",tracker.exercise,,2025-11-04 20:25:01.000,2025-11-04 20:25:04.641,,,,,yeLoKu9/uD,com.sec.android.app.shealth,,34-2003.guideFrequency,
"{""distance"":1000.0,""duration"":1800000,""enable"":true,""lengths"":0,""type"":""duration""}",tracker.exercise,,2025-11-04 20:25:01.000,2025-11-04 20:25:04.641,,,,,yeLoKu9/uD,com.sec.android.app.shealth,,34-3001.guideFrequency,
"{""distance"":1000.0,""duration"":1800000,""enable"":true,""lengths"":0,""type"":""duration""}",tracker.exercise,,2025-11-04 20:25:01.000,2025-11-04 20:25:04.642,,,,,yeLoKu9/uD,com.sec.android.app.shealth,,34-3003.guideFrequency,
"{""distance"":1000.0,""duration"":1800000,""enable"":true,""lengths"":0,""type"":""duration""}",tracker.exercise,,2025-11-04 20:25:01.000,2025-11-04 20:25:04.642,,,,,yeLoKu9/uD,com.sec.android.app.shealth,,34-4001.guideFrequency,
"{""distance"":1000.0,""duration"":1800000,""enable"":true,""lengths"":0,""type"":""duration""}",tracker.exercise,,2025-11-04 20:25:01.000,2025-11-04 20:25:04.642,,,,,yeLoKu9/uD,com.sec.android.app.shealth,,34-4002.guideFrequency,
"{""distance"":1000.0,""duration"":1800000,""enable"":true,""lengths"":0,""type"":""duration""}",tracker.exercise,,2025-11-04 20:25:01.000,2025-11-04 20:25:04.643,,,,,yeLoKu9/uD,com.sec.android.app.shealth,,34-4003.guideFrequency,
"{""distance"":1000.0,""duration"":1800000,""enable"":true,""lengths"":0,""type"":""duration""}",tracker.exercise,,2025-11-04 20:25:01.000,2025-11-04 20:25:04.643,,,,,yeLoKu9/uD,com.sec.android.app.shealth,,34-4004.guideFrequency,
"{""distance"":1000.0,""duration"":1800000,""enable"":true,""lengths"":0,""type"":""duration""}",tracker.exercise,,2025-11-04 20:25:01.000,2025-11-04 20:25:04.643,,,,,yeLoKu9/uD,com.sec.android.app.shealth,,34-4005.guideFrequency,
"{""distance"":1000.0,""duration"":1800000,""enable"":true,""lengths"":0,""type"":""duration""}",tracker.exercise,,2025-11-04 20:25:01.000,2025-11-04 20:25:04.644,,,,,yeLoKu9/uD,com.sec.android.app.shealth,,34-4006.guideFrequency,
"{""distance"":1000.0,""duration"":1800000,""enable"":true,""lengths"":0,""type"":""duration""}",tracker.exercise,,2025-11-04 20:25:01.000,2025-11-04 20:25:04.644,,,,,yeLoKu9/uD,com.sec.android.app.shealth,,34-5001.guideFrequency,
"{""distance"":1000.0,""duration"":1800000,""enable"":true,""lengths"":0,""type"":""duration""}",tracker.exercise,,2025-11-04 20:25:01.000,2025-11-04 20:25:04.644,,,,,yeLoKu9/uD,com.sec.android.app.shealth,,34-5002.guideFrequency,
"{""distance"":1000.0,""duration"":1800000,""enable"":true,""lengths"":0,""type"":""duration""}",tracker.exercise,,2025-11-04 20:25:01.000,2025-11-04 20:25:04.644,,,,,yeLoKu9/uD,com.sec.android.app.shealth,,34-6001.guideFrequency,
"{""distance"":1000.0,""duration"":1800000,""enable"":true,""lengths"":0,""type"":""duration""}",tracker.exercise,,2025-11-04 20:25:01.000,2025-11-04 20:25:04.645,,,,,yeLoKu9/uD,com.sec.android.app.shealth,,34-6002.guideFrequency,
"{""distance"":1000.0,""duration"":1800000,""enable"":true,""lengths"":0,""type"":""duration""}",tracker.exercise,,2025-11-04 20:25:01.000,2025-11-04 20:25:04.645,,,,,yeLoKu9/uD,com.sec.android.app.shealth,,34-6003.guideFrequency,
"{""distance"":1000.0,""duration"":1800000,""enable"":true,""lengths"":0,""type"":""duration""}",tracker.exercise,,2025-11-04 20:25:01.000,2025-11-04 20:25:04.645,,,,,yeLoKu9/uD,com.sec.android.app.shealth,,34-6004.guideFrequency,
"{""distance"":1000.0,""duration"":1800000,""enable"":true,""lengths"":0,""type"":""duration""}",tracker.exercise,,2025-11-04 20:25:01.000,2025-11-04 20:25:04.646,,,,,yeLoKu9/uD,com.sec.android.app.shealth,,34-6005.guideFrequency,
"{""distance"":1000.0,""duration"":1800000,""enable"":true,""lengths"":0,""type"":""duration""}",tracker.exercise,,2025-11-04 20:25:01.000,2025-11-04 20:25:04.646,,,,,yeLoKu9/uD,com.sec.android.app.shealth,,34-7002.guideFrequency,
"{""distance"":1000.0,""duration"":1800000,""enable"":true,""lengths"":0,""type"":""duration""}",tracker.exercise,,2025-11-04 20:25:01.000,2025-11-04 20:25:04.646,,,,,yeLoKu9/uD,com.sec.android.app.shealth,,34-7003.guideFrequency,
"{""distance"":1000.0,""duration"":1800000,""enable"":true,""lengths"":0,""type"":""duration""}",tracker.exercise,,2025-11-04 20:25:01.000,2025-11-04 20:25:04.647,,,,,yeLoKu9/uD,com.sec.android.app.shealth,,34-8001.guideFrequency,
"{""distance"":1000.0,""duration"":1800000,""enable"":true,""lengths"":0,""type"":""duration""}",tracker.exercise,,2025-11-04 20:25:01.000,2025-11-04 20:25:04.647,,,,,yeLoKu9/uD,com.sec.android.app.shealth,,34-8002.guideFrequency,
"{""distance"":1000.0,""duration"":1800000,""enable"":true,""lengths"":0,""type"":""duration""}",tracker.exercise,,2025-11-04 20:25:01.000,2025-11-04 20:25:04.647,,,,,yeLoKu9/uD,com.sec.android.app.shealth,,34-8003.guideFrequency,
"{""distance"":1000.0,""duration"":1800000,""enable"":true,""lengths"":0,""type"":""duration""}",tracker.exercise,,2025-11-04 20:25:01.000,2025-11-04 20:25:04.648,,,,,yeLoKu9/uD,com.sec.android.app.shealth,,34-9001.guideFrequency,
"{""distance"":1000.0,""duration"":1800000,""enable"":true,""lengths"":0,""type"":""duration""}",tracker.exercise,,2025-11-04 20:25:01.000,2025-11-04 20:25:04.648,,,,,yeLoKu9/uD,com.sec.android.app.shealth,,34-9002.guideFrequency,
"{""distance"":1000.0,""duration"":1800000,""enable"":true,""lengths"":0,""type"":""duration""}",tracker.exercise,,2025-11-04 20:25:01.000,2025-11-04 20:25:04.648,,,,,yeLoKu9/uD,com.sec.android.app.shealth,,34-10001.guideFrequency,
"{""distance"":1000.0,""duration"":1800000,""enable"":true,""lengths"":0,""type"":""duration""}",tracker.exercise,,2025-11-04 20:25:01.000,2025-11-04 20:25:04.648,,,,,yeLoKu9/uD,com.sec.android.app.shealth,,34-10002.guideFrequency,
"{""distance"":1000.0,""duration"":1800000,""enable"":true,""lengths"":0,""type"":""duration""}",tracker.exercise,,2025-11-04 20:25:01.000,2025-11-04 20:25:04.649,,,,,yeLoKu9/uD,com.sec.android.app.shealth,,34-10003.guideFrequency,
"{""distance"":1000.0,""duration"":1800000,""enable"":true,""lengths"":0,""type"":""duration""}",tracker.exercise,,2025-11-04 20:25:01.000,2025-11-04 20:25:04.649,,,,,yeLoKu9/uD,com.sec.android.app.shealth,,34-10004.guideFrequency,
"{""distance"":1000.0,""duration"":1800000,""enable"":true,""lengths"":0,""type"":""duration""}",tracker.exercise,,2025-11-04 20:25:01.000,2025-11-04 20:25:04.649,,,,,yeLoKu9/uD,com.sec.android.app.shealth,,34-10005.guideFrequency,
"{""distance"":1000.0,""duration"":1800000,""enable"":true,""lengths"":0,""type"":""duration""}",tracker.exercise,,2025-11-04 20:25:01.000,2025-11-04 20:25:04.650,,,,,yeLoKu9/uD,com.sec.android.app.shealth,,34-10006.guideFrequency,
"{""distance"":1000.0,""duration"":1800000,""enable"":true,""lengths"":0,""type"":""duration""}",tracker.exercise,,2025-11-04 20:25:01.000,2025-11-04 20:25:04.650,,,,,yeLoKu9/uD,com.sec.android.app.shealth,,34-10007.guideFrequency,
"{""distance"":1000.0,""duration"":1800000,""enable"":true,""lengths"":0,""type"":""duration""}",tracker.exercise,,2025-11-04 20:25:01.000,2025-11-04 20:25:04.650,,,,,yeLoKu9/uD,com.sec.android.app.shealth,,34-10008.guideFrequency,
"{""distance"":1000.0,""duration"":1800000,""enable"":true,""lengths"":0,""type"":""duration""}",tracker.exercise,,2025-11-04 20:25:01.000,2025-11-04 20:25:04.650,,,,,yeLoKu9/uD,com.sec.android.app.shealth,,34-10009.guideFrequency,
"{""distance"":1000.0,""duration"":1800000,""enable"":true,""lengths"":0,""type"":""duration""}",tracker.exercise,,2025-11-04 20:25:01.000,2025-11-04 20:25:04.651,,,,,yeLoKu9/uD,com.sec.android.app.shealth,,34-10010.guideFrequency,
"{""distance"":1000.0,""duration"":1800000,""enable"":true,""lengths"":0,""type"":""duration""}",tracker.exercise,,2025-11-04 20:25:01.000,2025-11-04 20:25:04.651,,,,,yeLoKu9/uD,com.sec.android.app.shealth,,34-10011.guideFrequency,
"{""distance"":1000.0,""duration"":1800000,""enable"":true,""lengths"":0,""type"":""duration""}",tracker.exercise,,2025-11-04 20:25:01.000,2025-11-04 20:25:04.651,,,,,yeLoKu9/uD,com.sec.android.app.shealth,,34-10012.guideFrequency,
"{""distance"":1000.0,""duration"":1800000,""enable"":true,""lengths"":0,""type"":""duration""}",tracker.exercise,,2025-11-04 20:25:01.000,2025-11-04 20:25:04.652,,,,,yeLoKu9/uD,com.sec.android.app.shealth,,34-10013.guideFrequency,
"{""distance"":1000.0,""duration"":1800000,""enable"":true,""lengths"":0,""type"":""duration""}",tracker.exercise,,2025-11-04 20:25:01.000,2025-11-04 20:25:04.652,,,,,yeLoKu9/uD,com.sec.android.app.shealth,,34-10014.guideFrequency,
"{""distance"":1000.0,""duration"":1800000,""enable"":true,""lengths"":0,""type"":""duration""}",tracker.exercise,,2025-11-04 20:25:01.000,2025-11-04 20:25:04.652,,,,,yeLoKu9/uD,com.sec.android.app.shealth,,34-10015.guideFrequency,
"{""distance"":1000.0,""duration"":1800000,""enable"":true,""lengths"":0,""type"":""duration""}",tracker.exercise,,2025-11-04 20:25:01.000,2025-11-04 20:25:04.653,,,,,yeLoKu9/uD,com.sec.android.app.shealth,,34-10016.guideFrequency,
"{""distance"":1000.0,""duration"":1800000,""enable"":true,""lengths"":0,""type"":""duration""}",tracker.exercise,,2025-11-04 20:25:01.000,2025-11-04 20:25:04.653,,,,,yeLoKu9/uD,com.sec.android.app.shealth,,34-10017.guideFrequency,
"{""distance"":1000.0,""duration"":1800000,""enable"":true,""lengths"":0,""type"":""duration""}",tracker.exercise,,2025-11-04 20:25:01.000,2025-11-04 20:25:04.653,,,,,yeLoKu9/uD,com.sec.android.app.shealth,,34-10018.guideFrequency,
"{""distance"":1000.0,""duration"":1800000,""enable"":true,""lengths"":0,""type"":""duration""}",tracker.exercise,,2025-11-04 20:25:01.000,2025-11-04 20:25:04.653,,,,,yeLoKu9/uD,com.sec.android.app.shealth,,34-10019.guideFrequency,
"{""distance"":1000.0,""duration"":1800000,""enable"":true,""lengths"":0,""type"":""duration""}",tracker.exercise,,2025-11-04 20:25:01.000,2025-11-04 20:25:04.654,,,,,yeLoKu9/uD,com.sec.android.app.shealth,,34-10020.guideFrequency,
"{""distance"":1000.0,""duration"":1800000,""enable"":true,""lengths"":0,""type"":""duration""}",tracker.exercise,,2025-11-04 20:25:01.000,2025-11-04 20:25:04.654,,,,,yeLoKu9/uD,com.sec.android.app.shealth,,34-10021.guideFrequency,
"{""distance"":1000.0,""duration"":1800000,""enable"":true,""lengths"":0,""type"":""duration""}",tracker.exercise,,2025-11-04 20:25:01.000,2025-11-04 20:25:04.654,,,,,yeLoKu9/uD,com.sec.android.app.shealth,,34-10022.guideFrequency,
"{""distance"":1000.0,""duration"":1800000,""enable"":true,""lengths"":0,""type"":""duration""}",tracker.exercise,,2025-11-04 20:25:01.000,2025-11-04 20:25:04.654,,,,,yeLoKu9/uD,com.sec.android.app.shealth,,34-10023.guideFrequency,
"{""distance"":1000.0,""duration"":1800000,""enable"":true,""lengths"":0,""type"":""duration""}",tracker.exercise,,2025-11-04 20:25:01.000,2025-11-04 20:25:04.655,,,,,yeLoKu9/uD,com.sec.android.app.shealth,,34-10024.guideFrequency,
"{""distance"":1000.0,""duration"":1800000,""enable"":true,""lengths"":0,""type"":""duration""}",tracker.exercise,,2026-05-02 11:13:08.000,2025-11-04 20:25:04.655,,,,,yeLoKu9/uD,com.sec.android.app.shealth,,34-10025.guideFrequency,
"{""distance"":1000.0,""duration"":1800000,""enable"":true,""lengths"":0,""type"":""duration""}",tracker.exercise,,2025-11-04 20:25:01.000,2025-11-04 20:25:04.655,,,,,yeLoKu9/uD,com.sec.android.app.shealth,,34-10026.guideFrequency,
"{""distance"":1000.0,""duration"":1800000,""enable"":true,""lengths"":0,""type"":""duration""}",tracker.exercise,,2025-11-04 20:25:01.000,2025-11-04 20:25:04.656,,,,,yeLoKu9/uD,com.sec.android.app.shealth,,34-10027.guideFrequency,
"{""distance"":1000.0,""duration"":1800000,""enable"":true,""lengths"":0,""type"":""duration""}",tracker.exercise,,2025-11-04 20:25:01.000,2025-11-04 20:25:04.656,,,,,yeLoKu9/uD,com.sec.android.app.shealth,,34-10028.guideFrequency,
"{""distance"":1000.0,""duration"":1800000,""enable"":true,""lengths"":0,""type"":""duration""}",tracker.exercise,,2025-11-04 20:25:01.000,2025-11-04 20:25:04.656,,,,,yeLoKu9/uD,com.sec.android.app.shealth,,34-10029.guideFrequency,
"{""distance"":1000.0,""duration"":1800000,""enable"":true,""lengths"":0,""type"":""duration""}",tracker.exercise,,2025-11-04 20:25:01.000,2025-11-04 20:25:04.657,,,,,yeLoKu9/uD,com.sec.android.app.shealth,,34-11001.guideFrequency,
"{""distance"":1000.0,""duration"":1800000,""enable"":true,""lengths"":0,""type"":""duration""}",tracker.exercise,,2025-11-04 20:25:01.000,2025-11-04 20:25:04.657,,,,,yeLoKu9/uD,com.sec.android.app.shealth,,34-11002.guideFrequency,
"{""distance"":1000.0,""duration"":1800000,""enable"":true,""lengths"":0,""type"":""duration""}",tracker.exercise,,2025-11-04 20:25:01.000,2025-11-04 20:25:04.657,,,,,yeLoKu9/uD,com.sec.android.app.shealth,,34-11004.guideFrequency,
"{""distance"":1000.0,""duration"":1800000,""enable"":true,""lengths"":0,""type"":""duration""}",tracker.exercise,,2025-11-04 20:25:01.000,2025-11-04 20:25:04.657,,,,,yeLoKu9/uD,com.sec.android.app.shealth,,34-11005.guideFrequency,
"{""distance"":1000.0,""duration"":1800000,""enable"":true,""lengths"":0,""type"":""duration""}",tracker.exercise,,2025-11-04 20:25:01.000,2025-11-04 20:25:04.658,,,,,yeLoKu9/uD,com.sec.android.app.shealth,,34-11008.guideFrequency,
"{""distance"":1000.0,""duration"":1800000,""enable"":true,""lengths"":0,""type"":""duration""}",tracker.exercise,,2025-11-04 20:25:01.000,2025-11-04 20:25:04.658,,,,,yeLoKu9/uD,com.sec.android.app.shealth,,34-11009.guideFrequency,
"{""distance"":1000.0,""duration"":1800000,""enable"":true,""lengths"":0,""type"":""duration""}",tracker.exercise,,2026-05-02 11:13:08.000,2025-11-04 20:25:04.658,,,,,yeLoKu9/uD,com.sec.android.app.shealth,,34-12001.guideFrequency,
"{""distance"":1000.0,""duration"":1800000,""enable"":true,""lengths"":0,""type"":""distance""}",tracker.exercise,,2025-11-04 20:25:01.000,2025-11-04 20:25:04.658,,,,,yeLoKu9/uD,com.sec.android.app.shealth,,34-13001.guideFrequency,
"{""distance"":1000.0,""duration"":1800000,""enable"":true,""lengths"":0,""type"":""duration""}",tracker.exercise,,2025-11-04 20:25:01.000,2025-11-04 20:25:04.659,,,,,yeLoKu9/uD,com.sec.android.app.shealth,,34-13002.guideFrequency,
"{""distance"":1000.0,""duration"":1800000,""enable"":true,""lengths"":0,""type"":""duration""}",tracker.exercise,,2025-11-04 20:25:01.000,2025-11-04 20:25:04.659,,,,,yeLoKu9/uD,com.sec.android.app.shealth,,34-13003.guideFrequency,
"{""distance"":1000.0,""duration"":1800000,""enable"":true,""lengths"":0,""type"":""duration""}",tracker.exercise,,2025-11-04 20:25:01.000,2025-11-04 20:25:04.659,,,,,yeLoKu9/uD,com.sec.android.app.shealth,,34-13004.guideFrequency,
"{""distance"":1000.0,""duration"":1800000,""enable"":true,""lengths"":0,""type"":""duration""}",tracker.exercise,,2025-11-04 20:25:01.000,2025-11-04 20:25:04.660,,,,,yeLoKu9/uD,com.sec.android.app.shealth,,34-13005.guideFrequency,
"{""distance"":1000.0,""duration"":1800000,""enable"":true,""lengths"":0,""type"":""duration""}",tracker.exercise,,2025-11-04 20:25:01.000,2025-11-04 20:25:04.660,,,,,yeLoKu9/uD,com.sec.android.app.shealth,,34-14001.guideFrequency,
"{""distance"":1000.0,""duration"":1800000,""enable"":true,""lengths"":0,""type"":""distance""}",tracker.exercise,,2025-11-04 20:25:01.000,2025-11-04 20:25:04.660,,,,,yeLoKu9/uD,com.sec.android.app.shealth,,34-9014001.guideFrequency,
"{""distance"":1000.0,""duration"":1800000,""enable"":true,""lengths"":0,""type"":""duration""}",tracker.exercise,,2025-11-04 20:25:01.000,2025-11-04 20:25:04.661,,,,,yeLoKu9/uD,com.sec.android.app.shealth,,34-14002.guideFrequency,
"{""distance"":1000.0,""duration"":1800000,""enable"":true,""lengths"":0,""type"":""duration""}",tracker.exercise,,2025-11-04 20:25:01.000,2025-11-04 20:25:04.661,,,,,yeLoKu9/uD,com.sec.android.app.shealth,,34-14003.guideFrequency,
"{""distance"":1000.0,""duration"":1800000,""enable"":true,""lengths"":0,""type"":""duration""}",tracker.exercise,,2025-11-04 20:25:01.000,2025-11-04 20:25:04.661,,,,,yeLoKu9/uD,com.sec.android.app.shealth,,34-14004.guideFrequency,
"{""distance"":1000.0,""duration"":1800000,""enable"":true,""lengths"":0,""type"":""duration""}",tracker.exercise,,2025-11-04 20:25:01.000,2025-11-04 20:25:04.661,,,,,yeLoKu9/uD,com.sec.android.app.shealth,,34-14005.guideFrequency,
"{""distance"":1000.0,""duration"":1800000,""enable"":true,""lengths"":0,""type"":""duration""}",tracker.exercise,,2025-11-04 20:25:01.000,2025-11-04 20:25:04.662,,,,,yeLoKu9/uD,com.sec.android.app.shealth,,34-14006.guideFrequency,
"{""distance"":1000.0,""duration"":1800000,""enable"":true,""lengths"":0,""type"":""duration""}",tracker.exercise,,2025-11-04 20:25:01.000,2025-11-04 20:25:04.662,,,,,yeLoKu9/uD,com.sec.android.app.shealth,,34-14007.guideFrequency,
"{""distance"":1000.0,""duration"":1800000,""enable"":true,""lengths"":0,""type"":""duration""}",tracker.exercise,,2025-11-04 20:25:01.000,2025-11-04 20:25:04.662,,,,,yeLoKu9/uD,com.sec.android.app.shealth,,34-14008.guideFrequency,
"{""distance"":1000.0,""duration"":1800000,""enable"":true,""lengths"":0,""type"":""duration""}",tracker.exercise,,2025-11-04 20:25:01.000,2025-11-04 20:25:04.662,,,,,yeLoKu9/uD,com.sec.android.app.shealth,,34-14009.guideFrequency,
"{""distance"":1000.0,""duration"":1800000,""enable"":true,""lengths"":0,""type"":""duration""}",tracker.exercise,,2025-11-04 20:25:01.000,2025-11-04 20:25:04.663,,,,,yeLoKu9/uD,com.sec.android.app.shealth,,34-14010.guideFrequency,
"{""distance"":1000.0,""duration"":1800000,""enable"":true,""lengths"":0,""type"":""duration""}",tracker.exercise,,2025-11-04 20:25:01.000,2025-11-04 20:25:04.663,,,,,yeLoKu9/uD,com.sec.android.app.shealth,,34-14011.guideFrequency,
"{""distance"":1000.0,""duration"":1800000,""enable"":true,""lengths"":0,""type"":""duration""}",tracker.exercise,,2025-11-04 20:25:01.000,2025-11-04 20:25:04.663,,,,,yeLoKu9/uD,com.sec.android.app.shealth,,34-14012.guideFrequency,
"{""distance"":1000.0,""duration"":1800000,""enable"":true,""lengths"":0,""type"":""duration""}",tracker.exercise,,2025-11-04 20:25:01.000,2025-11-04 20:25:04.664,,,,,yeLoKu9/uD,com.sec.android.app.shealth,,34-14013.guideFrequency,
"{""distance"":1000.0,""duration"":1800000,""enable"":true,""lengths"":0,""type"":""duration""}",tracker.exercise,,2025-11-04 20:25:01.000,2025-11-04 20:25:04.664,,,,,yeLoKu9/uD,com.sec.android.app.shealth,,34-15001.guideFrequency,
"{""distance"":1000.0,""duration"":1800000,""enable"":true,""lengths"":0,""type"":""duration""}",tracker.exercise,,2025-11-04 20:25:01.000,2025-11-04 20:25:04.664,,,,,yeLoKu9/uD,com.sec.android.app.shealth,,34-15002.guideFrequency,
"{""distance"":1000.0,""duration"":1800000,""enable"":true,""lengths"":0,""type"":""duration""}",tracker.exercise,,2025-11-04 20:25:01.000,2025-11-04 20:25:04.665,,,,,yeLoKu9/uD,com.sec.android.app.shealth,,34-15003.guideFrequency,
"{""distance"":1000.0,""duration"":1800000,""enable"":true,""lengths"":0,""type"":""duration""}",tracker.exercise,,2025-11-04 20:25:01.000,2025-11-04 20:25:04.665,,,,,yeLoKu9/uD,com.sec.android.app.shealth,,34-15004.guideFrequency,
"{""distance"":1000.0,""duration"":1800000,""enable"":true,""lengths"":0,""type"":""duration""}",tracker.exercise,,2025-11-04 20:25:01.000,2025-11-04 20:25:04.665,,,,,yeLoKu9/uD,com.sec.android.app.shealth,,34-15005.guideFrequency,
"{""distance"":1000.0,""duration"":1800000,""enable"":true,""lengths"":0,""type"":""duration""}",tracker.exercise,,2025-11-04 20:25:01.000,2025-11-04 20:25:04.665,,,,,yeLoKu9/uD,com.sec.android.app.shealth,,34-15006.guideFrequency,
"{""distance"":1000.0,""duration"":1800000,""enable"":true,""lengths"":0,""type"":""duration""}",tracker.exercise,,2025-11-04 20:25:01.000,2025-11-04 20:25:04.666,,,,,yeLoKu9/uD,com.sec.android.app.shealth,,34-16001.guideFrequency,
"{""distance"":1000.0,""duration"":1800000,""enable"":true,""lengths"":0,""type"":""duration""}",tracker.exercise,,2025-11-04 20:25:01.000,2025-11-04 20:25:04.666,,,,,yeLoKu9/uD,com.sec.android.app.shealth,,34-16002.guideFrequency,
"{""distance"":1000.0,""duration"":1800000,""enable"":true,""lengths"":0,""type"":""duration""}",tracker.exercise,,2025-11-04 20:25:01.000,2025-11-04 20:25:04.666,,,,,yeLoKu9/uD,com.sec.android.app.shealth,,34-16003.guideFrequency,
"{""distance"":1000.0,""duration"":1800000,""enable"":true,""lengths"":0,""type"":""duration""}",tracker.exercise,,2025-11-04 20:25:01.000,2025-11-04 20:25:04.667,,,,,yeLoKu9/uD,com.sec.android.app.shealth,,34-16004.guideFrequency,
"{""distance"":1000.0,""duration"":1800000,""enable"":true,""lengths"":0,""type"":""duration""}",tracker.exercise,,2025-11-04 20:25:01.000,2025-11-04 20:25:04.668,,,,,yeLoKu9/uD,com.sec.android.app.shealth,,34-16006.guideFrequency,
"{""distance"":1000.0,""duration"":1800000,""enable"":true,""lengths"":0,""type"":""duration""}",tracker.exercise,,2025-11-04 20:25:01.000,2025-11-04 20:25:04.668,,,,,yeLoKu9/uD,com.sec.android.app.shealth,,34-16007.guideFrequency,
"{""distance"":1000.0,""duration"":1800000,""enable"":true,""lengths"":0,""type"":""duration""}",tracker.exercise,,2025-11-04 20:25:01.000,2025-11-04 20:25:04.668,,,,,yeLoKu9/uD,com.sec.android.app.shealth,,34-16008.guideFrequency,
"{""distance"":1000.0,""duration"":1800000,""enable"":true,""lengths"":0,""type"":""duration""}",tracker.exercise,,2025-11-04 20:25:01.000,2025-11-04 20:25:04.669,,,,,yeLoKu9/uD,com.sec.android.app.shealth,,34-16009.guideFrequency,
"{""distance"":1000.0,""duration"":1800000,""enable"":true,""lengths"":0,""type"":""duration""}",tracker.exercise,,2025-11-04 20:25:01.000,2025-11-04 20:25:04.669,,,,,yeLoKu9/uD,com.sec.android.app.shealth,,34-00.guideFrequency,
"{""distance"":1000.0,""duration"":600000,""enable"":true,""type"":""distance""}",tracker.exercise,,2025-11-04 20:25:01.000,2025-11-04 20:25:04.669,,,,,yeLoKu9/uD,com.sec.android.app.shealth,,34-1002.autoLap,
"{""distance"":1000.0,""duration"":600000,""enable"":true,""type"":""distance""}",tracker.exercise,,2025-11-04 20:25:01.000,2025-11-04 20:25:04.670,,,,,yeLoKu9/uD,com.sec.android.app.shealth,,34-1007.autoLap,
"{""distance"":1000.0,""duration"":600000,""enable"":true,""type"":""distance""}",tracker.exercise,,2025-11-04 20:25:01.000,2025-11-04 20:25:04.670,,,,,yeLoKu9/uD,com.sec.android.app.shealth,,34-11007.autoLap,
,tracker.exercise,,2025-11-04 20:25:01.000,2025-11-04 20:25:04.670,,,,0,yeLoKu9/uD,com.sec.android.app.shealth,,34-1001.pauseWhenTargetReach,
,tracker.exercise,,2025-11-04 20:25:01.000,2025-11-04 20:25:04.671,,,,0,yeLoKu9/uD,com.sec.android.app.shealth,,34-1002.pauseWhenTargetReach,
,tracker.exercise,,2025-11-04 20:25:01.000,2025-11-04 20:25:04.671,,,,0,yeLoKu9/uD,com.sec.android.app.shealth,,34-9001002.pauseWhenTargetReach,
,tracker.exercise,,2025-11-04 20:25:01.000,2025-11-04 20:25:04.671,,,,0,yeLoKu9/uD,com.sec.android.app.shealth,,34-1006.pauseWhenTargetReach,
,tracker.exercise,,2025-11-04 20:25:01.000,2025-11-04 20:25:04.672,,,,0,yeLoKu9/uD,com.sec.android.app.shealth,,34-1007.pauseWhenTargetReach,
,tracker.exercise,,2025-11-04 20:25:01.000,2025-11-04 20:25:04.672,,,,0,yeLoKu9/uD,com.sec.android.app.shealth,,34-2001.pauseWhenTargetReach,
,tracker.exercise,,2025-11-04 20:25:01.000,2025-11-04 20:25:04.672,,,,0,yeLoKu9/uD,com.sec.android.app.shealth,,34-2002.pauseWhenTargetReach,
,tracker.exercise,,2025-11-04 20:25:01.000,2025-11-04 20:25:04.672,,,,0,yeLoKu9/uD,com.sec.android.app.shealth,,34-2003.pauseWhenTargetReach,
,tracker.exercise,,2025-11-04 20:25:01.000,2025-11-04 20:25:04.673,,,,0,yeLoKu9/uD,com.sec.android.app.shealth,,34-3001.pauseWhenTargetReach,
,tracker.exercise,,2025-11-04 20:25:01.000,2025-11-04 20:25:04.673,,,,0,yeLoKu9/uD,com.sec.android.app.shealth,,34-3003.pauseWhenTargetReach,
,tracker.exercise,,2025-11-04 20:25:01.000,2025-11-04 20:25:04.673,,,,0,yeLoKu9/uD,com.sec.android.app.shealth,,34-4001.pauseWhenTargetReach,
,tracker.exercise,,2025-11-04 20:25:01.000,2025-11-04 20:25:04.674,,,,0,yeLoKu9/uD,com.sec.android.app.shealth,,34-4002.pauseWhenTargetReach,
,tracker.exercise,,2025-11-04 20:25:01.000,2025-11-04 20:25:04.674,,,,0,yeLoKu9/uD,com.sec.android.app.shealth,,34-4003.pauseWhenTargetReach,
,tracker.exercise,,2025-11-04 20:25:01.000,2025-11-04 20:25:04.674,,,,0,yeLoKu9/uD,com.sec.android.app.shealth,,34-4004.pauseWhenTargetReach,
,tracker.exercise,,2025-11-04 20:25:01.000,2025-11-04 20:25:04.674,,,,0,yeLoKu9/uD,com.sec.android.app.shealth,,34-4005.pauseWhenTargetReach,
,tracker.exercise,,2025-11-04 20:25:01.000,2025-11-04 20:25:04.675,,,,0,yeLoKu9/uD,com.sec.android.app.shealth,,34-4006.pauseWhenTargetReach,
,tracker.exercise,,2025-11-04 20:25:01.000,2025-11-04 20:25:04.675,,,,0,yeLoKu9/uD,com.sec.android.app.shealth,,34-5001.pauseWhenTargetReach,
,tracker.exercise,,2025-11-04 20:25:01.000,2025-11-04 20:25:04.675,,,,0,yeLoKu9/uD,com.sec.android.app.shealth,,34-5002.pauseWhenTargetReach,
,tracker.exercise,,2025-11-04 20:25:01.000,2025-11-04 20:25:04.676,,,,0,yeLoKu9/uD,com.sec.android.app.shealth,,34-6001.pauseWhenTargetReach,
,tracker.exercise,,2025-11-04 20:25:01.000,2025-11-04 20:25:04.676,,,,0,yeLoKu9/uD,com.sec.android.app.shealth,,34-6002.pauseWhenTargetReach,
,tracker.exercise,,2025-11-04 20:25:01.000,2025-11-04 20:25:04.676,,,,0,yeLoKu9/uD,com.sec.android.app.shealth,,34-6003.pauseWhenTargetReach,
,tracker.exercise,,2025-11-04 20:25:01.000,2025-11-04 20:25:04.677,,,,0,yeLoKu9/uD,com.sec.android.app.shealth,,34-6004.pauseWhenTargetReach,
,tracker.exercise,,2025-11-04 20:25:01.000,2025-11-04 20:25:04.677,,,,0,yeLoKu9/uD,com.sec.android.app.shealth,,34-6005.pauseWhenTargetReach,
,tracker.exercise,,2025-11-04 20:25:01.000,2025-11-04 20:25:04.677,,,,0,yeLoKu9/uD,com.sec.android.app.shealth,,34-7002.pauseWhenTargetReach,
,tracker.exercise,,2025-11-04 20:25:01.000,2025-11-04 20:25:04.678,,,,0,yeLoKu9/uD,com.sec.android.app.shealth,,34-7003.pauseWhenTargetReach,
,tracker.exercise,,2025-11-04 20:25:01.000,2025-11-04 20:25:04.678,,,,0,yeLoKu9/uD,com.sec.android.app.shealth,,34-8001.pauseWhenTargetReach,
,tracker.exercise,,2025-11-04 20:25:01.000,2025-11-04 20:25:04.678,,,,0,yeLoKu9/uD,com.sec.android.app.shealth,,34-8002.pauseWhenTargetReach,
,tracker.exercise,,2025-11-04 20:25:01.000,2025-11-04 20:25:04.678,,,,0,yeLoKu9/uD,com.sec.android.app.shealth,,34-8003.pauseWhenTargetReach,
,tracker.exercise,,2025-11-04 20:25:01.000,2025-11-04 20:25:04.679,,,,0,yeLoKu9/uD,com.sec.android.app.shealth,,34-9001.pauseWhenTargetReach,
,tracker.exercise,,2025-11-04 20:25:01.000,2025-11-04 20:25:04.679,,,,0,yeLoKu9/uD,com.sec.android.app.shealth,,34-9002.pauseWhenTargetReach,
,tracker.exercise,,2025-11-04 20:25:01.000,2025-11-04 20:25:04.679,,,,0,yeLoKu9/uD,com.sec.android.app.shealth,,34-10001.pauseWhenTargetReach,
,tracker.exercise,,2025-11-04 20:25:01.000,2025-11-04 20:25:04.680,,,,0,yeLoKu9/uD,com.sec.android.app.shealth,,34-10002.pauseWhenTargetReach,
,tracker.exercise,,2025-11-04 20:25:01.000,2025-11-04 20:25:04.680,,,,0,yeLoKu9/uD,com.sec.android.app.shealth,,34-10003.pauseWhenTargetReach,
,tracker.exercise,,2025-11-04 20:25:01.000,2025-11-04 20:25:04.680,,,,0,yeLoKu9/uD,com.sec.android.app.shealth,,34-10004.pauseWhenTargetReach,
,tracker.exercise,,2025-11-04 20:25:01.000,2025-11-04 20:25:04.681,,,,0,yeLoKu9/uD,com.sec.android.app.shealth,,34-10005.pauseWhenTargetReach,
,tracker.exercise,,2025-11-04 20:25:01.000,2025-11-04 20:25:04.681,,,,0,yeLoKu9/uD,com.sec.android.app.shealth,,34-10006.pauseWhenTargetReach,
,tracker.exercise,,2025-11-04 20:25:01.000,2025-11-04 20:25:04.681,,,,0,yeLoKu9/uD,com.sec.android.app.shealth,,34-10007.pauseWhenTargetReach,
,tracker.exercise,,2025-11-04 20:25:01.000,2025-11-04 20:25:04.681,,,,0,yeLoKu9/uD,com.sec.android.app.shealth,,34-10008.pauseWhenTargetReach,
,tracker.exercise,,2025-11-04 20:25:01.000,2025-11-04 20:25:04.682,,,,0,yeLoKu9/uD,com.sec.android.app.shealth,,34-10009.pauseWhenTargetReach,
,tracker.exercise,,2025-11-04 20:25:01.000,2025-11-04 20:25:04.682,,,,0,yeLoKu9/uD,com.sec.android.app.shealth,,34-10010.pauseWhenTargetReach,
,tracker.exercise,,2025-11-04 20:25:01.000,2025-11-04 20:25:04.682,,,,0,yeLoKu9/uD,com.sec.android.app.shealth,,34-10011.pauseWhenTargetReach,
,tracker.exercise,,2025-11-04 20:25:01.000,2025-11-04 20:25:04.683,,,,0,yeLoKu9/uD,com.sec.android.app.shealth,,34-10012.pauseWhenTargetReach,
,tracker.exercise,,2025-11-04 20:25:01.000,2025-11-04 20:25:04.683,,,,0,yeLoKu9/uD,com.sec.android.app.shealth,,34-10013.pauseWhenTargetReach,
,tracker.exercise,,2025-11-04 20:25:01.000,2025-11-04 20:25:04.683,,,,0,yeLoKu9/uD,com.sec.android.app.shealth,,34-10014.pauseWhenTargetReach,
,tracker.exercise,,2025-11-04 20:25:01.000,2025-11-04 20:25:04.683,,,,0,yeLoKu9/uD,com.sec.android.app.shealth,,34-10015.pauseWhenTargetReach,
,tracker.exercise,,2025-11-04 20:25:01.000,2025-11-04 20:25:04.684,,,,0,yeLoKu9/uD,com.sec.android.app.shealth,,34-10016.pauseWhenTargetReach,
,tracker.exercise,,2025-11-04 20:25:01.000,2025-11-04 20:25:04.684,,,,0,yeLoKu9/uD,com.sec.android.app.shealth,,34-10017.pauseWhenTargetReach,
,tracker.exercise,,2025-11-04 20:25:01.000,2025-11-04 20:25:04.684,,,,0,yeLoKu9/uD,com.sec.android.app.shealth,,34-10018.pauseWhenTargetReach,
,tracker.exercise,,2025-11-04 20:25:01.000,2025-11-04 20:25:04.685,,,,0,yeLoKu9/uD,com.sec.android.app.shealth,,34-10019.pauseWhenTargetReach,
,tracker.exercise,,2025-11-04 20:25:01.000,2025-11-04 20:25:04.685,,,,0,yeLoKu9/uD,com.sec.android.app.shealth,,34-10020.pauseWhenTargetReach,
,tracker.exercise,,2025-11-04 20:25:01.000,2025-11-04 20:25:04.685,,,,0,yeLoKu9/uD,com.sec.android.app.shealth,,34-10021.pauseWhenTargetReach,
,tracker.exercise,,2025-11-04 20:25:01.000,2025-11-04 20:25:04.686,,,,0,yeLoKu9/uD,com.sec.android.app.shealth,,34-10022.pauseWhenTargetReach,
,tracker.exercise,,2025-11-04 20:25:01.000,2025-11-04 20:25:04.686,,,,0,yeLoKu9/uD,com.sec.android.app.shealth,,34-10023.pauseWhenTargetReach,
,tracker.exercise,,2025-11-04 20:25:01.000,2025-11-04 20:25:04.686,,,,0,yeLoKu9/uD,com.sec.android.app.shealth,,34-10024.pauseWhenTargetReach,
,tracker.exercise,,2025-11-04 20:25:01.000,2025-11-04 20:25:04.686,,,,0,yeLoKu9/uD,com.sec.android.app.shealth,,34-10025.pauseWhenTargetReach,
,tracker.exercise,,2025-11-04 20:25:01.000,2025-11-04 20:25:04.687,,,,0,yeLoKu9/uD,com.sec.android.app.shealth,,34-10026.pauseWhenTargetReach,
,tracker.exercise,,2025-11-04 20:25:01.000,2025-11-04 20:25:04.687,,,,0,yeLoKu9/uD,com.sec.android.app.shealth,,34-10027.pauseWhenTargetReach,
,tracker.exercise,,2025-11-04 20:25:01.000,2025-11-04 20:25:04.687,,,,0,yeLoKu9/uD,com.sec.android.app.shealth,,34-10028.pauseWhenTargetReach,
,tracker.exercise,,2025-11-04 20:25:01.000,2025-11-04 20:25:04.688,,,,0,yeLoKu9/uD,com.sec.android.app.shealth,,34-10029.pauseWhenTargetReach,
,tracker.exercise,,2025-11-04 20:25:01.000,2025-11-04 20:25:04.688,,,,0,yeLoKu9/uD,com.sec.android.app.shealth,,34-11001.pauseWhenTargetReach,
,tracker.exercise,,2025-11-04 20:25:01.000,2025-11-04 20:25:04.688,,,,0,yeLoKu9/uD,com.sec.android.app.shealth,,34-11002.pauseWhenTargetReach,
,tracker.exercise,,2025-11-04 20:25:01.000,2025-11-04 20:25:04.688,,,,0,yeLoKu9/uD,com.sec.android.app.shealth,,34-11004.pauseWhenTargetReach,
,tracker.exercise,,2025-11-04 20:25:01.000,2025-11-04 20:25:04.689,,,,0,yeLoKu9/uD,com.sec.android.app.shealth,,34-11005.pauseWhenTargetReach,
,tracker.exercise,,2025-11-04 20:25:01.000,2025-11-04 20:25:04.689,,,,0,yeLoKu9/uD,com.sec.android.app.shealth,,34-11007.pauseWhenTargetReach,
,tracker.exercise,,2025-11-04 20:25:01.000,2025-11-04 20:25:04.689,,,,0,yeLoKu9/uD,com.sec.android.app.shealth,,34-11008.pauseWhenTargetReach,
,tracker.exercise,,2025-11-04 20:25:01.000,2025-11-04 20:25:04.690,,,,0,yeLoKu9/uD,com.sec.android.app.shealth,,34-11009.pauseWhenTargetReach,
,tracker.exercise,,2025-11-04 20:25:01.000,2025-11-04 20:25:04.690,,,,0,yeLoKu9/uD,com.sec.android.app.shealth,,34-12001.pauseWhenTargetReach,
,tracker.exercise,,2025-11-04 20:25:01.000,2025-11-04 20:25:04.690,,,,0,yeLoKu9/uD,com.sec.android.app.shealth,,34-13001.pauseWhenTargetReach,
,tracker.exercise,,2025-11-04 20:25:01.000,2025-11-04 20:25:04.690,,,,0,yeLoKu9/uD,com.sec.android.app.shealth,,34-13002.pauseWhenTargetReach,
,tracker.exercise,,2025-11-04 20:25:01.000,2025-11-04 20:25:04.691,,,,0,yeLoKu9/uD,com.sec.android.app.shealth,,34-13003.pauseWhenTargetReach,
,tracker.exercise,,2025-11-04 20:25:01.000,2025-11-04 20:25:04.691,,,,0,yeLoKu9/uD,com.sec.android.app.shealth,,34-13004.pauseWhenTargetReach,
,tracker.exercise,,2025-11-04 20:25:01.000,2025-11-04 20:25:04.691,,,,0,yeLoKu9/uD,com.sec.android.app.shealth,,34-13005.pauseWhenTargetReach,
,tracker.exercise,,2025-11-04 20:25:01.000,2025-11-04 20:25:04.692,,,,0,yeLoKu9/uD,com.sec.android.app.shealth,,34-14001.pauseWhenTargetReach,
,tracker.exercise,,2025-11-04 20:25:01.000,2025-11-04 20:25:04.692,,,,0,yeLoKu9/uD,com.sec.android.app.shealth,,34-9014001.pauseWhenTargetReach,
,tracker.exercise,,2025-11-04 20:25:01.000,2025-11-04 20:25:04.692,,,,0,yeLoKu9/uD,com.sec.android.app.shealth,,34-14002.pauseWhenTargetReach,
,tracker.exercise,,2025-11-04 20:25:01.000,2025-11-04 20:25:04.693,,,,0,yeLoKu9/uD,com.sec.android.app.shealth,,34-14003.pauseWhenTargetReach,
,tracker.exercise,,2025-11-04 20:25:01.000,2025-11-04 20:25:04.693,,,,0,yeLoKu9/uD,com.sec.android.app.shealth,,34-14004.pauseWhenTargetReach,
,tracker.exercise,,2025-11-04 20:25:01.000,2025-11-04 20:25:04.693,,,,0,yeLoKu9/uD,com.sec.android.app.shealth,,34-14005.pauseWhenTargetReach,
,tracker.exercise,,2025-11-04 20:25:01.000,2025-11-04 20:25:04.693,,,,0,yeLoKu9/uD,com.sec.android.app.shealth,,34-14006.pauseWhenTargetReach,
,tracker.exercise,,2025-11-04 20:25:01.000,2025-11-04 20:25:04.694,,,,0,yeLoKu9/uD,com.sec.android.app.shealth,,34-14007.pauseWhenTargetReach,
,tracker.exercise,,2025-11-04 20:25:01.000,2025-11-04 20:25:04.694,,,,0,yeLoKu9/uD,com.sec.android.app.shealth,,34-14008.pauseWhenTargetReach,
,tracker.exercise,,2025-11-04 20:25:01.000,2025-11-04 20:25:04.694,,,,0,yeLoKu9/uD,com.sec.android.app.shealth,,34-14009.pauseWhenTargetReach,
,tracker.exercise,,2025-11-04 20:25:01.000,2025-11-04 20:25:04.695,,,,0,yeLoKu9/uD,com.sec.android.app.shealth,,34-14010.pauseWhenTargetReach,
,tracker.exercise,,2025-11-04 20:25:01.000,2025-11-04 20:25:04.695,,,,0,yeLoKu9/uD,com.sec.android.app.shealth,,34-14011.pauseWhenTargetReach,
,tracker.exercise,,2025-11-04 20:25:01.000,2025-11-04 20:25:04.695,,,,0,yeLoKu9/uD,com.sec.android.app.shealth,,34-14012.pauseWhenTargetReach,
,tracker.exercise,,2025-11-04 20:25:01.000,2025-11-04 20:25:04.695,,,,0,yeLoKu9/uD,com.sec.android.app.shealth,,34-14013.pauseWhenTargetReach,
,tracker.exercise,,2025-11-04 20:25:01.000,2025-11-04 20:25:04.696,,,,0,yeLoKu9/uD,com.sec.android.app.shealth,,34-15001.pauseWhenTargetReach,
,tracker.exercise,,2025-11-04 20:25:01.000,2025-11-04 20:25:04.696,,,,0,yeLoKu9/uD,com.sec.android.app.shealth,,34-15002.pauseWhenTargetReach,
,tracker.exercise,,2025-11-04 20:25:01.000,2025-11-04 20:25:04.696,,,,0,yeLoKu9/uD,com.sec.android.app.shealth,,34-15003.pauseWhenTargetReach,
,tracker.exercise,,2025-11-04 20:25:01.000,2025-11-04 20:25:04.697,,,,0,yeLoKu9/uD,com.sec.android.app.shealth,,34-15004.pauseWhenTargetReach,
,tracker.exercise,,2025-11-04 20:25:01.000,2025-11-04 20:25:04.697,,,,0,yeLoKu9/uD,com.sec.android.app.shealth,,34-15005.pauseWhenTargetReach,
,tracker.exercise,,2025-11-04 20:25:01.000,2025-11-04 20:25:04.697,,,,0,yeLoKu9/uD,com.sec.android.app.shealth,,34-15006.pauseWhenTargetReach,
,tracker.exercise,,2025-11-04 20:25:01.000,2025-11-04 20:25:04.698,,,,0,yeLoKu9/uD,com.sec.android.app.shealth,,34-16001.pauseWhenTargetReach,
,tracker.exercise,,2025-11-04 20:25:01.000,2025-11-04 20:25:04.698,,,,0,yeLoKu9/uD,com.sec.android.app.shealth,,34-16002.pauseWhenTargetReach,
,tracker.exercise,,2025-11-04 20:25:01.000,2025-11-04 20:25:04.698,,,,0,yeLoKu9/uD,com.sec.android.app.shealth,,34-16003.pauseWhenTargetReach,
,tracker.exercise,,2025-11-04 20:25:01.000,2025-11-04 20:25:04.698,,,,0,yeLoKu9/uD,com.sec.android.app.shealth,,34-16004.pauseWhenTargetReach,
,tracker.exercise,,2025-11-04 20:25:01.000,2025-11-04 20:25:04.699,,,,0,yeLoKu9/uD,com.sec.android.app.shealth,,34-16006.pauseWhenTargetReach,
,tracker.exercise,,2025-11-04 20:25:01.000,2025-11-04 20:25:04.699,,,,0,yeLoKu9/uD,com.sec.android.app.shealth,,34-16007.pauseWhenTargetReach,
,tracker.exercise,,2025-11-04 20:25:01.000,2025-11-04 20:25:04.699,,,,0,yeLoKu9/uD,com.sec.android.app.shealth,,34-16008.pauseWhenTargetReach,
,tracker.exercise,,2025-11-04 20:25:01.000,2025-11-04 20:25:04.700,,,,0,yeLoKu9/uD,com.sec.android.app.shealth,,34-16009.pauseWhenTargetReach,
,tracker.exercise,,2025-11-04 20:25:01.000,2025-11-04 20:25:04.700,,,,0,yeLoKu9/uD,com.sec.android.app.shealth,,34-00.pauseWhenTargetReach,
"{""calories"":300.0,""distance"":1000,""duration"":1800000,""enable"":false,""type"":2}",tracker.exercise,,2026-02-24 15:02:21.000,2025-11-04 20:25:04.700,,,,,yeLoKu9/uD,com.sec.android.app.shealth,,34-1001.target,
"{""calories"":300.0,""distance"":1000,""duration"":1800000,""enable"":false,""type"":2}",tracker.exercise,,2025-11-04 20:25:01.000,2025-11-04 20:25:04.701,,,,,yeLoKu9/uD,com.sec.android.app.shealth,,34-1002.target,
"{""calories"":300.0,""distance"":1000,""duration"":1800000,""enable"":false,""type"":2}",tracker.exercise,,2025-11-04 20:25:01.000,2025-11-04 20:25:04.701,,,,,yeLoKu9/uD,com.sec.android.app.shealth,,34-9001002.target,
"{""calories"":300.0,""distance"":1000,""duration"":1800000,""enable"":false,""type"":2}",tracker.exercise,,2025-11-04 20:25:01.000,2025-11-04 20:25:04.701,,,,,yeLoKu9/uD,com.sec.android.app.shealth,,34-1006.target,
"{""calories"":300.0,""distance"":1000,""duration"":1800000,""enable"":false,""type"":2}",tracker.exercise,,2025-11-04 20:25:01.000,2025-11-04 20:25:04.701,,,,,yeLoKu9/uD,com.sec.android.app.shealth,,34-1007.target,
"{""calories"":300.0,""distance"":1000,""duration"":1800000,""enable"":false,""type"":2}",tracker.exercise,,2025-11-04 20:25:01.000,2025-11-04 20:25:04.702,,,,,yeLoKu9/uD,com.sec.android.app.shealth,,34-2001.target,
"{""calories"":300.0,""distance"":1000,""duration"":1800000,""enable"":false,""type"":2}",tracker.exercise,,2025-11-04 20:25:01.000,2025-11-04 20:25:04.702,,,,,yeLoKu9/uD,com.sec.android.app.shealth,,34-2002.target,
"{""calories"":300.0,""distance"":1000,""duration"":1800000,""enable"":false,""type"":2}",tracker.exercise,,2025-11-04 20:25:01.000,2025-11-04 20:25:04.702,,,,,yeLoKu9/uD,com.sec.android.app.shealth,,34-2003.target,
"{""calories"":300.0,""distance"":1000,""duration"":1800000,""enable"":false,""type"":2}",tracker.exercise,,2025-11-04 20:25:01.000,2025-11-04 20:25:04.703,,,,,yeLoKu9/uD,com.sec.android.app.shealth,,34-3001.target,
"{""calories"":300.0,""distance"":1000,""duration"":1800000,""enable"":false,""type"":2}",tracker.exercise,,2025-11-04 20:25:01.000,2025-11-04 20:25:04.703,,,,,yeLoKu9/uD,com.sec.android.app.shealth,,34-3003.target,
"{""calories"":300.0,""distance"":1000,""duration"":1800000,""enable"":false,""type"":2}",tracker.exercise,,2025-11-04 20:25:01.000,2025-11-04 20:25:04.703,,,,,yeLoKu9/uD,com.sec.android.app.shealth,,34-4001.target,
"{""calories"":300.0,""distance"":1000,""duration"":1800000,""enable"":false,""type"":2}",tracker.exercise,,2025-11-04 20:25:01.000,2025-11-04 20:25:04.704,,,,,yeLoKu9/uD,com.sec.android.app.shealth,,34-4002.target,
"{""calories"":300.0,""distance"":1000,""duration"":1800000,""enable"":false,""type"":2}",tracker.exercise,,2025-11-04 20:25:01.000,2025-11-04 20:25:04.704,,,,,yeLoKu9/uD,com.sec.android.app.shealth,,34-4003.target,
"{""calories"":300.0,""distance"":1000,""duration"":1800000,""enable"":false,""type"":2}",tracker.exercise,,2025-11-04 20:25:01.000,2025-11-04 20:25:04.704,,,,,yeLoKu9/uD,com.sec.android.app.shealth,,34-4004.target,
"{""calories"":300.0,""distance"":1000,""duration"":1800000,""enable"":false,""type"":2}",tracker.exercise,,2025-11-04 20:25:01.000,2025-11-04 20:25:04.704,,,,,yeLoKu9/uD,com.sec.android.app.shealth,,34-4005.target,
"{""calories"":300.0,""distance"":1000,""duration"":1800000,""enable"":false,""type"":2}",tracker.exercise,,2025-11-04 20:25:01.000,2025-11-04 20:25:04.705,,,,,yeLoKu9/uD,com.sec.android.app.shealth,,34-4006.target,
"{""calories"":300.0,""distance"":1000,""duration"":1800000,""enable"":false,""type"":2}",tracker.exercise,,2025-11-04 20:25:01.000,2025-11-04 20:25:04.705,,,,,yeLoKu9/uD,com.sec.android.app.shealth,,34-5001.target,
"{""calories"":300.0,""distance"":1000,""duration"":1800000,""enable"":false,""type"":2}",tracker.exercise,,2025-11-04 20:25:01.000,2025-11-04 20:25:04.705,,,,,yeLoKu9/uD,com.sec.android.app.shealth,,34-5002.target,
"{""calories"":300.0,""distance"":1000,""duration"":1800000,""enable"":false,""type"":2}",tracker.exercise,,2025-11-04 20:25:01.000,2025-11-04 20:25:04.706,,,,,yeLoKu9/uD,com.sec.android.app.shealth,,34-6001.target,
"{""calories"":300.0,""distance"":1000,""duration"":1800000,""enable"":false,""type"":2}",tracker.exercise,,2025-11-04 20:25:01.000,2025-11-04 20:25:04.706,,,,,yeLoKu9/uD,com.sec.android.app.shealth,,34-6002.target,
"{""calories"":300.0,""distance"":1000,""duration"":1800000,""enable"":false,""type"":2}",tracker.exercise,,2025-11-04 20:25:01.000,2025-11-04 20:25:04.706,,,,,yeLoKu9/uD,com.sec.android.app.shealth,,34-6003.target,
"{""calories"":300.0,""distance"":1000,""duration"":1800000,""enable"":false,""type"":2}",tracker.exercise,,2025-11-04 20:25:01.000,2025-11-04 20:25:04.706,,,,,yeLoKu9/uD,com.sec.android.app.shealth,,34-6004.target,
"{""calories"":300.0,""distance"":1000,""duration"":1800000,""enable"":false,""type"":2}",tracker.exercise,,2025-11-04 20:25:01.000,2025-11-04 20:25:04.707,,,,,yeLoKu9/uD,com.sec.android.app.shealth,,34-6005.target,
"{""calories"":300.0,""distance"":1000,""duration"":1800000,""enable"":false,""type"":2}",tracker.exercise,,2025-11-04 20:25:01.000,2025-11-04 20:25:04.707,,,,,yeLoKu9/uD,com.sec.android.app.shealth,,34-7002.target,
"{""calories"":300.0,""distance"":1000,""duration"":1800000,""enable"":false,""type"":2}",tracker.exercise,,2025-11-04 20:25:01.000,2025-11-04 20:25:04.707,,,,,yeLoKu9/uD,com.sec.android.app.shealth,,34-7003.target,
"{""calories"":300.0,""distance"":1000,""duration"":1800000,""enable"":false,""type"":2}",tracker.exercise,,2025-11-04 20:25:01.000,2025-11-04 20:25:04.708,,,,,yeLoKu9/uD,com.sec.android.app.shealth,,34-8001.target,
"{""calories"":300.0,""distance"":1000,""duration"":1800000,""enable"":false,""type"":2}",tracker.exercise,,2025-11-04 20:25:01.000,2025-11-04 20:25:04.708,,,,,yeLoKu9/uD,com.sec.android.app.shealth,,34-8002.target,
"{""calories"":300.0,""distance"":1000,""duration"":1800000,""enable"":false,""type"":2}",tracker.exercise,,2025-11-04 20:25:01.000,2025-11-04 20:25:04.708,,,,,yeLoKu9/uD,com.sec.android.app.shealth,,34-8003.target,
"{""calories"":300.0,""distance"":1000,""duration"":1800000,""enable"":false,""type"":2}",tracker.exercise,,2025-11-04 20:25:01.000,2025-11-04 20:25:04.709,,,,,yeLoKu9/uD,com.sec.android.app.shealth,,34-9001.target,
"{""calories"":300.0,""distance"":1000,""duration"":1800000,""enable"":false,""type"":2}",tracker.exercise,,2025-11-04 20:25:01.000,2025-11-04 20:25:04.709,,,,,yeLoKu9/uD,com.sec.android.app.shealth,,34-9002.target,
"{""calories"":300.0,""distance"":1000,""duration"":1800000,""enable"":false,""type"":2}",tracker.exercise,,2025-11-04 20:25:01.000,2025-11-04 20:25:04.709,,,,,yeLoKu9/uD,com.sec.android.app.shealth,,34-10001.target,
"{""calories"":300.0,""distance"":1000,""duration"":1800000,""enable"":false,""type"":2}",tracker.exercise,,2025-11-04 20:25:01.000,2025-11-04 20:25:04.709,,,,,yeLoKu9/uD,com.sec.android.app.shealth,,34-10002.target,
"{""calories"":300.0,""distance"":1000,""duration"":1800000,""enable"":false,""type"":2}",tracker.exercise,,2025-11-04 20:25:01.000,2025-11-04 20:25:04.710,,,,,yeLoKu9/uD,com.sec.android.app.shealth,,34-10003.target,
"{""calories"":300.0,""distance"":1000,""duration"":30000,""enable"":false,""type"":2}",tracker.exercise,,2025-11-04 20:25:01.000,2025-11-04 20:25:04.710,,,,,yeLoKu9/uD,com.sec.android.app.shealth,,34-10004.target,
"{""calories"":300.0,""distance"":1000,""duration"":30000,""enable"":false,""type"":2}",tracker.exercise,,2025-11-04 20:25:01.000,2025-11-04 20:25:04.710,,,,,yeLoKu9/uD,com.sec.android.app.shealth,,34-10005.target,
"{""calories"":300.0,""distance"":1000,""duration"":30000,""enable"":false,""type"":2}",tracker.exercise,,2025-11-04 20:25:01.000,2025-11-04 20:25:04.711,,,,,yeLoKu9/uD,com.sec.android.app.shealth,,34-10006.target,
"{""calories"":300.0,""distance"":1000,""duration"":30000,""enable"":false,""type"":2}",tracker.exercise,,2025-11-04 20:25:01.000,2025-11-04 20:25:04.711,,,,,yeLoKu9/uD,com.sec.android.app.shealth,,34-10007.target,
"{""calories"":300.0,""distance"":1000,""duration"":30000,""enable"":false,""type"":2}",tracker.exercise,,2025-11-04 20:25:01.000,2025-11-04 20:25:04.711,,,,,yeLoKu9/uD,com.sec.android.app.shealth,,34-10008.target,
"{""calories"":300.0,""distance"":1000,""duration"":30000,""enable"":false,""type"":2}",tracker.exercise,,2025-11-04 20:25:01.000,2025-11-04 20:25:04.712,,,,,yeLoKu9/uD,com.sec.android.app.shealth,,34-10009.target,
"{""calories"":300.0,""distance"":1000,""duration"":30000,""enable"":false,""type"":2}",tracker.exercise,,2025-11-04 20:25:01.000,2025-11-04 20:25:04.712,,,,,yeLoKu9/uD,com.sec.android.app.shealth,,34-10010.target,
"{""calories"":300.0,""distance"":1000,""duration"":30000,""enable"":false,""type"":2}",tracker.exercise,,2025-11-04 20:25:01.000,2025-11-04 20:25:04.712,,,,,yeLoKu9/uD,com.sec.android.app.shealth,,34-10011.target,
"{""calories"":300.0,""distance"":1000,""duration"":30000,""enable"":false,""type"":2}",tracker.exercise,,2025-11-04 20:25:01.000,2025-11-04 20:25:04.713,,,,,yeLoKu9/uD,com.sec.android.app.shealth,,34-10012.target,
"{""calories"":300.0,""distance"":1000,""duration"":30000,""enable"":false,""type"":2}",tracker.exercise,,2025-11-04 20:25:01.000,2025-11-04 20:25:04.713,,,,,yeLoKu9/uD,com.sec.android.app.shealth,,34-10013.target,
"{""calories"":300.0,""distance"":1000,""duration"":30000,""enable"":false,""type"":2}",tracker.exercise,,2025-11-04 20:25:01.000,2025-11-04 20:25:04.713,,,,,yeLoKu9/uD,com.sec.android.app.shealth,,34-10014.target,
"{""calories"":300.0,""distance"":1000,""duration"":30000,""enable"":false,""type"":2}",tracker.exercise,,2025-11-04 20:25:01.000,2025-11-04 20:25:04.713,,,,,yeLoKu9/uD,com.sec.android.app.shealth,,34-10015.target,
"{""calories"":300.0,""distance"":1000,""duration"":30000,""enable"":false,""type"":2}",tracker.exercise,,2025-11-04 20:25:01.000,2025-11-04 20:25:04.714,,,,,yeLoKu9/uD,com.sec.android.app.shealth,,34-10016.target,
"{""calories"":300.0,""distance"":1000,""duration"":30000,""enable"":false,""type"":2}",tracker.exercise,,2025-11-04 20:25:01.000,2025-11-04 20:25:04.714,,,,,yeLoKu9/uD,com.sec.android.app.shealth,,34-10017.target,
"{""calories"":300.0,""distance"":1000,""duration"":30000,""enable"":false,""type"":2}",tracker.exercise,,2025-11-04 20:25:01.000,2025-11-04 20:25:04.714,,,,,yeLoKu9/uD,com.sec.android.app.shealth,,34-10018.target,
"{""calories"":300.0,""distance"":1000,""duration"":30000,""enable"":false,""type"":2}",tracker.exercise,,2025-11-04 20:25:01.000,2025-11-04 20:25:04.715,,,,,yeLoKu9/uD,com.sec.android.app.shealth,,34-10019.target,
"{""calories"":300.0,""distance"":1000,""duration"":30000,""enable"":false,""type"":2}",tracker.exercise,,2025-11-04 20:25:01.000,2025-11-04 20:25:04.715,,,,,yeLoKu9/uD,com.sec.android.app.shealth,,34-10020.target,
"{""calories"":300.0,""distance"":1000,""duration"":30000,""enable"":false,""type"":2}",tracker.exercise,,2025-11-04 20:25:01.000,2025-11-04 20:25:04.715,,,,,yeLoKu9/uD,com.sec.android.app.shealth,,34-10021.target,
"{""calories"":300.0,""distance"":1000,""duration"":30000,""enable"":false,""type"":2}",tracker.exercise,,2025-11-04 20:25:01.000,2025-11-04 20:25:04.716,,,,,yeLoKu9/uD,com.sec.android.app.shealth,,34-10022.target,
"{""calories"":300.0,""distance"":1000,""duration"":30000,""enable"":false,""type"":2}",tracker.exercise,,2025-11-04 20:25:01.000,2025-11-04 20:25:04.716,,,,,yeLoKu9/uD,com.sec.android.app.shealth,,34-10023.target,
"{""calories"":300.0,""distance"":1000,""duration"":30000,""enable"":false,""type"":2}",tracker.exercise,,2025-11-04 20:25:01.000,2025-11-04 20:25:04.716,,,,,yeLoKu9/uD,com.sec.android.app.shealth,,34-10024.target,
"{""calories"":300.0,""distance"":1000,""duration"":120000,""enable"":true,""type"":2}",tracker.exercise,,2026-05-02 11:13:08.000,2025-11-04 20:25:04.716,,,,,yeLoKu9/uD,com.sec.android.app.shealth,,34-10025.target,
"{""calories"":300.0,""distance"":1000,""duration"":30000,""enable"":false,""type"":2}",tracker.exercise,,2025-11-04 20:25:01.000,2025-11-04 20:25:04.717,,,,,yeLoKu9/uD,com.sec.android.app.shealth,,34-10026.target,
"{""calories"":300.0,""distance"":1000,""duration"":30000,""enable"":false,""type"":2}",tracker.exercise,,2025-11-04 20:25:01.000,2025-11-04 20:25:04.717,,,,,yeLoKu9/uD,com.sec.android.app.shealth,,34-10027.target,
"{""calories"":300.0,""distance"":1000,""duration"":30000,""enable"":false,""type"":2}",tracker.exercise,,2025-11-04 20:25:01.000,2025-11-04 20:25:04.717,,,,,yeLoKu9/uD,com.sec.android.app.shealth,,34-10028.target,
"{""calories"":300.0,""distance"":1000,""duration"":30000,""enable"":false,""type"":2}",tracker.exercise,,2025-11-04 20:25:01.000,2025-11-04 20:25:04.718,,,,,yeLoKu9/uD,com.sec.android.app.shealth,,34-10029.target,
"{""calories"":300.0,""distance"":1000,""duration"":1800000,""enable"":false,""type"":2}",tracker.exercise,,2025-11-04 20:25:01.000,2025-11-04 20:25:04.718,,,,,yeLoKu9/uD,com.sec.android.app.shealth,,34-11001.target,
"{""calories"":300.0,""distance"":1000,""duration"":1800000,""enable"":false,""type"":2}",tracker.exercise,,2025-11-04 20:25:01.000,2025-11-04 20:25:04.718,,,,,yeLoKu9/uD,com.sec.android.app.shealth,,34-11002.target,
"{""calories"":300.0,""distance"":1000,""duration"":1800000,""enable"":false,""type"":2}",tracker.exercise,,2025-11-04 20:25:01.000,2025-11-04 20:25:04.718,,,,,yeLoKu9/uD,com.sec.android.app.shealth,,34-11004.target,
"{""calories"":300.0,""distance"":1000,""duration"":1800000,""enable"":false,""type"":2}",tracker.exercise,,2025-11-04 20:25:01.000,2025-11-04 20:25:04.719,,,,,yeLoKu9/uD,com.sec.android.app.shealth,,34-11005.target,
"{""calories"":300.0,""distance"":10000,""duration"":1800000,""enable"":false,""type"":2}",tracker.exercise,,2025-11-04 20:25:01.000,2025-11-04 20:25:04.719,,,,,yeLoKu9/uD,com.sec.android.app.shealth,,34-11007.target,
"{""calories"":300.0,""distance"":1000,""duration"":1800000,""enable"":false,""type"":2}",tracker.exercise,,2025-11-04 20:25:01.000,2025-11-04 20:25:04.719,,,,,yeLoKu9/uD,com.sec.android.app.shealth,,34-11008.target,
"{""calories"":300.0,""distance"":1000,""duration"":1800000,""enable"":false,""type"":2}",tracker.exercise,,2025-11-04 20:25:01.000,2025-11-04 20:25:04.720,,,,,yeLoKu9/uD,com.sec.android.app.shealth,,34-11009.target,
"{""calories"":300.0,""distance"":1000,""duration"":1800000,""enable"":false,""type"":2}",tracker.exercise,,2026-05-02 11:13:08.000,2025-11-04 20:25:04.720,,,,,yeLoKu9/uD,com.sec.android.app.shealth,,34-12001.target,
"{""calories"":300.0,""distance"":1000,""duration"":1800000,""enable"":false,""type"":2}",tracker.exercise,,2025-11-04 20:25:01.000,2025-11-04 20:25:04.720,,,,,yeLoKu9/uD,com.sec.android.app.shealth,,34-13001.target,
"{""calories"":300.0,""distance"":1000,""duration"":1800000,""enable"":false,""type"":2}",tracker.exercise,,2025-11-04 20:25:01.000,2025-11-04 20:25:04.721,,,,,yeLoKu9/uD,com.sec.android.app.shealth,,34-13002.target,
"{""calories"":300.0,""distance"":1000,""duration"":1800000,""enable"":false,""type"":2}",tracker.exercise,,2025-11-04 20:25:01.000,2025-11-04 20:25:04.721,,,,,yeLoKu9/uD,com.sec.android.app.shealth,,34-13003.target,
"{""calories"":300.0,""distance"":1000,""duration"":1800000,""enable"":false,""type"":2}",tracker.exercise,,2025-11-04 20:25:01.000,2025-11-04 20:25:04.721,,,,,yeLoKu9/uD,com.sec.android.app.shealth,,34-13004.target,
"{""calories"":300.0,""distance"":1000,""duration"":1800000,""enable"":false,""type"":2}",tracker.exercise,,2025-11-04 20:25:01.000,2025-11-04 20:25:04.721,,,,,yeLoKu9/uD,com.sec.android.app.shealth,,34-13005.target,
"{""calories"":300.0,""distance"":1000,""duration"":1800000,""enable"":false,""type"":2}",tracker.exercise,,2026-07-20 14:16:11.000,2025-11-04 20:25:04.722,,,,,yeLoKu9/uD,com.sec.android.app.shealth,,34-14001.target,
"{""calories"":300.0,""distance"":1000,""duration"":1800000,""enable"":false,""type"":2}",tracker.exercise,,2026-05-02 11:13:08.000,2025-11-04 20:25:04.722,,,,,yeLoKu9/uD,com.sec.android.app.shealth,,34-9014001.target,
"{""calories"":300.0,""distance"":1000,""duration"":1800000,""enable"":false,""type"":2}",tracker.exercise,,2025-11-04 20:25:01.000,2025-11-04 20:25:04.722,,,,,yeLoKu9/uD,com.sec.android.app.shealth,,34-14002.target,
"{""calories"":300.0,""distance"":1000,""duration"":1800000,""enable"":false,""type"":2}",tracker.exercise,,2025-11-04 20:25:01.000,2025-11-04 20:25:04.723,,,,,yeLoKu9/uD,com.sec.android.app.shealth,,34-14003.target,
"{""calories"":300.0,""distance"":1000,""duration"":1800000,""enable"":false,""type"":2}",tracker.exercise,,2025-11-04 20:25:01.000,2025-11-04 20:25:04.723,,,,,yeLoKu9/uD,com.sec.android.app.shealth,,34-14004.target,
"{""calories"":300.0,""distance"":1000,""duration"":1800000,""enable"":false,""type"":2}",tracker.exercise,,2025-11-04 20:25:01.000,2025-11-04 20:25:04.724,,,,,yeLoKu9/uD,com.sec.android.app.shealth,,34-14005.target,
"{""calories"":300.0,""distance"":1000,""duration"":1800000,""enable"":false,""type"":2}",tracker.exercise,,2025-11-04 20:25:01.000,2025-11-04 20:25:04.724,,,,,yeLoKu9/uD,com.sec.android.app.shealth,,34-14006.target,
"{""calories"":300.0,""distance"":1000,""duration"":1800000,""enable"":false,""type"":2}",tracker.exercise,,2025-11-04 20:25:01.000,2025-11-04 20:25:04.724,,,,,yeLoKu9/uD,com.sec.android.app.shealth,,34-14007.target,
"{""calories"":300.0,""distance"":1000,""duration"":1800000,""enable"":false,""type"":2}",tracker.exercise,,2025-11-04 20:25:01.000,2025-11-04 20:25:04.724,,,,,yeLoKu9/uD,com.sec.android.app.shealth,,34-14008.target,
"{""calories"":300.0,""distance"":1000,""duration"":1800000,""enable"":false,""type"":2}",tracker.exercise,,2025-11-04 20:25:01.000,2025-11-04 20:25:04.725,,,,,yeLoKu9/uD,com.sec.android.app.shealth,,34-14009.target,
"{""calories"":300.0,""distance"":1000,""duration"":1800000,""enable"":false,""type"":2}",tracker.exercise,,2025-11-04 20:25:01.000,2025-11-04 20:25:04.725,,,,,yeLoKu9/uD,com.sec.android.app.shealth,,34-14010.target,
"{""calories"":300.0,""distance"":1000,""duration"":1800000,""enable"":false,""type"":2}",tracker.exercise,,2025-11-04 20:25:01.000,2025-11-04 20:25:04.725,,,,,yeLoKu9/uD,com.sec.android.app.shealth,,34-14011.target,
"{""calories"":300.0,""distance"":1000,""duration"":1800000,""enable"":false,""type"":2}",tracker.exercise,,2025-11-04 20:25:01.000,2025-11-04 20:25:04.726,,,,,yeLoKu9/uD,com.sec.android.app.shealth,,34-14012.target,
"{""calories"":300.0,""distance"":1000,""duration"":1800000,""enable"":false,""type"":2}",tracker.exercise,,2025-11-04 20:25:01.000,2025-11-04 20:25:04.726,,,,,yeLoKu9/uD,com.sec.android.app.shealth,,34-14013.target,
"{""calories"":300.0,""distance"":1000,""duration"":1800000,""enable"":false,""type"":2}",tracker.exercise,,2025-11-04 20:25:01.000,2025-11-04 20:25:04.726,,,,,yeLoKu9/uD,com.sec.android.app.shealth,,34-15001.target,
"{""calories"":300.0,""distance"":1000,""duration"":1800000,""enable"":false,""type"":2}",tracker.exercise,,2025-11-04 20:25:01.000,2025-11-04 20:25:04.727,,,,,yeLoKu9/uD,com.sec.android.app.shealth,,34-15002.target,
"{""calories"":300.0,""distance"":1000,""duration"":1800000,""enable"":false,""type"":2}",tracker.exercise,,2025-11-04 20:25:01.000,2025-11-04 20:25:04.727,,,,,yeLoKu9/uD,com.sec.android.app.shealth,,34-15003.target,
"{""calories"":300.0,""distance"":1000,""duration"":1800000,""enable"":false,""type"":2}",tracker.exercise,,2025-11-04 20:25:01.000,2025-11-04 20:25:04.727,,,,,yeLoKu9/uD,com.sec.android.app.shealth,,34-15004.target,
"{""calories"":300.0,""distance"":1000,""duration"":1800000,""enable"":false,""type"":2}",tracker.exercise,,2025-11-04 20:25:01.000,2025-11-04 20:25:04.728,,,,,yeLoKu9/uD,com.sec.android.app.shealth,,34-15005.target,
"{""calories"":300.0,""distance"":1000,""duration"":1800000,""enable"":false,""type"":2}",tracker.exercise,,2025-11-04 20:25:01.000,2025-11-04 20:25:04.728,,,,,yeLoKu9/uD,com.sec.android.app.shealth,,34-15006.target,
"{""calories"":300.0,""distance"":1000,""duration"":1800000,""enable"":false,""type"":2}",tracker.exercise,,2025-11-04 20:25:01.000,2025-11-04 20:25:04.728,,,,,yeLoKu9/uD,com.sec.android.app.shealth,,34-16001.target,
"{""calories"":300.0,""distance"":1000,""duration"":1800000,""enable"":false,""type"":2}",tracker.exercise,,2025-11-04 20:25:01.000,2025-11-04 20:25:04.728,,,,,yeLoKu9/uD,com.sec.android.app.shealth,,34-16002.target,
"{""calories"":300.0,""distance"":1000,""duration"":1800000,""enable"":false,""type"":2}",tracker.exercise,,2025-11-04 20:25:01.000,2025-11-04 20:25:04.729,,,,,yeLoKu9/uD,com.sec.android.app.shealth,,34-16003.target,
"{""calories"":300.0,""distance"":1000,""duration"":1800000,""enable"":false,""type"":2}",tracker.exercise,,2025-11-04 20:25:01.000,2025-11-04 20:25:04.729,,,,,yeLoKu9/uD,com.sec.android.app.shealth,,34-16004.target,
"{""calories"":300.0,""distance"":1000,""duration"":1800000,""enable"":false,""type"":2}",tracker.exercise,,2025-11-04 20:25:01.000,2025-11-04 20:25:04.729,,,,,yeLoKu9/uD,com.sec.android.app.shealth,,34-16006.target,
"{""calories"":300.0,""distance"":1000,""duration"":1800000,""enable"":false,""type"":2}",tracker.exercise,,2025-11-04 20:25:01.000,2025-11-04 20:25:04.730,,,,,yeLoKu9/uD,com.sec.android.app.shealth,,34-16007.target,
"{""calories"":300.0,""distance"":1000,""duration"":1800000,""enable"":false,""type"":2}",tracker.exercise,,2025-11-04 20:25:01.000,2025-11-04 20:25:04.730,,,,,yeLoKu9/uD,com.sec.android.app.shealth,,34-16008.target,
"{""calories"":300.0,""distance"":1000,""duration"":1800000,""enable"":false,""type"":2}",tracker.exercise,,2025-11-04 20:25:01.000,2025-11-04 20:25:04.730,,,,,yeLoKu9/uD,com.sec.android.app.shealth,,34-16009.target,
"{""calories"":300.0,""distance"":1000,""duration"":1800000,""enable"":false,""type"":2}",tracker.exercise,,2025-11-04 20:25:01.000,2025-11-04 20:25:04.731,,,,,yeLoKu9/uD,com.sec.android.app.shealth,,34-00.target,
,tracker.hearing,,2026-08-05 11:57:30.578,2026-06-30 18:05:09.127,,,,0,SUfFQTLN3q,com.sec.android.app.shealth,,84-hearing.sound_monitoring.enabled,
,tracker.sleep,,2026-06-30 18:05:08.008,2026-06-30 18:05:09.159,,,,1,g1bnYRM2yN,com.sec.android.app.shealth,,06-snore_setting_new_2,
,tracker.blood_pressure_trend,,2026-08-06 00:30:49.341,2026-06-30 18:05:10.563,,,,0,SUfFQTLN3q,com.sec.android.app.shealth,,47-blood.pressure.trend.enabled,
,tracker.exercise,,2025-11-04 19:11:56.158,2025-11-04 19:11:56.956,,,,0,g1bnYRM2yN,com.sec.android.app.shealth,,34-cumulative.values.reset,
,,,2025-11-04 19:11:53.088,2025-11-04 19:11:53.105,1762283513088,,,,g1bnYRM2yN,com.sec.android.app.shealth,,mow.selected_time,
,tracker.sleep,,2025-11-05 11:05:17.825,2025-11-04 19:11:56.436,,,,1,g1bnYRM2yN,com.sec.android.app.shealth,,06-snore_setting_new,
,tracker.sleep,,2025-11-04 19:11:56.037,2025-11-04 19:11:56.481,,,,0,g1bnYRM2yN,com.sec.android.app.shealth,,06-snore.setting.option_new,
mhky3s2i_qj,tracker.exercise,,2025-11-04 19:11:56.762,2025-11-04 19:11:56.762,,,,,g1bnYRM2yN,com.sec.android.app.shealth,,34-exercise.periodization.active.id,
,tracker.sleep,,2026-08-04 11:43:40.901,2025-11-04 19:11:57.037,,,,,SUfFQTLN3q,com.sec.android.app.shealth,,sleep_guidance_updated_bed_time,
,,,2026-08-06 00:31:33.064,2025-11-04 19:12:13.273,,,water-target-settings.blob_value.json,,SUfFQTLN3q,com.sec.android.app.shealth,,water-target-settings,
,tracker.sleep,,2025-11-05 10:44:41.655,2025-11-05 10:44:41.655,,,,1,g1bnYRM2yN,com.sec.android.app.shealth,,sleep_first_sleep_reward_not_shown,
,,,2026-08-05 12:21:30.601,2025-11-05 10:44:42.252,,,sleep.watch_summary.blob_value.json,,SUfFQTLN3q,com.sec.android.app.shealth,,sleep.watch_summary,
,tracker.sleep,,2025-11-05 11:05:17.835,2025-11-05 11:05:17.835,,,,1,g1bnYRM2yN,com.sec.android.app.shealth,,06-snore_setting,
,,,2025-11-05 18:25:35.884,2025-11-05 18:25:36.288,,,,1,g1bnYRM2yN,com.sec.android.app.shealth,,sc.tile_init_state,
"{""1000"":""CB_630_MoRe_1"",""3000"":""MOW_148"",""9999"":""MOW_39""}",,,2026-05-02 01:46:05.783,2025-11-05 18:25:36.395,,,,,g1bnYRM2yN,com.sec.android.app.shealth,,mow.last_exposed_card_ids,
,,,2026-08-06 00:31:37.493,2025-11-05 18:25:41.233,,,,1,SUfFQTLN3q,com.sec.android.app.shealth,,step.detectworkout_switch,
,tracker.exercise,,2025-11-05 18:27:16.520,2025-11-05 18:27:16.528,1762300800000,,,,g1bnYRM2yN,com.sec.android.app.shealth,,34-streak.initiation.date,
"{""a"":3,""b"":1762352722000,""c"":1785179619000,""d"":""66333464-5f30-375f-3238-383862303936""}",tracker.exercise,,2026-07-29 00:06:54.248,2025-11-05 18:27:16.600,,,,,g1bnYRM2yN,com.sec.android.app.shealth,,34-streak.week.info,
,tracker.sleep,,2025-11-06 12:28:45.447,2025-11-06 11:36:01.449,,,,0,g1bnYRM2yN,com.sec.android.app.shealth,,sleep_good_reward_not_shown,
,tracker.sleep,,2026-07-31 11:32:26.712,2025-11-09 10:49:27.699,,,,1,g1bnYRM2yN,com.sec.android.app.shealth,,sleep_excellent_reward_not_shown,
,,,2026-02-13 18:54:38.816,2026-02-13 18:54:38.680,,,,1,g1bnYRM2yN,com.sec.android.app.shealth,,together.setting_gc_invitation,
,,,2026-02-13 18:54:38.816,2026-02-13 18:54:38.688,,,,0,g1bnYRM2yN,com.sec.android.app.shealth,,together.setting_exposure_level,
,,,2026-02-13 18:54:38.817,2026-02-13 18:54:38.696,,,,0,g1bnYRM2yN,com.sec.android.app.shealth,,together.setting_ld_auto_addition,
,tracker.exercise,,2026-02-23 22:50:20.240,2026-02-23 22:50:20.457,,,,1,g1bnYRM2yN,com.sec.android.app.shealth,,34-during.audioGuide.enable,
,,,2026-02-23 22:50:24.243,2026-02-23 22:50:24.286,,,,0,g1bnYRM2yN,com.sec.android.app.shealth,,settings.map_location_agreement,
,tracker.exercise,,2026-04-30 03:05:20.758,2026-04-30 03:03:45.980,,,34-workout_list2.blob_value.json,,g1bnYRM2yN,com.sec.android.app.shealth,,34-workout_list2,
,tracker.exercise,,2026-04-30 03:05:20.759,2026-04-30 03:03:45.996,,,34-favorite_list2.blob_value.json,,g1bnYRM2yN,com.sec.android.app.shealth,,34-favorite_list2,
,tracker.exercise,,2026-05-02 01:44:24.169,2026-05-02 01:44:24.184,,,,1,g1bnYRM2yN,com.sec.android.app.shealth,,34-stats.on.locked.screen.enable,
,tracker.sleep,,2026-07-01 02:11:19.330,2026-07-01 02:11:19.354,,,,0,g1bnYRM2yN,com.sec.android.app.shealth,,06-snore.setting.option_new_2,
,tracker.exercise,0.8333334,2026-07-29 00:06:54.002,2026-07-14 13:47:51.642,,,,,g1bnYRM2yN,com.sec.android.app.shealth,,34-13001.latest_records_avg_speed,
,tracker.exercise,1.1111112,2026-07-29 00:06:54.030,2026-07-14 13:47:51.688,,,,,g1bnYRM2yN,com.sec.android.app.shealth,,34-1008.latest_records_avg_speed,
,tracker.exercise,1.3503228,2026-07-29 00:06:54.045,2026-07-14 13:47:51.737,,,,,g1bnYRM2yN,com.sec.android.app.shealth,,34-1001.latest_records_avg_speed,
,tracker.exercise,2.2222223,2026-07-29 00:06:54.095,2026-07-14 13:47:51.820,,,,,g1bnYRM2yN,com.sec.android.app.shealth,,34-1002.latest_records_avg_speed,
,tracker.exercise,5.0,2026-07-29 00:06:54.153,2026-07-14 13:47:51.994,,,,,g1bnYRM2yN,com.sec.android.app.shealth,,34-11007.latest_records_avg_speed,
,app.settings,,2026-08-06 00:31:37.381,2026-07-14 14:59:58.125,,,,1,SUfFQTLN3q,com.sec.android.app.shealth,,72-lab.enable.age,
,tracker.exercise,,2026-08-06 00:30:49.845,2026-07-14 14:59:58.742,,,,,SUfFQTLN3q,com.sec.android.app.shealth,,34-periodization.reminder.time,
,tracker.exercise,36.0,2026-07-16 22:56:49.974,2026-07-16 22:56:49.988,,,,,g1bnYRM2yN,com.sec.android.app.shealth,,34-1002.cumulative.distance,
,,,2026-08-03 21:34:06.547,2026-08-03 21:34:06.567,,,food-target-settings.blob_value.json,,SUfFQTLN3q,com.sec.android.app.shealth,,food-target-settings,
