com.samsung.shealth.sleep_snoring,7006003,3
duration,create_sh_ver,start_time,custom,modify_sh_ver,update_time,create_time,time_offset,deviceuuid,pkg_name,end_time,datauuid
175105,63051050,2025-11-07 03:00:37.159,,63051050,2025-11-07 04:11:43.430,2025-11-07 04:11:43.430,UTC-0300,yeLoKu9/uD,com.sec.android.app.shealth,2025-11-07 03:03:32.264,e211f2f5-c2aa-4657-994e-7c00ef44d8a3,
200831,63051050,2025-11-07 03:05:39.111,,63051050,2025-11-07 04:11:43.431,2025-11-07 04:11:43.431,UTC-0300,yeLoKu9/uD,com.sec.android.app.shealth,2025-11-07 03:08:59.942,c597b8de-6d8e-4f68-8307-bb9071df5293,
231671,63051050,2025-11-07 06:29:26.231,,63051050,2025-11-07 10:42:35.263,2025-11-07 10:42:35.263,UTC-0300,yeLoKu9/uD,com.sec.android.app.shealth,2025-11-07 06:33:17.902,da7733a3-acc0-4892-a3cb-57a5229bac1e,
204728,63051050,2025-11-07 06:33:56.325,,63051050,2025-11-07 10:42:35.264,2025-11-07 10:42:35.264,UTC-0300,yeLoKu9/uD,com.sec.android.app.shealth,2025-11-07 06:37:21.053,e12c5bb2-efe8-403d-a092-cf00388165c3,
0,63051050,2025-11-07 10:55:29.344,,63051050,2025-11-07 11:18:58.609,2025-11-07 11:18:58.609,UTC-0300,yeLoKu9/uD,com.sec.android.app.shealth,2025-11-07 11:18:58.448,5e161a14-e7ed-4cee-8767-9d4c6783b9b3,
207415,63051050,2025-11-09 04:33:51.024,,63051050,2025-11-09 10:49:20.652,2025-11-09 10:49:20.652,UTC-0300,yeLoKu9/uD,com.sec.android.app.shealth,2025-11-09 04:37:18.439,8c12dcb8-836c-48f7-9f14-75b6739e2d1b,
112688,63051050,2025-11-09 04:41:51.302,,63051050,2025-11-09 10:49:20.652,2025-11-09 10:49:20.652,UTC-0300,yeLoKu9/uD,com.sec.android.app.shealth,2025-11-09 04:43:43.990,7771bebe-dcf0-48d6-a3f0-a61688ec60c8,
292688,63051050,2025-11-09 04:44:22.415,,63051050,2025-11-09 10:49:20.652,2025-11-09 10:49:20.652,UTC-0300,yeLoKu9/uD,com.sec.android.app.shealth,2025-11-09 04:49:15.103,8586bc0b-9739-46d1-b30b-af779208043d,
80006,63051050,2025-11-09 04:49:49.170,,63051050,2025-11-09 10:49:20.653,2025-11-09 10:49:20.653,UTC-0300,yeLoKu9/uD,com.sec.android.app.shealth,2025-11-09 04:51:09.176,8db65c4f-f4ba-49f2-ab72-32b9de6070de,
78432,63051050,2025-11-09 06:23:54.917,,63051050,2025-11-09 10:49:20.653,2025-11-09 10:49:20.653,UTC-0300,yeLoKu9/uD,com.sec.android.app.shealth,2025-11-09 06:25:13.349,bae4ebaf-86c4-4903-b300-33e853979ee0,
108516,63051050,2025-11-09 09:48:51.951,,63051050,2025-11-09 10:49:20.653,2025-11-09 10:49:20.653,UTC-0300,yeLoKu9/uD,com.sec.android.app.shealth,2025-11-09 09:50:40.467,53db6ad2-8dff-4b0c-949d-49936d117fb8,
0,63060070,2025-11-23 18:24:40.752,,63060070,2025-11-23 19:12:45.198,2025-11-23 19:12:45.198,UTC-0300,yeLoKu9/uD,com.sec.android.app.shealth,2025-11-23 19:12:45.066,c1580565-114f-44e9-b9e4-65f92cf65d58,
112409,63060070,2025-11-24 07:46:44.922,,63060070,2025-11-24 11:02:37.988,2025-11-24 11:02:37.988,UTC-0300,yeLoKu9/uD,com.sec.android.app.shealth,2025-11-24 07:48:37.331,ae0bb2ff-d24e-4f77-b023-83d2d994b4ae,
144915,63060070,2025-11-24 07:53:45.477,,63060070,2025-11-24 11:02:37.988,2025-11-24 11:02:37.988,UTC-0300,yeLoKu9/uD,com.sec.android.app.shealth,2025-11-24 07:56:10.392,a637e1b5-5ecb-4778-ae66-4653f4f15b4c,
0,63060070,2025-12-11 03:43:57.698,,63060070,2025-12-11 12:58:04.190,2025-12-11 12:58:04.190,UTC-0300,yeLoKu9/uD,com.sec.android.app.shealth,2025-12-11 12:58:03.944,13008da5-6fdf-4899-87d0-1bc20987799a,
0,63060070,2025-12-12 02:32:32.858,,63060070,2025-12-12 07:26:06.671,2025-12-12 07:26:06.671,UTC-0300,yeLoKu9/uD,com.sec.android.app.shealth,2025-12-12 07:26:06.571,414f1887-3360-4a54-9f74-e10d633fa651,
0,63060070,2025-12-14 02:03:21.033,,63060070,2025-12-14 13:09:37.269,2025-12-14 13:09:37.269,UTC-0300,yeLoKu9/uD,com.sec.android.app.shealth,2025-12-14 13:09:37.137,eb995eb5-40ad-4d5f-a3d3-20401fdb23da,
0,63060070,2025-12-15 03:17:17.256,,63060070,2025-12-15 05:28:29.384,2025-12-15 05:28:29.384,UTC-0300,yeLoKu9/uD,com.sec.android.app.shealth,2025-12-15 05:28:29.323,56ca5d02-4832-4a15-b0bd-d1eb5a80be29,
116024,63070030,2025-12-26 04:16:38.157,,63070030,2025-12-26 12:47:08.700,2025-12-26 12:47:08.700,UTC-0300,yeLoKu9/uD,com.sec.android.app.shealth,2025-12-26 04:18:34.181,e0b1a5d1-7d4e-4c57-8da0-3698a8d3a627,
109164,63070030,2025-12-26 04:22:14.641,,63070030,2025-12-26 12:47:08.701,2025-12-26 12:47:08.701,UTC-0300,yeLoKu9/uD,com.sec.android.app.shealth,2025-12-26 04:24:03.805,c5c842a1-0662-488d-8342-40dc173536b2,
0,63070030,2026-02-14 03:56:42.990,,63070030,2026-02-14 10:10:30.891,2026-02-14 10:10:30.891,UTC-0300,yeLoKu9/uD,com.sec.android.app.shealth,2026-02-14 10:10:30.714,eec05df1-dd68-4790-96e7-b174d2900a19,
0,63070030,2026-02-14 11:23:41.337,,63070030,2026-02-14 13:35:00.453,2026-02-14 13:35:00.453,UTC-0300,yeLoKu9/uD,com.sec.android.app.shealth,2026-02-14 13:35:00.361,42725293-a18d-4d1f-8157-f4a9a8650bf7,
0,63070030,2026-02-15 02:55:38.729,,63070030,2026-02-15 03:07:13.737,2026-02-15 03:07:13.737,UTC-0300,yeLoKu9/uD,com.sec.android.app.shealth,2026-02-15 03:07:13.685,ae8ad36d-bd1e-4609-8285-aef5e345a02b,
108516,63070030,2026-02-24 05:48:36.639,,63070030,2026-02-24 09:07:11.538,2026-02-24 09:07:11.538,UTC-0300,yeLoKu9/uD,com.sec.android.app.shealth,2026-02-24 05:50:25.155,a80be5d0-0608-49ba-ab73-5e907ca043b9,
87147,63070030,2026-02-25 04:43:30.517,,63070030,2026-02-25 12:25:44.056,2026-02-25 12:25:44.056,UTC-0300,yeLoKu9/uD,com.sec.android.app.shealth,2026-02-25 04:44:57.664,f12fe2b6-f1c6-4465-b99a-f2e39637a702,
79264,63070030,2026-02-25 09:15:37.385,,63070030,2026-02-25 12:25:44.057,2026-02-25 12:25:44.057,UTC-0300,yeLoKu9/uD,com.sec.android.app.shealth,2026-02-25 09:16:56.649,6273d207-d9ee-4e01-809e-04b2b71336f7,
0,63070030,2026-02-26 02:46:39.237,,63070030,2026-02-26 11:06:50.064,2026-02-26 11:06:50.064,UTC-0300,yeLoKu9/uD,com.sec.android.app.shealth,2026-02-26 11:06:49.828,7b1ee70b-65c5-401f-b8df-15a7a2ef0731,
108239,63070030,2026-02-27 07:25:45.075,,63070030,2026-02-27 08:05:07.522,2026-02-27 08:05:07.522,UTC-0300,yeLoKu9/uD,com.sec.android.app.shealth,2026-02-27 07:27:33.314,c36441f0-07d2-4f99-9cdc-ba47d8500a39,
350369,63070030,2026-02-27 07:30:14.891,,63070030,2026-02-27 08:05:07.523,2026-02-27 08:05:07.523,UTC-0300,yeLoKu9/uD,com.sec.android.app.shealth,2026-02-27 07:36:05.260,3bf213d4-1715-43aa-904d-4143f51a4a09,
80000,63110130,2026-03-17 09:13:30.829,b78dcd86-c39d-4ee6-abb2-5dde6a680821.custom.json,63110130,2026-03-17 11:09:45.564,2026-03-17 11:09:45.564,UTC-0300,yeLoKu9/uD,com.sec.android.app.shealth,2026-03-17 09:14:50.829,b78dcd86-c39d-4ee6-abb2-5dde6a680821,
60000,63110130,2026-03-17 10:25:50.829,bb45e02b-a88d-4059-a8e6-e9a2d8c6232b.custom.json,63110130,2026-03-17 11:09:45.580,2026-03-17 11:09:45.580,UTC-0300,yeLoKu9/uD,com.sec.android.app.shealth,2026-03-17 10:26:50.829,bb45e02b-a88d-4059-a8e6-e9a2d8c6232b,
60000,63110130,2026-03-17 10:29:10.829,a9146f99-94b0-4a8b-89e0-44fc4e463867.custom.json,63110130,2026-03-17 11:09:45.581,2026-03-17 11:09:45.581,UTC-0300,yeLoKu9/uD,com.sec.android.app.shealth,2026-03-17 10:30:10.829,a9146f99-94b0-4a8b-89e0-44fc4e463867,
0,63110130,2026-03-17 11:22:25.115,aea8b2ec-1e27-494f-a7f9-aae82ce16c27.custom.json,63110130,2026-03-17 11:53:27.979,2026-03-17 11:53:27.979,UTC-0300,yeLoKu9/uD,com.sec.android.app.shealth,2026-03-17 11:53:27.507,aea8b2ec-1e27-494f-a7f9-aae82ce16c27,
0,63110130,2026-03-17 21:04:11.761,e55e39ed-692f-4165-8d6d-ab27d566a7a9.custom.json,63110130,2026-03-17 21:29:14.464,2026-03-17 21:29:14.464,UTC-0300,yeLoKu9/uD,com.sec.android.app.shealth,2026-03-17 21:29:14.239,e55e39ed-692f-4165-8d6d-ab27d566a7a9,
0,63110130,2026-03-18 03:05:56.470,1444f1af-a909-4689-bc11-8e0e29450e8b.custom.json,63110130,2026-03-18 11:36:01.071,2026-03-18 11:36:01.071,UTC-0300,yeLoKu9/uD,com.sec.android.app.shealth,2026-03-18 11:36:00.809,1444f1af-a909-4689-bc11-8e0e29450e8b,
60000,63110130,2026-03-20 10:17:20.700,561d2e71-081a-4993-96a5-a767625a62dd.custom.json,63110130,2026-03-20 11:16:02.242,2026-03-20 11:16:02.242,UTC-0300,yeLoKu9/uD,com.sec.android.app.shealth,2026-03-20 10:18:20.700,561d2e71-081a-4993-96a5-a767625a62dd,
140000,63200010,2026-04-30 03:45:48.229,7f85edbc-afdd-45f6-b594-917547bf225a.custom.json,63200010,2026-04-30 12:03:57.205,2026-04-30 12:03:57.205,UTC-0300,yeLoKu9/uD,com.sec.android.app.shealth,2026-04-30 03:48:08.229,7f85edbc-afdd-45f6-b594-917547bf225a,
120000,63200010,2026-04-30 03:57:48.229,073573a7-49ce-424e-a869-074966edefe0.custom.json,63200010,2026-04-30 12:03:57.216,2026-04-30 12:03:57.216,UTC-0300,yeLoKu9/uD,com.sec.android.app.shealth,2026-04-30 03:59:48.229,073573a7-49ce-424e-a869-074966edefe0,
120000,63200010,2026-04-30 04:11:48.229,39700536-a6e1-48cc-9c93-0f43124749a8.custom.json,63200010,2026-04-30 12:03:57.217,2026-04-30 12:03:57.217,UTC-0300,yeLoKu9/uD,com.sec.android.app.shealth,2026-04-30 04:13:48.229,39700536-a6e1-48cc-9c93-0f43124749a8,
140000,63200010,2026-04-30 04:17:48.229,aa0f67d2-3b63-4cbe-bbe7-185fdec76185.custom.json,63200010,2026-04-30 12:03:57.217,2026-04-30 12:03:57.217,UTC-0300,yeLoKu9/uD,com.sec.android.app.shealth,2026-04-30 04:20:08.229,aa0f67d2-3b63-4cbe-bbe7-185fdec76185,
120000,63200010,2026-04-30 04:25:48.229,8aaf5d14-5d9f-4e47-bc04-eae6979d41af.custom.json,63200010,2026-04-30 12:03:57.217,2026-04-30 12:03:57.217,UTC-0300,yeLoKu9/uD,com.sec.android.app.shealth,2026-04-30 04:27:48.229,8aaf5d14-5d9f-4e47-bc04-eae6979d41af,
120000,63200010,2026-04-30 04:29:48.229,587dcd8f-ca13-40ca-9239-80946757447e.custom.json,63200010,2026-04-30 12:03:57.218,2026-04-30 12:03:57.218,UTC-0300,yeLoKu9/uD,com.sec.android.app.shealth,2026-04-30 04:31:48.229,587dcd8f-ca13-40ca-9239-80946757447e,
80000,63200010,2026-04-30 11:52:08.229,aff6b67c-76df-4dd8-b268-4afa8a10149b.custom.json,63200010,2026-04-30 12:03:57.218,2026-04-30 12:03:57.218,UTC-0300,yeLoKu9/uD,com.sec.android.app.shealth,2026-04-30 11:53:28.229,aff6b67c-76df-4dd8-b268-4afa8a10149b,
0,63200010,2026-05-02 02:49:21.311,00883c1b-80a2-47b1-851d-ba3d0a3cae5a.custom.json,63200010,2026-05-02 03:46:28.815,2026-05-02 03:46:28.815,UTC-0300,yeLoKu9/uD,com.sec.android.app.shealth,2026-05-02 03:46:28.462,00883c1b-80a2-47b1-851d-ba3d0a3cae5a,
0,70050090,2026-07-19 04:44:41.875,5722352e-bbe7-47b1-ad02-4d0e893252cb.custom.json,70050090,2026-07-19 09:38:16.400,2026-07-19 09:38:16.400,UTC-0300,yeLoKu9/uD,com.sec.android.app.shealth,2026-07-19 09:38:15.927,5722352e-bbe7-47b1-ad02-4d0e893252cb,
0,70050090,2026-07-20 02:02:35.731,819bcee4-867b-42b5-8f72-d2b514da9f5d.custom.json,70050090,2026-07-20 12:13:47.838,2026-07-20 12:13:47.838,UTC-0300,yeLoKu9/uD,com.sec.android.app.shealth,2026-07-20 12:13:47.709,819bcee4-867b-42b5-8f72-d2b514da9f5d,
60000,70050090,2026-07-21 08:08:52.632,c5eda62a-6a09-4b34-8a07-8dd4fe906253.custom.json,70050090,2026-07-21 12:32:02.986,2026-07-21 12:32:02.986,UTC-0300,yeLoKu9/uD,com.sec.android.app.shealth,2026-07-21 08:09:52.632,c5eda62a-6a09-4b34-8a07-8dd4fe906253,
60000,70050090,2026-07-21 08:18:52.632,a1a58b11-2eb3-416b-98a5-22db33b41233.custom.json,70050090,2026-07-21 12:32:03.015,2026-07-21 12:32:03.015,UTC-0300,yeLoKu9/uD,com.sec.android.app.shealth,2026-07-21 08:19:52.632,a1a58b11-2eb3-416b-98a5-22db33b41233,
60000,70050090,2026-07-21 08:33:32.632,60e288ec-e4c1-4331-a7c3-760871ab51f4.custom.json,70050090,2026-07-21 12:32:03.015,2026-07-21 12:32:03.015,UTC-0300,yeLoKu9/uD,com.sec.android.app.shealth,2026-07-21 08:34:32.632,60e288ec-e4c1-4331-a7c3-760871ab51f4,
