com.samsung.shealth.sleep_combined,7006003,8
total_sleep_time_weight,original_efficiency,create_sh_ver,start_time,mental_recovery,wake_score,factor_01,factor_02,factor_03,factor_04,factor_05,factor_06,factor_07,factor_08,factor_09,factor_10,deep_score,latency_weight,has_sleep_data,sleep_efficiency_with_latency,total_rem_duration,modify_sh_ver,update_time,nap_score,create_time,client_data_id,sleep_type,data_version,latency_score,deep_weight,rem_weight,physical_recovery,original_wake_up_time,client_data_ver,movement_awakening,original_bed_time,goal_bed_time,quality,time_offset,extra_data,wake_weight,deviceuuid,rem_score,goal_wake_up_time,sleep_cycle,total_light_duration,efficiency,sleep_score,pkg_name,sleep_duration,stage_analyzed_type,end_time,datauuid,stage_analysis_type,total_sleep_time_score
34,,63051050,2025-11-06 03:07:45.000,59.0,11,13,13,23,0,45,470,258,0,23,,4,16,0,87,33,63051050,2025-11-06 11:36:00.060,0,2025-11-06 11:36:00.060,,,10,16,15,23,53.0,,,26.0,,82800000,,UTC-0300,,12,g1bnYRM2yN,7,25200000,3,379,90.0,71,com.sec.android.app.shealth,470,1,2025-11-06 11:14:26.000,3790d7ef-90ae-4f77-817a-4b5401a61d45,,33,
34,,63051050,2025-11-08 04:20:40.000,35.0,11,14,14,40,0,36,328,195,0,29,,7,16,0,84,20,63051050,2025-11-08 10:42:31.424,0,2025-11-08 10:42:31.424,,,10,16,15,23,33.0,,,45.0,,82800000,,UTC-0300,,12,g1bnYRM2yN,6,25200000,2,258,89.0,51,com.sec.android.app.shealth,328,1,2025-11-08 10:06:49.000,807f3259-7443-44bf-9347-cc86e68c2242,,11,
34,,63051050,2025-11-19 03:47:55.000,65.0,11,16,33,10,0,29,427,126,0,28,,13,16,0,89,44,63051050,2025-11-19 11:56:56.958,0,2025-11-19 11:56:56.958,,,10,16,15,23,66.0,,,25.0,,82800000,,UTC-0300,,12,g1bnYRM2yN,12,25200000,5,321,93.0,83,com.sec.android.app.shealth,427,1,2025-11-19 11:14:19.000,ef172b1b-a16c-4699-8edd-226798a2214f,,31,
34,,63060070,2025-12-12 02:19:32.000,64.0,5,13,13,14,0,29,385,258,0,49,,5,16,0,82,46,63060070,2025-12-12 20:14:35.645,0,2025-12-12 20:14:35.645,,,10,16,18,26,41.0,,,34.0,,82800000,,UTC-0300,,6,g1bnYRM2yN,14,25200000,1,297,93.0,59,com.sec.android.app.shealth,385,1,2025-12-12 09:32:09.000,8b870053-c0e9-4ff8-8084-61663b880527,,19,
34,,63070030,2025-12-16 02:32:53.000,72.0,4,31,31,86,3,42,527,412,3,80,,10,16,0,82,41,63070030,2025-12-16 13:21:13.570,0,2025-12-16 13:21:13.570,,,10,16,18,26,77.0,,,52.0,,82800000,,UTC-0300,,6,g1bnYRM2yN,7,25200000,3,413,92.0,65,com.sec.android.app.shealth,527,1,2025-12-16 12:20:05.000,022d1262-1bdc-44ae-84d8-3bfe2b606c5e,,28,
34,,63070030,2025-12-23 04:31:31.000,51.0,4,7,7,73,0,49,453,397,0,61,,2,16,0,82,23,63070030,2025-12-23 13:07:45.147,0,2025-12-23 13:07:45.147,,,10,16,18,26,42.0,,,49.0,,82800000,,UTC-0300,,6,g1bnYRM2yN,4,25200000,3,374,90.0,52,com.sec.android.app.shealth,453,1,2025-12-23 12:42:57.000,e5137c79-d9c4-4f69-86f6-df2257b4395f,,26,
34,,63070030,2025-12-31 02:57:35.000,68.0,2,12,12,152,0,50,482,453,0,136,,3,16,0,72,33,63070030,2025-12-31 13:41:03.518,0,2025-12-31 13:41:03.518,,,10,12,18,26,61.0,,,84.0,,82800000,,UTC-0300,,6,g1bnYRM2yN,5,25200000,3,387,91.0,46,com.sec.android.app.shealth,482,1,2025-12-31 12:56:04.000,994f4087-ba2b-4377-be76-8bd1909f45e5,,24,
34,,63070030,2026-01-03 03:58:18.000,64.0,5,27,27,57,0,46,483,406,0,37,,10,16,0,86,38,63070030,2026-01-03 13:15:38.033,0,2026-01-03 13:15:38.033,,,10,16,18,26,67.0,,,35.0,,82800000,,UTC-0300,,6,g1bnYRM2yN,8,25200000,2,372,90.0,68,com.sec.android.app.shealth,483,1,2026-01-03 12:21:42.000,781b5d6b-a79b-4200-ba61-04e43a2fcd32,,29,
34,,63070030,2026-01-06 02:42:00.000,61.0,5,16,24,9,1,39,377,185,0,41,,12,16,0,82,44,63070030,2026-01-06 10:17:02.861,0,2026-01-06 10:17:02.861,,,10,16,18,26,47.0,,,29.0,,82800000,,UTC-0300,,6,g1bnYRM2yN,14,25200000,1,270,90.0,63,com.sec.android.app.shealth,377,1,2026-01-06 09:32:32.000,201a8943-5519-4ed3-95dd-87ad526f0ea5,,16,
34,,63070030,2026-01-11 03:28:04.000,74.0,5,15,24,23,1,49,532,249,0,60,,7,16,0,84,47,63070030,2026-01-11 13:46:34.566,0,2026-01-11 13:46:34.566,,,10,16,18,26,71.0,,,36.0,,82800000,,UTC-0300,,6,g1bnYRM2yN,9,25200000,5,412,91.0,65,com.sec.android.app.shealth,532,1,2026-01-11 13:03:54.000,19bb15c4-9e8b-42ac-af61-9c7b9780fe4c,,28,
34,,63070030,2026-01-17 02:15:46.000,87.0,5,37,64,18,1,55,610,122,0,39,,15,16,0,87,74,63070030,2026-01-17 13:30:15.755,0,2026-01-17 13:30:15.755,,,10,16,18,26,94.0,,,32.0,,82800000,,UTC-0300,,6,g1bnYRM2yN,15,25200000,6,417,91.0,79,com.sec.android.app.shealth,610,1,2026-01-17 12:49:23.000,8296eac1-8eb6-4526-9309-55d6d32cc95f,,28,
34,,63070030,2026-01-23 01:32:13.000,53.0,1,5,23,44,0,43,396,218,0,136,,9,16,0,67,22,63070030,2026-01-23 10:41:26.294,0,2026-01-23 10:41:26.294,,,10,16,18,26,61.0,,,78.0,,82800000,,UTC-0300,,6,g1bnYRM2yN,4,25200000,4,308,91.0,45,com.sec.android.app.shealth,396,1,2026-01-23 10:17:14.000,6fd083e7-8db8-4826-a91b-34ecafc7ad61,,15,
34,,63070030,2026-01-27 02:21:58.000,59.0,5,20,20,48,1,42,365,360,0,44,,10,16,0,83,43,63070030,2026-01-27 09:17:53.287,0,2026-01-27 09:17:53.287,,,10,16,18,26,42.0,,,42.0,,82800000,,UTC-0300,,6,g1bnYRM2yN,14,25200000,1,260,89.0,59,com.sec.android.app.shealth,365,1,2026-01-27 08:51:21.000,033655d3-0952-464a-bd28-5820e14177a1,,14,
34,,63070030,2026-02-02 03:18:26.000,63.0,5,18,18,27,0,31,378,264,0,15,,9,16,0,89,45,63070030,2026-02-02 10:04:24.106,0,2026-02-02 10:04:24.106,,,10,16,18,26,46.0,,,24.0,,82800000,,UTC-0300,,6,g1bnYRM2yN,15,25200000,3,284,91.0,65,com.sec.android.app.shealth,378,1,2026-02-02 09:45:37.000,38e9aa58-2a48-463e-8feb-192f0a5ff284,,20,
34,,63070030,2026-02-10 03:30:19.000,31.0,4,15,32,34,0,33,352,306,0,57,,14,16,0,80,11,63070030,2026-02-10 10:32:13.324,0,2026-02-10 10:32:13.324,,,10,16,18,26,54.0,,,45.0,,82800000,,UTC-0300,,6,g1bnYRM2yN,2,25200000,1,276,91.0,49,com.sec.android.app.shealth,352,1,2026-02-10 10:06:04.000,9232f0ff-a41e-4713-93e4-93cbda5f68f3,,13,
34,,63070030,2026-02-16 01:16:50.000,76.0,5,36,58,47,0,32,540,224,0,49,,15,16,0,88,51,63070030,2026-02-16 12:05:24.216,0,2026-02-16 12:05:24.216,,,10,16,18,26,90.0,,,41.0,,82800000,,UTC-0300,,6,g1bnYRM2yN,10,25200000,8,399,94.0,75,com.sec.android.app.shealth,540,1,2026-02-16 10:54:08.000,67ba6709-c44a-4ab8-ae7c-3cbadbfe2dbe,,29,
34,,63070030,2026-02-21 03:34:57.000,37.0,5,13,13,45,0,40,408,412,0,21,,5,16,0,89,1,63070030,2026-02-21 11:02:05.470,0,2026-02-21 11:02:05.470,,,10,16,18,26,43.0,,,27.0,,82800000,,UTC-0300,,6,g1bnYRM2yN,1,25200000,0,354,90.0,50,com.sec.android.app.shealth,408,1,2026-02-21 10:28:24.000,040b5026-3cda-48d6-a9a3-bd56c9c32a2d,,23,
34,,63070030,2026-02-28 03:47:39.000,81.0,4,28,34,99,0,34,502,289,0,100,,11,16,0,79,62,63070030,2026-02-28 14:22:13.723,0,2026-02-28 14:22:13.723,,,10,15,18,26,79.0,,,71.0,,82800000,,UTC-0300,,6,g1bnYRM2yN,14,25200000,3,372,94.0,71,com.sec.android.app.shealth,502,1,2026-02-28 13:37:06.000,6f190ead-e823-45bc-af5a-0c9ce5fdcfa1,,27,
34,,63070030,2026-03-02 01:59:38.000,53.0,5,2,16,8,3,51,484,100,0,47,,5,16,0,84,23,63070030,2026-03-02 12:05:01.117,0,2026-03-02 12:05:01.117,,,10,16,18,26,56.0,,,32.0,,82800000,,UTC-0300,,6,g1bnYRM2yN,4,25200000,4,394,90.0,58,com.sec.android.app.shealth,484,1,2026-03-02 10:29:52.000,4b750667-a577-43a0-8e07-cba42f899612,,28,
34,,63070030,2026-03-03 03:15:06.000,40.0,3,39,39,85,1,44,350,284,0,83,,13,16,0,74,21,63070030,2026-03-03 12:14:21.659,0,2026-03-03 12:14:21.659,,,10,16,18,26,62.0,,,75.0,,82800000,,UTC-0300,,6,g1bnYRM2yN,5,25200000,4,246,89.0,47,com.sec.android.app.shealth,350,1,2026-03-03 10:04:24.000,e1ae6e7b-6b42-4943-b0b5-568c29829788,,10,
34,,63110130,2026-03-11 03:09:25.000,79.0,6,29,61,20,1,44,564,247,0,21,,16,16,0,90,57,63110130,2026-03-11 13:10:50.817,0,2026-03-11 13:10:50.817,,,10,16,18,26,93.0,,,21.0,,82800000,,UTC-0300,,6,g1bnYRM2yN,12,25200000,2,402,92.0,80,com.sec.android.app.shealth,564,1,2026-03-11 12:45:16.000,a7c706d3-d53e-4f90-b7fc-89a8ea81bdf3,,30,
34,,63110130,2026-03-25 03:14:29.000,50.0,4,12,22,20,1,41,456,252,0,84,,8,16,0,79,17,63110130,2026-03-25 12:37:44.709,0,2026-03-25 12:37:44.709,,,10,16,18,26,62.0,,,45.0,,82800000,,UTC-0300,,6,g1bnYRM2yN,3,25200000,2,376,92.0,57,com.sec.android.app.shealth,456,1,2026-03-25 12:00:16.000,d44d4151-2b36-46a8-9f2f-a5eee9de7649,,26,
34,,63130130,2026-04-10 02:46:23.000,47.0,5,5,5,51,0,27,342,365,0,36,,2,16,0,86,30,63130130,2026-04-10 09:18:15.086,0,2026-04-10 09:18:15.086,,,10,16,18,26,26.0,,,38.0,,82800000,,UTC-0300,,6,g1bnYRM2yN,9,25200000,0,280,92.0,45,com.sec.android.app.shealth,342,1,2026-04-10 08:52:55.000,bc2e75ee-cedb-4683-b589-a5ea29451907,,13,
34,,63130130,2026-04-14 02:19:38.000,56.0,5,28,33,24,0,36,492,302,0,61,,12,16,0,83,6,63130130,2026-04-14 12:05:54.884,0,2026-04-14 12:05:54.884,,,10,6,18,26,75.0,,,35.0,,82800000,,UTC-0300,,6,g1bnYRM2yN,1,25200000,2,417,93.0,52,com.sec.android.app.shealth,492,1,2026-04-14 11:24:20.000,ae70a960-9a6c-447e-b6db-82db4b33e4ac,,28,
34,,63200010,2026-04-27 02:59:39.000,41.0,3,12,27,60,0,83,394,229,0,74,,12,16,0,76,22,63200010,2026-04-27 17:04:07.186,0,2026-04-27 17:04:07.186,,,10,16,18,26,50.0,,,68.0,,82800000,,UTC-0300,,6,g1bnYRM2yN,5,25200000,2,262,79.0,47,com.sec.android.app.shealth,394,1,2026-04-27 09:49:28.000,c843dc2e-90c9-409f-a685-4deaafd04ebc,,11,
34,,63200010,2026-04-29 02:46:17.000,54.0,1,8,25,139,0,27,372,317,0,163,,9,16,0,65,23,63200010,2026-04-29 12:06:40.142,0,2026-04-29 12:06:40.142,,,10,16,18,26,64.0,,,100.0,,82800000,,UTC-0300,,6,g1bnYRM2yN,4,25200000,2,297,94.0,44,com.sec.android.app.shealth,372,1,2026-04-29 11:31:06.000,5639c8bf-d697-4319-9052-c2be46afba0e,,14,
34,,63200010,2026-05-02 04:01:31.000,33.0,4,11,31,10,0,48,360,103,0,47,,13,16,0,77,14,63200010,2026-05-02 10:59:02.540,0,2026-05-02 10:59:02.540,,,10,16,18,26,54.0,,,42.0,,82800000,,UTC-0300,,6,g1bnYRM2yN,3,25200000,2,267,88.0,47,com.sec.android.app.shealth,360,1,2026-05-02 10:43:58.000,01a0754f-1aaa-4b69-9e17-61ecdfe8cbd0,,11,
34,,63200010,2026-05-03 06:29:17.000,12.0,0,15,15,103,0,6,79,175,0,102,,7,16,0,41,0,63200010,2026-05-03 09:53:53.836,0,2026-05-03 09:53:53.836,,,10,16,18,26,13.0,,,100.0,,82800000,,UTC-0300,,6,g1bnYRM2yN,0,25200000,0,58,96.0,23,com.sec.android.app.shealth,79,1,2026-05-03 09:25:39.000,2d2294d5-6c2c-4cd0-a028-a617f8b287de,,0,
34,,63200010,2026-05-09 02:57:55.000,76.0,5,0,27,8,1,23,432,78,0,26,,12,16,0,89,62,63200010,2026-05-09 11:23:12.298,0,2026-05-09 11:23:12.298,,,10,16,18,26,63.0,,,27.0,,82800000,,UTC-0300,,6,g1bnYRM2yN,18,25200000,4,320,94.0,80,com.sec.android.app.shealth,432,1,2026-05-09 10:36:10.000,533ca7cc-e050-4068-9ed8-f1e692649ec4,,29,
34,,63200010,2026-05-27 03:32:59.000,70.0,4,9,21,84,0,44,459,239,0,78,,7,16,0,81,48,63200010,2026-05-27 13:00:15.894,0,2026-05-27 13:00:15.894,,,10,16,18,26,59.0,,,69.0,,82800000,,UTC-0300,,6,g1bnYRM2yN,12,25200000,2,346,91.0,66,com.sec.android.app.shealth,459,1,2026-05-27 12:05:28.000,b448b355-629f-4912-8063-0b90fb677bdb,,27,
34,,63200010,2026-06-02 03:44:54.000,65.0,5,31,31,60,0,48,450,379,0,44,,13,16,0,84,44,63200010,2026-06-02 12:27:18.749,0,2026-06-02 12:27:18.749,,,10,16,18,26,65.0,,,39.0,,82800000,,UTC-0300,,6,g1bnYRM2yN,11,25200000,2,327,89.0,72,com.sec.android.app.shealth,450,1,2026-06-02 11:39:09.000,ec893bf1-fb69-4daf-a789-68ad36891875,,27,
34,,63200010,2026-06-04 03:43:33.000,25.0,5,42,42,47,2,34,306,319,0,29,,15,16,0,83,3,63200010,2026-06-04 19:49:03.834,0,2026-06-04 19:49:03.834,,,10,16,18,26,57.0,,,39.0,,82800000,,UTC-0300,,6,g1bnYRM2yN,1,25200000,0,227,89.0,44,com.sec.android.app.shealth,306,1,2026-06-04 09:09:57.000,a22fb9aa-4e35-42f3-bf11-23e27f5d6cbe,,7,
34,,63200010,2026-06-05 03:08:18.000,61.0,5,14,14,42,1,46,490,286,0,29,,4,16,0,86,34,63200010,2026-06-05 12:41:47.470,0,2026-06-05 12:41:47.470,,,10,16,18,26,55.0,,,32.0,,82800000,,UTC-0300,,6,g1bnYRM2yN,7,25200000,3,396,91.0,61,com.sec.android.app.shealth,490,1,2026-06-05 11:44:35.000,f05d553c-2a38-420d-9322-a3df4d5ac0b2,,29,
34,,70050090,2026-07-17 02:47:40.000,71.0,5,3,19,21,0,45,484,306,0,40,,6,16,0,85,49,70050090,2026-07-17 11:25:51.556,0,2026-07-17 11:25:51.556,,,10,15,18,26,59.0,,,28.0,,82800000,,UTC-0300,,6,g1bnYRM2yN,12,25200000,1,371,91.0,67,com.sec.android.app.shealth,484,1,2026-07-17 11:20:24.000,179b81ba-33ef-45d1-95bd-22816095fbf2,,29,
34,,70050090,2026-07-19 04:24:40.000,34.0,5,32,52,14,2,33,351,163,0,21,,15,16,0,87,16,70050090,2026-07-19 10:50:30.368,0,2026-07-19 10:50:30.368,,,10,16,18,26,72.0,,,25.0,,82800000,,UTC-0300,,6,g1bnYRM2yN,4,25200000,4,250,90.0,54,com.sec.android.app.shealth,351,1,2026-07-19 10:30:19.000,5d307f05-508c-43d8-9b28-485da24f1dba,,14,
34,,70050090,2026-07-22 02:45:07.000,65.0,5,57,57,57,0,45,513,246,0,53,,15,16,0,84,34,70050090,2026-07-22 12:58:32.582,0,2026-07-22 12:58:32.582,,,10,16,18,26,89.0,,,48.0,,82800000,,UTC-0300,,6,g1bnYRM2yN,6,25200000,4,377,91.0,70,com.sec.android.app.shealth,513,1,2026-07-22 11:59:29.000,485514a2-a08f-4b78-89d9-f17507d42c21,,28,
