com.samsung.shealth.social.friends,7006003,2
nick_name,device_type,msisdn,status,image_url,update_time,create_time,blocked,uid,level,gdpr_restricted,deviceuuid,pkg_name,invitation_allowed,display_name,datauuid
Ricardo Miluzzi,ANDROID,5511987560518,0,https://d3tqs16tcqd0gr.cloudfront.net/138b/12ead998-6b03-4894-bba5-f0aa22d5fb86.jpg,2026-05-28 21:09:32.377,2026-02-13 18:56:09.721,0,1827719,15,0,g1bnYRM2yN,com.sec.android.app.shealth,1,Cliente,d59f5fa9-8a87-4f76-b5ac-0434aaf6a09a,
Camila,ANDROID,5519991721244,0,https://d3tqs16tcqd0gr.cloudfront.net/e4c3/f1fdabd9-a007-4ba7-8bd3-8cca5448d36e.jpg,2026-02-13 18:56:09.722,2026-02-13 18:56:09.722,0,21190632,15,0,g1bnYRM2yN,com.sec.android.app.shealth,0,Cnesis Aprimoramento de Estudos,c1b2c39e-edca-4e43-8b7f-60ce59034191,
Marcos,ANDROID,5519981749667,0,https://d3tqs16tcqd0gr.cloudfront.net/d5f9/8fe537bb-e194-4fb0-bf1b-8d9fec6073ca.jpg,2026-02-13 18:56:09.722,2026-02-13 18:56:09.722,0,36740595,1,0,g1bnYRM2yN,com.sec.android.app.shealth,1,Marcos Rosa,4c70cb68-f5c0-4729-8bc5-2332cef2c426,
creolezigames,ANDROID,5519989698786,0,,2026-02-13 18:56:09.723,2026-02-13 18:56:09.723,0,41852938,1,0,g1bnYRM2yN,com.sec.android.app.shealth,0,Henrique Creolezi Silva,7cb948e5-d4f5-44b9-bfae-55b1457813b8,
Martiliano Silva,ANDROID,5519997365085,0,,2026-02-13 18:56:09.725,2026-02-13 18:56:09.725,0,50610129,1,0,g1bnYRM2yN,com.sec.android.app.shealth,0,Martiliano,263a6a7c-fc95-4e32-9dd5-a2ef9471e569,
allandasilvaba,ANDROID,5519997752063,0,,2026-02-13 18:56:09.732,2026-02-13 18:56:09.732,0,67180904,1,0,g1bnYRM2yN,com.sec.android.app.shealth,0,Allan Barros,f3e12327-55fa-4e28-add5-89dda404cd0d,
Gabriel Morais,ANDROID,5514997035250,0,,2026-02-13 18:56:09.744,2026-02-13 18:56:09.744,0,69574824,1,0,g1bnYRM2yN,com.sec.android.app.shealth,0,Gabriel Vicente,5cace496-37b3-43f6-8875-57438c461ae9,
Michelle ,ANDROID,5519997343217,0,,2026-02-13 18:56:09.745,2026-02-13 18:56:09.745,0,70636116,1,0,g1bnYRM2yN,com.sec.android.app.shealth,0,Michelle Santos,5a494a42-902e-48d9-93f5-fe2630dbaef6,
Francisco,ANDROID,5519981663649,0,https://d3tqs16tcqd0gr.cloudfront.net/277f/a4d166dd-3884-4b91-bbfc-8b4a941606f2.jpg,2026-02-13 18:56:09.746,2026-02-13 18:56:09.746,0,71335995,1,0,g1bnYRM2yN,com.sec.android.app.shealth,0,Francisco De Assis,cb1855f4-c85e-4db0-9bdc-192ce747e7f4,
leonardodusso06,ANDROID,5519971547714,0,,2026-02-13 18:56:09.746,2026-02-13 18:56:09.746,0,73895462,1,0,g1bnYRM2yN,com.sec.android.app.shealth,0,Leonardo Dias Dusso,0470a58c-196c-438a-8d0b-c6e703aef011,
carlosandradeamaral09,ANDROID,5519995193182,0,,2026-02-13 18:56:09.746,2026-02-13 18:56:09.746,0,76338198,1,0,g1bnYRM2yN,com.sec.android.app.shealth,0,Luan Henrico Siqueira Do Amaral Contini,e70e2fbd-a65c-4b11-936c-d82558158d32,
Henrique Menezes,ANDROID,61411174407,0,,2026-02-13 18:56:09.747,2026-02-13 18:56:09.747,0,78629988,1,0,g1bnYRM2yN,com.sec.android.app.shealth,0,Henrique Antereve,1280273e-94a9-4f5b-8bdf-c26984a26c19,
muriloz1309,ANDROID,5519989669323,0,https://d3tqs16tcqd0gr.cloudfront.net/cfad/d3dc0403-ff24-42f4-a954-4f768d31385a.jpg,2026-02-13 18:56:09.747,2026-02-13 18:56:09.747,0,100022918,1,0,g1bnYRM2yN,com.sec.android.app.shealth,0,Murilo Zini,bed89d26-b1a0-4004-a3a3-021faeb4dda7,
gtuchiama,ANDROID,5519989331172,0,,2026-02-13 18:56:09.748,2026-02-13 18:56:09.748,0,105088561,1,0,g1bnYRM2yN,com.sec.android.app.shealth,0,Gabriel Tuchiama Leite De Almeida,998e139b-2b49-4d6b-bd3b-9891e32173ce,
dyuliano.oliveiraluiz,ANDROID,5519991794044,0,,2026-02-13 18:56:09.748,2026-02-13 18:56:09.748,0,105709796,1,0,g1bnYRM2yN,com.sec.android.app.shealth,0,Dyuliano,2d1f7142-4200-4b9e-8c0c-ca7434d71564,
luisfelipeghessi,ANDROID,5551998734746,0,,2026-02-13 18:56:09.748,2026-02-13 18:56:09.748,0,106956027,3,0,g1bnYRM2yN,com.sec.android.app.shealth,0,+5551998734746,2b82f8f4-e3f5-403f-a2ce-f4c1edd5ba62,
Ana  Barreto,ANDROID,5519971082969,0,https://d3tqs16tcqd0gr.cloudfront.net/564f/6d4ee0ee-b986-4a69-8068-5cbd86efd564.jpg,2026-02-13 18:56:09.749,2026-02-13 18:56:09.749,0,110401129,3,0,g1bnYRM2yN,com.sec.android.app.shealth,0,Ana Barreto,0387b8c3-6587-4072-821b-26a2c3ba2631,
guilhermedasilvaprates,ANDROID,5519987695005,0,,2026-02-13 18:56:09.749,2026-02-13 18:56:09.749,0,112995648,1,0,g1bnYRM2yN,com.sec.android.app.shealth,0,Guilherme Prates,92727142-bd9a-49ef-97aa-595533f4c827,
ynobre11,ANDROID,5519988736474,0,,2026-02-13 18:56:09.750,2026-02-13 18:56:09.750,0,89820857,1,0,g1bnYRM2yN,com.sec.android.app.shealth,0,Yngrid Nobre,58f1dd22-b6d8-4b6c-b086-fcfd9c983f19,
thimauri06,ANDROID,5519987812158,0,,2026-06-02 15:36:01.634,2026-06-02 15:36:01.634,0,107025264,1,0,g1bnYRM2yN,com.sec.android.app.shealth,0,Thiago,2d49e381-f26b-401d-bae9-51bc7d9ed8a3,
