com.samsung.shealth.tracker.floors_day_summary,7006003,1
create_sh_ver,binning_data,modify_sh_ver,update_time,create_time,floor_count,version_code,deviceuuid,pkg_name,datauuid,day_time
62950170,52a4494f-f191-47c8-ad19-564ccd4769fa.binning_data.json,70060030,2026-08-05 11:55:32.210,2026-08-03 19:37:36.961,10,2,SUfFQTLN3q,com.sec.android.app.shealth,52a4494f-f191-47c8-ad19-564ccd4769fa,2026-08-03 00:00:00.000,
63051050,9a0cbdd0-a369-4eb2-aba7-c0db7b1c124e.binning_data.json,63060070,2025-11-25 21:07:53.923,2025-11-04 19:12:12.863,17,2,g1bnYRM2yN,com.sec.android.app.shealth,9a0cbdd0-a369-4eb2-aba7-c0db7b1c124e,2025-11-04 00:00:00.000,
63051050,fa6a06b7-b450-4a8e-9ac1-5076fd247964.binning_data.json,63060070,2025-11-25 21:07:53.097,2025-11-05 17:19:25.897,52,2,g1bnYRM2yN,com.sec.android.app.shealth,fa6a06b7-b450-4a8e-9ac1-5076fd247964,2025-11-05 00:00:00.000,
63051050,785dadca-0ebb-4f66-97a6-8ead91aeaaad.binning_data.json,63060070,2025-11-25 21:07:53.670,2025-11-06 12:47:10.133,12,2,g1bnYRM2yN,com.sec.android.app.shealth,785dadca-0ebb-4f66-97a6-8ead91aeaaad,2025-11-06 00:00:00.000,
63051050,d4c018f5-2664-4b50-939e-64cb8352b524.binning_data.json,63060070,2025-12-04 23:14:09.480,2025-11-07 13:24:54.034,22,2,g1bnYRM2yN,com.sec.android.app.shealth,d4c018f5-2664-4b50-939e-64cb8352b524,2025-11-07 00:00:00.000,
63051050,46e6b9e6-c017-456e-81cd-8cd5a633f4b0.binning_data.json,63060070,2025-12-04 23:14:10.114,2025-11-08 17:13:48.307,24,2,g1bnYRM2yN,com.sec.android.app.shealth,46e6b9e6-c017-456e-81cd-8cd5a633f4b0,2025-11-08 00:00:00.000,
63051050,6ee7f965-bcda-42b5-b2c1-e9bfd14ad277.binning_data.json,63060070,2025-12-04 23:14:10.602,2025-11-09 17:53:02.965,9,2,g1bnYRM2yN,com.sec.android.app.shealth,6ee7f965-bcda-42b5-b2c1-e9bfd14ad277,2025-11-09 00:00:00.000,
63051050,d594014a-ba19-4269-8bac-236ffcc99835.binning_data.json,63060070,2025-12-07 22:31:29.010,2025-11-10 13:45:01.926,37,2,g1bnYRM2yN,com.sec.android.app.shealth,d594014a-ba19-4269-8bac-236ffcc99835,2025-11-10 00:00:00.000,
63051050,11e2d0c7-3945-42a0-866c-ad881bed0539.binning_data.json,63060070,2025-12-09 02:04:14.068,2025-11-11 13:47:14.475,32,2,g1bnYRM2yN,com.sec.android.app.shealth,11e2d0c7-3945-42a0-866c-ad881bed0539,2025-11-11 00:00:00.000,
63051050,65bc9779-66e2-412f-acd3-2e2247994ffd.binning_data.json,63060070,2025-12-09 02:04:13.241,2025-11-12 12:46:03.992,46,2,g1bnYRM2yN,com.sec.android.app.shealth,65bc9779-66e2-412f-acd3-2e2247994ffd,2025-11-12 00:00:00.000,
63051050,546412f6-0a0f-431f-951d-51ed8e028e2b.binning_data.json,63060070,2025-12-09 02:04:13.964,2025-11-13 21:02:05.514,29,2,g1bnYRM2yN,com.sec.android.app.shealth,546412f6-0a0f-431f-951d-51ed8e028e2b,2025-11-13 00:00:00.000,
63051050,573c241f-1d5c-4b8b-bee4-403629ddcb05.binning_data.json,63060070,2025-12-09 02:04:14.404,2025-11-14 11:28:26.340,30,2,g1bnYRM2yN,com.sec.android.app.shealth,573c241f-1d5c-4b8b-bee4-403629ddcb05,2025-11-14 00:00:00.000,
63051050,703b0b3a-95f7-4d23-b081-90c2969aa307.binning_data.json,63060070,2025-12-09 02:04:13.721,2025-11-15 13:43:10.467,4,2,g1bnYRM2yN,com.sec.android.app.shealth,703b0b3a-95f7-4d23-b081-90c2969aa307,2025-11-15 00:00:00.000,
63051050,a908133e-10c5-48bd-9177-6647db7c3686.binning_data.json,63060070,2025-12-09 02:04:13.997,2025-11-16 20:57:17.827,2,2,g1bnYRM2yN,com.sec.android.app.shealth,a908133e-10c5-48bd-9177-6647db7c3686,2025-11-16 00:00:00.000,
63051050,30350100-995c-42bc-8574-d0cfb6ddb8c7.binning_data.json,63060070,2025-12-09 02:04:13.177,2025-11-17 20:59:20.902,29,2,g1bnYRM2yN,com.sec.android.app.shealth,30350100-995c-42bc-8574-d0cfb6ddb8c7,2025-11-17 00:00:00.000,
63051050,82e916df-22cf-44c6-9aa2-8ff993e1a4fa.binning_data.json,63060070,2025-12-09 02:04:13.919,2025-11-18 23:09:20.773,1,2,g1bnYRM2yN,com.sec.android.app.shealth,82e916df-22cf-44c6-9aa2-8ff993e1a4fa,2025-11-18 00:00:00.000,
63051050,66ad05b7-3d6c-4404-b5f8-cd9a40f67445.binning_data.json,63070030,2025-12-16 15:21:44.775,2025-11-19 12:46:14.243,18,2,g1bnYRM2yN,com.sec.android.app.shealth,66ad05b7-3d6c-4404-b5f8-cd9a40f67445,2025-11-19 00:00:00.000,
63051050,db093314-ca76-4cca-9ef7-43c4444d8c7d.binning_data.json,63070030,2025-12-16 15:21:44.187,2025-11-20 13:28:06.486,6,2,g1bnYRM2yN,com.sec.android.app.shealth,db093314-ca76-4cca-9ef7-43c4444d8c7d,2025-11-20 00:00:00.000,
63060070,88ec5870-4278-4e52-9a15-98d7521bfc01.binning_data.json,63070030,2025-12-16 15:21:44.555,2025-11-21 23:29:00.852,11,2,g1bnYRM2yN,com.sec.android.app.shealth,88ec5870-4278-4e52-9a15-98d7521bfc01,2025-11-21 00:00:00.000,
63060070,b0675f0a-69a3-4937-bcea-6032e4a8698e.binning_data.json,63070030,2025-12-19 15:33:21.654,2025-11-22 03:21:55.839,2,2,g1bnYRM2yN,com.sec.android.app.shealth,b0675f0a-69a3-4937-bcea-6032e4a8698e,2025-11-22 00:00:00.000,
63060070,4db9e0c1-54e7-4ca2-ac3e-f5c30f44cb58.binning_data.json,63070030,2025-12-20 16:21:23.648,2025-11-23 15:32:32.445,2,2,g1bnYRM2yN,com.sec.android.app.shealth,4db9e0c1-54e7-4ca2-ac3e-f5c30f44cb58,2025-11-23 00:00:00.000,
63060070,c9ca804f-7936-4e2d-bcc4-520d8c9a2e32.binning_data.json,63070030,2025-12-21 07:00:33.895,2025-11-24 20:55:10.576,37,2,g1bnYRM2yN,com.sec.android.app.shealth,c9ca804f-7936-4e2d-bcc4-520d8c9a2e32,2025-11-24 00:00:00.000,
63060070,40d5eab7-195d-4059-a44e-99cb3237e607.binning_data.json,63070030,2025-12-21 07:00:32.867,2025-11-25 12:20:47.730,21,2,g1bnYRM2yN,com.sec.android.app.shealth,40d5eab7-195d-4059-a44e-99cb3237e607,2025-11-25 00:00:00.000,
63060070,99ce5a36-ab39-45a5-b690-77f8350cbbad.binning_data.json,63070030,2025-12-21 07:00:33.495,2025-11-26 20:55:05.003,38,2,g1bnYRM2yN,com.sec.android.app.shealth,99ce5a36-ab39-45a5-b690-77f8350cbbad,2025-11-26 00:00:00.000,
63060070,677b8ff8-1daa-467e-aaa5-7a92a8b598f7.binning_data.json,63070030,2025-12-21 07:00:32.298,2025-11-27 13:30:59.637,1,2,g1bnYRM2yN,com.sec.android.app.shealth,677b8ff8-1daa-467e-aaa5-7a92a8b598f7,2025-11-27 00:00:00.000,
63060070,4b8fc672-59a1-4b61-86ca-62e6e960afe9.binning_data.json,63070030,2025-12-21 07:00:33.060,2025-11-28 17:00:04.353,12,2,g1bnYRM2yN,com.sec.android.app.shealth,4b8fc672-59a1-4b61-86ca-62e6e960afe9,2025-11-28 00:00:00.000,
63060070,4f0a8c96-e27a-4820-abe8-bbba79a49059.binning_data.json,63070030,2025-12-21 07:00:33.607,2025-11-29 12:28:18.558,7,2,g1bnYRM2yN,com.sec.android.app.shealth,4f0a8c96-e27a-4820-abe8-bbba79a49059,2025-11-29 00:00:00.000,
63060070,eb257263-7fd4-467b-be64-bf02af023ccd.binning_data.json,63070030,2025-12-27 03:30:44.283,2025-11-30 12:46:48.015,18,2,g1bnYRM2yN,com.sec.android.app.shealth,eb257263-7fd4-467b-be64-bf02af023ccd,2025-11-30 00:00:00.000,
63060070,209f593d-3723-4507-840a-06bff4b15c69.binning_data.json,63070030,2025-12-27 03:30:43.464,2025-12-02 12:37:22.780,2,2,g1bnYRM2yN,com.sec.android.app.shealth,209f593d-3723-4507-840a-06bff4b15c69,2025-12-02 00:00:00.000,
63060070,c6966f42-e3d8-4a01-88c9-d815bc6bc15f.binning_data.json,63070030,2025-12-27 03:30:44.506,2025-12-03 21:03:07.301,25,2,g1bnYRM2yN,com.sec.android.app.shealth,c6966f42-e3d8-4a01-88c9-d815bc6bc15f,2025-12-03 00:00:00.000,
63060070,e678621c-5626-4bf8-94c3-e0de3f3195b7.binning_data.json,63070030,2025-12-31 23:47:13.812,2025-12-04 23:14:10.289,2,2,g1bnYRM2yN,com.sec.android.app.shealth,e678621c-5626-4bf8-94c3-e0de3f3195b7,2025-12-04 00:00:00.000,
63060070,5b35b4cb-5327-489a-89cf-6f11918b24f8.binning_data.json,63070030,2025-12-31 23:47:13.157,2025-12-05 21:04:22.582,17,2,g1bnYRM2yN,com.sec.android.app.shealth,5b35b4cb-5327-489a-89cf-6f11918b24f8,2025-12-05 00:00:00.000,
63060070,6971c432-3530-49e9-aff9-e462e75cd38c.binning_data.json,63070030,2025-12-31 23:47:13.784,2025-12-07 00:07:35.452,2,2,g1bnYRM2yN,com.sec.android.app.shealth,6971c432-3530-49e9-aff9-e462e75cd38c,2025-12-06 00:00:00.000,
63060070,f33f265b-d5f6-44a2-9a9c-dd2212830ca2.binning_data.json,63070030,2025-12-31 23:47:13.099,2025-12-07 22:31:28.168,2,2,g1bnYRM2yN,com.sec.android.app.shealth,f33f265b-d5f6-44a2-9a9c-dd2212830ca2,2025-12-07 00:00:00.000,
63060070,df890ee3-b252-45aa-8543-6b1e58110e9a.binning_data.json,63070030,2025-12-31 23:47:13.372,2025-12-09 02:04:13.764,2,2,g1bnYRM2yN,com.sec.android.app.shealth,df890ee3-b252-45aa-8543-6b1e58110e9a,2025-12-08 00:00:00.000,
63060070,3daafff4-3ec3-468b-9f2c-1c44b91019b5.binning_data.json,63070030,2026-01-06 23:16:25.290,2025-12-11 20:27:16.743,1,2,g1bnYRM2yN,com.sec.android.app.shealth,3daafff4-3ec3-468b-9f2c-1c44b91019b5,2025-12-11 00:00:00.000,
63060070,9cfc4954-4a96-4853-9a54-914ce241e0c5.binning_data.json,63070030,2026-01-06 23:16:24.819,2025-12-12 17:22:51.577,8,2,g1bnYRM2yN,com.sec.android.app.shealth,9cfc4954-4a96-4853-9a54-914ce241e0c5,2025-12-12 00:00:00.000,
63060070,afbf642e-9f2f-4e56-a9f7-5f51de3736aa.binning_data.json,63070030,2026-01-10 01:56:15.448,2025-12-14 18:18:37.573,2,2,g1bnYRM2yN,com.sec.android.app.shealth,afbf642e-9f2f-4e56-a9f7-5f51de3736aa,2025-12-14 00:00:00.000,
63070030,80027847-684c-40bf-951f-fc30e84a8b49.binning_data.json,63070030,2026-01-10 01:56:15.418,2025-12-16 15:21:44.418,2,2,g1bnYRM2yN,com.sec.android.app.shealth,80027847-684c-40bf-951f-fc30e84a8b49,2025-12-16 00:00:00.000,
63070030,582abdbe-2250-4e5d-892c-dccb3e253282.binning_data.json,63070030,2026-01-13 20:44:53.482,2025-12-18 02:48:40.534,3,2,g1bnYRM2yN,com.sec.android.app.shealth,582abdbe-2250-4e5d-892c-dccb3e253282,2025-12-17 00:00:00.000,
63070030,7ba45fb2-c695-481a-84c4-fe455ca86d52.binning_data.json,63070030,2026-01-13 20:44:54.180,2025-12-18 21:53:05.666,1,2,g1bnYRM2yN,com.sec.android.app.shealth,7ba45fb2-c695-481a-84c4-fe455ca86d52,2025-12-18 00:00:00.000,
63070030,fc61a9be-4595-4756-a831-d6ac24835679.binning_data.json,63070030,2026-01-13 20:44:54.491,2025-12-19 15:33:21.204,7,2,g1bnYRM2yN,com.sec.android.app.shealth,fc61a9be-4595-4756-a831-d6ac24835679,2025-12-19 00:00:00.000,
63070030,3fc2f0a0-7c14-4aac-b4a5-49ac2e1ecdfc.binning_data.json,63070030,2026-01-16 10:53:13.432,2025-12-20 13:52:08.529,15,2,g1bnYRM2yN,com.sec.android.app.shealth,3fc2f0a0-7c14-4aac-b4a5-49ac2e1ecdfc,2025-12-20 00:00:00.000,
63070030,b7b28122-3653-4e86-805f-5b0e72d53338.binning_data.json,63070030,2026-01-16 10:53:13.927,2025-12-21 03:26:44.953,19,2,g1bnYRM2yN,com.sec.android.app.shealth,b7b28122-3653-4e86-805f-5b0e72d53338,2025-12-21 00:00:00.000,
63070030,092a3000-59f8-4781-aafa-20ea0635c1c1.binning_data.json,63070030,2026-01-18 19:09:10.525,2025-12-22 13:31:54.700,8,2,g1bnYRM2yN,com.sec.android.app.shealth,092a3000-59f8-4781-aafa-20ea0635c1c1,2025-12-22 00:00:00.000,
63070030,c83c3f3e-ff26-4561-ac1d-750c65770520.binning_data.json,63070030,2026-01-19 20:41:47.792,2025-12-23 03:08:01.727,2,2,g1bnYRM2yN,com.sec.android.app.shealth,c83c3f3e-ff26-4561-ac1d-750c65770520,2025-12-23 00:00:00.000,
63070030,262d486b-35de-40f7-b8fe-3ccf15f88438.binning_data.json,63070030,2026-01-19 20:41:48.367,2025-12-24 23:48:27.345,1,2,g1bnYRM2yN,com.sec.android.app.shealth,262d486b-35de-40f7-b8fe-3ccf15f88438,2025-12-24 00:00:00.000,
63070030,a2ff6324-a777-4935-8867-071839571ce0.binning_data.json,63070030,2026-01-19 20:41:47.367,2025-12-25 20:19:08.102,2,2,g1bnYRM2yN,com.sec.android.app.shealth,a2ff6324-a777-4935-8867-071839571ce0,2025-12-25 00:00:00.000,
63070030,7ba29bca-b358-47a2-b51f-1126e5d38934.binning_data.json,63070030,2026-01-19 20:41:48.137,2025-12-26 21:52:04.170,8,2,g1bnYRM2yN,com.sec.android.app.shealth,7ba29bca-b358-47a2-b51f-1126e5d38934,2025-12-26 00:00:00.000,
63070030,2e6b2136-378e-4664-87b0-b156d5b679df.binning_data.json,63070030,2026-01-19 20:41:47.291,2025-12-27 19:35:21.889,2,2,g1bnYRM2yN,com.sec.android.app.shealth,2e6b2136-378e-4664-87b0-b156d5b679df,2025-12-27 00:00:00.000,
63070030,54991381-4d25-4168-8edb-04b7b5312ac7.binning_data.json,63070030,2026-01-19 20:41:47.734,2025-12-28 18:47:06.712,4,2,g1bnYRM2yN,com.sec.android.app.shealth,54991381-4d25-4168-8edb-04b7b5312ac7,2025-12-28 00:00:00.000,
63070030,dd906f71-7ee3-4c16-91fe-7a1038b22965.binning_data.json,63070030,2026-01-19 20:41:48.334,2025-12-29 13:41:23.047,2,2,g1bnYRM2yN,com.sec.android.app.shealth,dd906f71-7ee3-4c16-91fe-7a1038b22965,2025-12-29 00:00:00.000,
63070030,fb75535e-4241-4eb3-9f1d-ee2977b87128.binning_data.json,63070030,2026-01-19 20:41:47.664,2025-12-30 18:44:44.654,6,2,g1bnYRM2yN,com.sec.android.app.shealth,fb75535e-4241-4eb3-9f1d-ee2977b87128,2025-12-30 00:00:00.000,
63070030,33b712e4-7311-4f34-bdc1-4c033cbbaf08.binning_data.json,63070030,2026-01-19 20:41:48.057,2025-12-31 23:47:13.643,1,2,g1bnYRM2yN,com.sec.android.app.shealth,33b712e4-7311-4f34-bdc1-4c033cbbaf08,2025-12-31 00:00:00.000,
63070030,0128edb4-5755-49cf-90b7-d10ce3fb761f.binning_data.json,63070030,2026-01-19 20:41:47.701,2026-01-02 23:15:28.764,1,2,g1bnYRM2yN,com.sec.android.app.shealth,0128edb4-5755-49cf-90b7-d10ce3fb761f,2026-01-02 00:00:00.000,
63070030,8334f7e7-006f-4f48-b2cb-3eaa9ce72280.binning_data.json,63070030,2026-01-19 20:41:48.259,2026-01-03 21:15:44.423,2,2,g1bnYRM2yN,com.sec.android.app.shealth,8334f7e7-006f-4f48-b2cb-3eaa9ce72280,2026-01-03 00:00:00.000,
63070030,212b8d17-b079-44b5-b5fa-4db8e06ee45d.binning_data.json,63070030,2026-01-31 18:06:09.562,2026-01-04 03:23:32.488,4,2,g1bnYRM2yN,com.sec.android.app.shealth,212b8d17-b079-44b5-b5fa-4db8e06ee45d,2026-01-04 00:00:00.000,
63070030,26930ce4-520e-48a1-b174-d81c7d8d0ece.binning_data.json,63070030,2026-02-01 05:28:54.795,2026-01-05 12:20:40.946,5,2,g1bnYRM2yN,com.sec.android.app.shealth,26930ce4-520e-48a1-b174-d81c7d8d0ece,2026-01-05 00:00:00.000,
63070030,01a335cc-3844-4387-be1b-9ff5386dbd0a.binning_data.json,63070030,2026-02-01 05:28:53.551,2026-01-06 12:03:12.266,6,2,g1bnYRM2yN,com.sec.android.app.shealth,01a335cc-3844-4387-be1b-9ff5386dbd0a,2026-01-06 00:00:00.000,
63070030,6a8fb1fc-1eca-48ac-a5d3-d986af6349a7.binning_data.json,63070030,2026-02-01 05:28:54.458,2026-01-07 20:50:26.952,22,2,g1bnYRM2yN,com.sec.android.app.shealth,6a8fb1fc-1eca-48ac-a5d3-d986af6349a7,2026-01-07 00:00:00.000,
63070030,65a7b69c-f694-4647-a0d3-469af54e46d3.binning_data.json,63070030,2026-02-01 05:28:54.922,2026-01-08 12:35:05.401,4,2,g1bnYRM2yN,com.sec.android.app.shealth,65a7b69c-f694-4647-a0d3-469af54e46d3,2026-01-08 00:00:00.000,
63070030,9659cfbc-4993-42c1-9638-73e0b46aa47a.binning_data.json,63070030,2026-02-05 13:58:11.737,2026-01-09 16:28:29.277,10,2,g1bnYRM2yN,com.sec.android.app.shealth,9659cfbc-4993-42c1-9638-73e0b46aa47a,2026-01-09 00:00:00.000,
63070030,1ba1052c-89e0-4da8-905a-3529bcb80d40.binning_data.json,63070030,2026-02-06 22:20:52.195,2026-01-11 21:20:50.280,4,2,g1bnYRM2yN,com.sec.android.app.shealth,1ba1052c-89e0-4da8-905a-3529bcb80d40,2026-01-11 00:00:00.000,
63070030,bbfa5b4c-579a-4fd4-8c9b-77abce3394ab.binning_data.json,63070030,2026-02-06 22:20:53.204,2026-01-13 20:44:52.623,2,2,g1bnYRM2yN,com.sec.android.app.shealth,bbfa5b4c-579a-4fd4-8c9b-77abce3394ab,2026-01-13 00:00:00.000,
63070030,137aafc6-9c0c-4583-a70d-7a8a0d11cc56.binning_data.json,63070030,2026-02-11 22:48:56.658,2026-01-15 20:19:32.072,2,2,g1bnYRM2yN,com.sec.android.app.shealth,137aafc6-9c0c-4583-a70d-7a8a0d11cc56,2026-01-15 00:00:00.000,
63070030,0bd59429-6f40-4ca5-8da1-930144107e6f.binning_data.json,63070030,2026-02-11 22:48:54.357,2026-01-16 10:53:12.680,3,2,g1bnYRM2yN,com.sec.android.app.shealth,0bd59429-6f40-4ca5-8da1-930144107e6f,2026-01-16 00:00:00.000,
63070030,ec1d092e-66f2-462c-8e1d-fed61db65355.binning_data.json,63070030,2026-02-11 22:48:55.515,2026-01-17 17:15:35.430,1,2,g1bnYRM2yN,com.sec.android.app.shealth,ec1d092e-66f2-462c-8e1d-fed61db65355,2026-01-17 00:00:00.000,
63070030,17f930d3-4e49-42b4-bbe8-bdaf674cc43c.binning_data.json,63070030,2026-02-11 22:48:58.463,2026-01-18 19:09:10.045,3,2,g1bnYRM2yN,com.sec.android.app.shealth,17f930d3-4e49-42b4-bbe8-bdaf674cc43c,2026-01-18 00:00:00.000,
63070030,20ee1ec3-b973-4d42-94ff-17473e82de62.binning_data.json,63070030,2026-02-11 22:48:55.072,2026-01-19 11:16:37.371,4,2,g1bnYRM2yN,com.sec.android.app.shealth,20ee1ec3-b973-4d42-94ff-17473e82de62,2026-01-19 00:00:00.000,
63070030,fe4f0e11-bf3a-4a74-8fc9-4e98d3d3a80d.binning_data.json,63070030,2026-02-16 18:26:56.039,2026-01-20 12:45:20.027,1,2,g1bnYRM2yN,com.sec.android.app.shealth,fe4f0e11-bf3a-4a74-8fc9-4e98d3d3a80d,2026-01-20 00:00:00.000,
63070030,7bccd94e-10f6-4094-9ed9-f6f75da5df72.binning_data.json,63070030,2026-02-16 18:26:55.430,2026-01-21 20:22:36.396,2,2,g1bnYRM2yN,com.sec.android.app.shealth,7bccd94e-10f6-4094-9ed9-f6f75da5df72,2026-01-21 00:00:00.000,
63070030,07351e40-d4dd-4108-bd54-2d9c397be869.binning_data.json,63070030,2026-02-16 18:26:55.847,2026-01-22 21:32:37.528,2,2,g1bnYRM2yN,com.sec.android.app.shealth,07351e40-d4dd-4108-bd54-2d9c397be869,2026-01-22 00:00:00.000,
63070030,fd298b31-9a85-48d9-b4b7-7e3b00244f79.binning_data.json,63070030,2026-02-16 18:26:56.325,2026-01-23 15:00:17.673,13,2,g1bnYRM2yN,com.sec.android.app.shealth,fd298b31-9a85-48d9-b4b7-7e3b00244f79,2026-01-23 00:00:00.000,
63070030,48e55a92-60b3-4aef-a087-f9e3c0f96238.binning_data.json,63070030,2026-02-16 18:26:55.780,2026-01-24 13:59:24.669,1,2,g1bnYRM2yN,com.sec.android.app.shealth,48e55a92-60b3-4aef-a087-f9e3c0f96238,2026-01-24 00:00:00.000,
63070030,b69bef44-24cb-4864-87d2-54dbb1856551.binning_data.json,63070030,2026-02-22 21:25:08.288,2026-01-26 10:18:42.491,4,2,g1bnYRM2yN,com.sec.android.app.shealth,b69bef44-24cb-4864-87d2-54dbb1856551,2026-01-26 00:00:00.000,
63070030,c6fcf4ae-bec8-4309-8554-387091d0d822.binning_data.json,63070030,2026-02-22 21:25:08.934,2026-01-27 21:56:12.045,2,2,g1bnYRM2yN,com.sec.android.app.shealth,c6fcf4ae-bec8-4309-8554-387091d0d822,2026-01-27 00:00:00.000,
63070030,33830b89-64ed-4010-9bee-7d4a723f40b7.binning_data.json,63070030,2026-02-22 21:25:09.593,2026-01-28 22:17:22.798,2,2,g1bnYRM2yN,com.sec.android.app.shealth,33830b89-64ed-4010-9bee-7d4a723f40b7,2026-01-28 00:00:00.000,
63070030,2667f0af-8630-4c5f-a7ff-06a6e69eaed7.binning_data.json,63070030,2026-02-25 22:28:28.442,2026-01-29 22:21:12.882,2,2,g1bnYRM2yN,com.sec.android.app.shealth,2667f0af-8630-4c5f-a7ff-06a6e69eaed7,2026-01-29 00:00:00.000,
63070030,e12766a2-bd41-4949-b4b6-28dff270b0fe.binning_data.json,63070030,2026-02-25 22:28:28.762,2026-01-30 18:27:10.341,1,2,g1bnYRM2yN,com.sec.android.app.shealth,e12766a2-bd41-4949-b4b6-28dff270b0fe,2026-01-30 00:00:00.000,
63070030,9015ffdf-dbb3-4436-8ab1-4eadc5f4a974.binning_data.json,63070030,2026-02-27 21:48:03.335,2026-01-31 13:27:27.329,10,2,g1bnYRM2yN,com.sec.android.app.shealth,9015ffdf-dbb3-4436-8ab1-4eadc5f4a974,2026-01-31 00:00:00.000,
63070030,634d2d7a-ee6c-4baa-9d4b-c34c88a23cd5.binning_data.json,63070030,2026-02-27 21:48:03.719,2026-02-01 05:28:54.114,11,2,g1bnYRM2yN,com.sec.android.app.shealth,634d2d7a-ee6c-4baa-9d4b-c34c88a23cd5,2026-02-01 00:00:00.000,
63070030,a5995113-8ab4-4bca-8879-5af2f0f13e08.binning_data.json,63070030,2026-02-27 21:48:04.034,2026-02-02 10:59:48.526,7,2,g1bnYRM2yN,com.sec.android.app.shealth,a5995113-8ab4-4bca-8879-5af2f0f13e08,2026-02-02 00:00:00.000,
63070030,4b1dae6a-28a1-4983-99b4-93f4390f453e.binning_data.json,63070030,2026-03-03 23:39:31.509,2026-02-04 13:32:24.646,1,2,g1bnYRM2yN,com.sec.android.app.shealth,4b1dae6a-28a1-4983-99b4-93f4390f453e,2026-02-04 00:00:00.000,
63070030,7a93fea4-670e-4712-99e2-8f0460337456.binning_data.json,63110130,2026-03-04 21:01:03.642,2026-02-05 13:58:11.405,6,2,g1bnYRM2yN,com.sec.android.app.shealth,7a93fea4-670e-4712-99e2-8f0460337456,2026-02-05 00:00:00.000,
63070030,347cf8f3-458b-4fb0-9575-88854cd5b865.binning_data.json,63110130,2026-03-06 02:24:10.502,2026-02-06 22:20:51.845,1,2,g1bnYRM2yN,com.sec.android.app.shealth,347cf8f3-458b-4fb0-9575-88854cd5b865,2026-02-06 00:00:00.000,
63070030,07a39d85-5db0-430f-86cd-d9c230b39356.binning_data.json,63110130,2026-03-06 02:24:10.627,2026-02-07 10:44:29.149,7,2,g1bnYRM2yN,com.sec.android.app.shealth,07a39d85-5db0-430f-86cd-d9c230b39356,2026-02-07 00:00:00.000,
63070030,b6ac7e34-3dc5-4d2e-8514-c4712e7628ba.binning_data.json,63110130,2026-03-06 02:24:10.552,2026-02-08 14:41:25.955,5,2,g1bnYRM2yN,com.sec.android.app.shealth,b6ac7e34-3dc5-4d2e-8514-c4712e7628ba,2026-02-08 00:00:00.000,
63070030,43241403-8906-4deb-96b6-45c212927802.binning_data.json,63110130,2026-03-06 02:24:10.556,2026-02-09 12:42:14.826,6,2,g1bnYRM2yN,com.sec.android.app.shealth,43241403-8906-4deb-96b6-45c212927802,2026-02-09 00:00:00.000,
63070030,b83e3558-4985-41d3-a52b-7e267df502ef.binning_data.json,63110130,2026-03-09 23:30:39.721,2026-02-10 12:33:58.786,10,2,g1bnYRM2yN,com.sec.android.app.shealth,b83e3558-4985-41d3-a52b-7e267df502ef,2026-02-10 00:00:00.000,
63070030,b40d65a0-755a-45f4-915a-ef5032b7abec.binning_data.json,63110130,2026-03-09 23:30:39.743,2026-02-11 22:48:55.880,1,2,g1bnYRM2yN,com.sec.android.app.shealth,b40d65a0-755a-45f4-915a-ef5032b7abec,2026-02-11 00:00:00.000,
63070030,ba9533f1-7118-438b-a1ef-e98b60c83cd7.binning_data.json,63110130,2026-03-11 23:49:38.618,2026-02-13 17:59:04.886,10,2,g1bnYRM2yN,com.sec.android.app.shealth,ba9533f1-7118-438b-a1ef-e98b60c83cd7,2026-02-13 00:00:00.000,
63070030,f1798fc2-0fce-4028-80c3-b6e3eb3c4d27.binning_data.json,63110130,2026-03-13 23:56:00.031,2026-02-14 14:54:16.919,8,2,g1bnYRM2yN,com.sec.android.app.shealth,f1798fc2-0fce-4028-80c3-b6e3eb3c4d27,2026-02-14 00:00:00.000,
63070030,1e825eb8-0a25-4718-8a55-62c2906a673f.binning_data.json,63110130,2026-03-15 00:29:10.708,2026-02-16 18:26:55.910,1,2,g1bnYRM2yN,com.sec.android.app.shealth,1e825eb8-0a25-4718-8a55-62c2906a673f,2026-02-16 00:00:00.000,
63070030,0b8d9855-3343-4541-b2fc-4b4a2a425bb1.binning_data.json,63110130,2026-03-16 21:21:25.058,2026-02-17 22:45:04.589,2,2,g1bnYRM2yN,com.sec.android.app.shealth,0b8d9855-3343-4541-b2fc-4b4a2a425bb1,2026-02-17 00:00:00.000,
63070030,250a5614-f433-4d7c-aadd-c7ba516c8784.binning_data.json,63110130,2026-03-16 21:21:24.857,2026-02-18 11:19:34.206,2,2,g1bnYRM2yN,com.sec.android.app.shealth,250a5614-f433-4d7c-aadd-c7ba516c8784,2026-02-18 00:00:00.000,
63070030,1d59d358-7ead-444f-9007-78375ada6b67.binning_data.json,63110130,2026-03-16 21:21:24.994,2026-02-19 22:33:05.530,6,2,g1bnYRM2yN,com.sec.android.app.shealth,1d59d358-7ead-444f-9007-78375ada6b67,2026-02-19 00:00:00.000,
63070030,889de715-ee53-4f54-aa22-d3eaf221112c.binning_data.json,63110130,2026-03-16 21:21:24.796,2026-02-20 18:13:54.455,6,2,g1bnYRM2yN,com.sec.android.app.shealth,889de715-ee53-4f54-aa22-d3eaf221112c,2026-02-20 00:00:00.000,
63070030,7e1ac025-344b-46af-b4cb-edb81fffbeb2.binning_data.json,63110130,2026-03-16 21:21:24.938,2026-02-21 17:16:00.724,1,2,g1bnYRM2yN,com.sec.android.app.shealth,7e1ac025-344b-46af-b4cb-edb81fffbeb2,2026-02-21 00:00:00.000,
63070030,1ce0f5c4-522f-49f7-ae0c-8409a199cbcb.binning_data.json,63110130,2026-03-16 21:21:25.103,2026-02-22 10:07:29.745,8,2,g1bnYRM2yN,com.sec.android.app.shealth,1ce0f5c4-522f-49f7-ae0c-8409a199cbcb,2026-02-22 00:00:00.000,
63070030,8857c54c-dcec-4e0d-9a8e-356f1461eee1.binning_data.json,63110130,2026-03-22 10:34:34.299,2026-02-23 10:43:29.790,5,2,g1bnYRM2yN,com.sec.android.app.shealth,8857c54c-dcec-4e0d-9a8e-356f1461eee1,2026-02-23 00:00:00.000,
63070030,c1dece25-d122-4086-bcdb-afe8c7b3e787.binning_data.json,63110130,2026-03-22 10:34:34.379,2026-02-24 09:42:57.110,7,2,g1bnYRM2yN,com.sec.android.app.shealth,c1dece25-d122-4086-bcdb-afe8c7b3e787,2026-02-24 00:00:00.000,
63070030,d87e030f-b517-4822-ba88-b6294939804a.binning_data.json,63110130,2026-03-22 10:34:34.071,2026-02-25 22:28:28.029,6,2,g1bnYRM2yN,com.sec.android.app.shealth,d87e030f-b517-4822-ba88-b6294939804a,2026-02-25 00:00:00.000,
63070030,83a41309-a2b0-4ebe-bae6-757f66b32d16.binning_data.json,63110130,2026-03-22 10:34:34.389,2026-02-26 11:52:32.870,5,2,g1bnYRM2yN,com.sec.android.app.shealth,83a41309-a2b0-4ebe-bae6-757f66b32d16,2026-02-26 00:00:00.000,
63070030,0354b3aa-f802-4da2-b6de-d22e09c588f7.binning_data.json,63110130,2026-03-22 10:34:34.405,2026-02-27 10:12:05.521,8,2,g1bnYRM2yN,com.sec.android.app.shealth,0354b3aa-f802-4da2-b6de-d22e09c588f7,2026-02-27 00:00:00.000,
63070030,86c5d847-dbc2-44cd-83e1-d9d2fbc2f2c4.binning_data.json,63130130,2026-03-27 23:14:55.815,2026-02-28 18:37:05.025,3,2,g1bnYRM2yN,com.sec.android.app.shealth,86c5d847-dbc2-44cd-83e1-d9d2fbc2f2c4,2026-02-28 00:00:00.000,
63070030,697cdf71-2f3a-4534-826d-08402761d6b7.binning_data.json,63130130,2026-03-27 23:14:56.180,2026-03-02 22:36:37.605,6,2,g1bnYRM2yN,com.sec.android.app.shealth,697cdf71-2f3a-4534-826d-08402761d6b7,2026-03-02 00:00:00.000,
63070030,2e2976ac-e465-44ca-af75-091593113d66.binning_data.json,63130130,2026-03-27 23:14:56.068,2026-03-03 22:29:24.036,3,2,g1bnYRM2yN,com.sec.android.app.shealth,2e2976ac-e465-44ca-af75-091593113d66,2026-03-03 00:00:00.000,
63110130,7e319946-5f6b-4cf7-9147-67c35dbbf69b.binning_data.json,63130130,2026-03-27 23:14:56.720,2026-03-04 21:01:03.749,2,2,g1bnYRM2yN,com.sec.android.app.shealth,7e319946-5f6b-4cf7-9147-67c35dbbf69b,2026-03-04 00:00:00.000,
63110130,11580407-fc17-4dec-bdc1-34d078b3c51e.binning_data.json,63130130,2026-03-27 23:14:55.768,2026-03-05 13:27:55.760,2,2,g1bnYRM2yN,com.sec.android.app.shealth,11580407-fc17-4dec-bdc1-34d078b3c51e,2026-03-05 00:00:00.000,
63110130,9e26b979-0816-4590-ab57-bc30372d328a.binning_data.json,63130130,2026-03-27 23:14:56.359,2026-03-07 01:22:47.847,2,2,g1bnYRM2yN,com.sec.android.app.shealth,9e26b979-0816-4590-ab57-bc30372d328a,2026-03-06 00:00:00.000,
63110130,19e354d9-bfa9-4579-9b54-f9c5f82439e9.binning_data.json,63130130,2026-03-27 23:14:55.454,2026-03-07 14:15:11.859,2,2,g1bnYRM2yN,com.sec.android.app.shealth,19e354d9-bfa9-4579-9b54-f9c5f82439e9,2026-03-07 00:00:00.000,
63110130,53dbbc5a-b490-4557-9ec0-eb15fa1963c3.binning_data.json,63130130,2026-04-05 02:20:20.621,2026-03-08 10:21:10.763,5,2,g1bnYRM2yN,com.sec.android.app.shealth,53dbbc5a-b490-4557-9ec0-eb15fa1963c3,2026-03-08 00:00:00.000,
63110130,7399cb6b-85db-4c35-a9f8-e7a33d4d3884.binning_data.json,63130130,2026-04-05 20:43:58.118,2026-03-09 23:30:39.772,2,2,g1bnYRM2yN,com.sec.android.app.shealth,7399cb6b-85db-4c35-a9f8-e7a33d4d3884,2026-03-09 00:00:00.000,
63110130,69eab5e9-fce4-4274-af91-5e9320afa779.binning_data.json,63130130,2026-04-06 13:19:24.176,2026-03-10 21:26:52.244,2,2,g1bnYRM2yN,com.sec.android.app.shealth,69eab5e9-fce4-4274-af91-5e9320afa779,2026-03-10 00:00:00.000,
63110130,f3400bc2-b58c-4d9b-8534-b3226bf564d1.binning_data.json,63130130,2026-04-08 01:55:00.706,2026-03-11 23:49:38.795,1,2,g1bnYRM2yN,com.sec.android.app.shealth,f3400bc2-b58c-4d9b-8534-b3226bf564d1,2026-03-11 00:00:00.000,
63110130,d879a447-9b50-402b-9c7c-8c3ef6e991d4.binning_data.json,63130130,2026-04-08 01:54:59.258,2026-03-12 15:30:07.105,1,2,g1bnYRM2yN,com.sec.android.app.shealth,d879a447-9b50-402b-9c7c-8c3ef6e991d4,2026-03-12 00:00:00.000,
63110130,4a5ab4de-3f1a-4e45-a855-fc26094bfdc2.binning_data.json,63130130,2026-04-10 00:17:39.728,2026-03-13 23:55:59.867,5,2,g1bnYRM2yN,com.sec.android.app.shealth,4a5ab4de-3f1a-4e45-a855-fc26094bfdc2,2026-03-13 00:00:00.000,
63110130,d6246103-6de9-4936-a70f-efc8297af1d5.binning_data.json,63130130,2026-04-10 00:17:40.170,2026-03-14 14:28:03.783,9,2,g1bnYRM2yN,com.sec.android.app.shealth,d6246103-6de9-4936-a70f-efc8297af1d5,2026-03-14 00:00:00.000,
63110130,31434292-ad0d-4f7a-a805-85adae8ab278.binning_data.json,63130130,2026-04-12 03:01:31.492,2026-03-16 21:21:23.849,3,2,g1bnYRM2yN,com.sec.android.app.shealth,31434292-ad0d-4f7a-a805-85adae8ab278,2026-03-16 00:00:00.000,
63110130,098393a6-2e95-4b8b-a188-80a81744e9f1.binning_data.json,63130130,2026-04-12 03:01:30.313,2026-03-17 13:18:15.713,2,2,g1bnYRM2yN,com.sec.android.app.shealth,098393a6-2e95-4b8b-a188-80a81744e9f1,2026-03-17 00:00:00.000,
63110130,75e22b47-541c-4f94-a163-43d8da139527.binning_data.json,63130130,2026-04-12 03:01:30.795,2026-03-18 14:36:23.108,4,2,g1bnYRM2yN,com.sec.android.app.shealth,75e22b47-541c-4f94-a163-43d8da139527,2026-03-18 00:00:00.000,
63110130,653b296a-6fa8-43af-95c4-4d2b7a27bf00.binning_data.json,63130130,2026-04-12 03:01:31.627,2026-03-19 19:02:24.136,4,2,g1bnYRM2yN,com.sec.android.app.shealth,653b296a-6fa8-43af-95c4-4d2b7a27bf00,2026-03-19 00:00:00.000,
63110130,f6bff9f5-d305-4bef-b613-56b72a3591af.binning_data.json,63130130,2026-04-12 03:01:29.944,2026-03-22 10:34:34.285,5,2,g1bnYRM2yN,com.sec.android.app.shealth,f6bff9f5-d305-4bef-b613-56b72a3591af,2026-03-22 00:00:00.000,
63110130,b92e0c54-4bff-423e-83b1-94e6719291b1.binning_data.json,63130130,2026-04-12 03:01:30.724,2026-03-23 20:33:57.430,5,2,g1bnYRM2yN,com.sec.android.app.shealth,b92e0c54-4bff-423e-83b1-94e6719291b1,2026-03-23 00:00:00.000,
63110130,dab5f2cb-51cc-44a8-88e5-1095c70734b6.binning_data.json,63130130,2026-04-12 03:01:31.556,2026-03-24 10:31:50.045,4,2,g1bnYRM2yN,com.sec.android.app.shealth,dab5f2cb-51cc-44a8-88e5-1095c70734b6,2026-03-24 00:00:00.000,
63110130,9fb6c5aa-4823-4ab6-a2c8-b27b7cc21458.binning_data.json,63130130,2026-04-12 03:01:30.503,2026-03-26 01:27:06.943,2,2,g1bnYRM2yN,com.sec.android.app.shealth,9fb6c5aa-4823-4ab6-a2c8-b27b7cc21458,2026-03-25 00:00:00.000,
63110130,feb764e3-08a4-41a0-8858-dcb09e4fa120.binning_data.json,63200010,2026-04-22 21:53:38.116,2026-03-26 23:49:29.500,1,2,g1bnYRM2yN,com.sec.android.app.shealth,feb764e3-08a4-41a0-8858-dcb09e4fa120,2026-03-26 00:00:00.000,
63110130,2e676325-0cd6-4dde-ad39-5995c98ef07d.binning_data.json,63200010,2026-04-22 21:53:37.418,2026-03-27 19:10:24.413,3,2,g1bnYRM2yN,com.sec.android.app.shealth,2e676325-0cd6-4dde-ad39-5995c98ef07d,2026-03-27 00:00:00.000,
63130130,6a6f8425-b539-45cd-bd3d-d07818f5a9e9.binning_data.json,63200010,2026-04-22 21:53:37.861,2026-03-28 14:32:33.104,4,2,g1bnYRM2yN,com.sec.android.app.shealth,6a6f8425-b539-45cd-bd3d-d07818f5a9e9,2026-03-28 00:00:00.000,
63130130,9a05e1b6-a011-4545-ad83-5147c34521be.binning_data.json,63200010,2026-04-25 15:39:08.904,2026-03-29 22:02:28.627,1,2,g1bnYRM2yN,com.sec.android.app.shealth,9a05e1b6-a011-4545-ad83-5147c34521be,2026-03-29 00:00:00.000,
63130130,36be8570-abc2-43a5-b704-93899834a609.binning_data.json,63200010,2026-04-26 09:41:02.711,2026-03-30 19:03:30.846,6,2,g1bnYRM2yN,com.sec.android.app.shealth,36be8570-abc2-43a5-b704-93899834a609,2026-03-30 00:00:00.000,
63130130,5c9ae190-aaab-488a-969c-abbcf794f99d.binning_data.json,63200010,2026-04-27 17:04:13.100,2026-04-01 02:25:17.461,2,2,g1bnYRM2yN,com.sec.android.app.shealth,5c9ae190-aaab-488a-969c-abbcf794f99d,2026-03-31 00:00:00.000,
63130130,5a820366-d925-47d4-8586-135709d3873a.binning_data.json,63200010,2026-04-27 17:04:10.199,2026-04-01 16:37:50.622,1,2,g1bnYRM2yN,com.sec.android.app.shealth,5a820366-d925-47d4-8586-135709d3873a,2026-04-01 00:00:00.000,
63130130,7c1f44e1-4425-4326-bcae-cbc88a35d3e0.binning_data.json,63200010,2026-04-27 17:04:12.147,2026-04-02 16:59:22.068,1,2,g1bnYRM2yN,com.sec.android.app.shealth,7c1f44e1-4425-4326-bcae-cbc88a35d3e0,2026-04-02 00:00:00.000,
63130130,6108f898-673b-4d81-833f-adf16456e957.binning_data.json,63200010,2026-04-27 17:04:13.939,2026-04-03 20:46:06.469,3,2,g1bnYRM2yN,com.sec.android.app.shealth,6108f898-673b-4d81-833f-adf16456e957,2026-04-03 00:00:00.000,
63130130,fd329cbe-2363-4751-93b6-1f126eed91b2.binning_data.json,63200010,2026-05-01 17:43:09.218,2026-04-04 18:01:13.620,6,2,g1bnYRM2yN,com.sec.android.app.shealth,fd329cbe-2363-4751-93b6-1f126eed91b2,2026-04-04 00:00:00.000,
63130130,1e31e77d-c6aa-4be0-8d14-39ce4af9b768.binning_data.json,63200010,2026-05-01 17:43:09.446,2026-04-05 15:42:38.016,34,2,g1bnYRM2yN,com.sec.android.app.shealth,1e31e77d-c6aa-4be0-8d14-39ce4af9b768,2026-04-05 00:00:00.000,
63130130,613a5c9d-c8ba-4bc3-985e-62a308325a1d.binning_data.json,63200010,2026-05-03 22:48:44.108,2026-04-06 13:19:23.176,4,2,g1bnYRM2yN,com.sec.android.app.shealth,613a5c9d-c8ba-4bc3-985e-62a308325a1d,2026-04-06 00:00:00.000,
63130130,08767467-5f96-4666-b622-c7e95e5af30b.binning_data.json,63200010,2026-05-05 02:10:05.983,2026-04-07 23:38:18.991,2,2,g1bnYRM2yN,com.sec.android.app.shealth,08767467-5f96-4666-b622-c7e95e5af30b,2026-04-07 00:00:00.000,
63130130,f257f760-1b6a-4d0c-abe9-cd30ddc9ba98.binning_data.json,63200010,2026-05-05 02:10:07.377,2026-04-08 21:57:15.723,1,2,g1bnYRM2yN,com.sec.android.app.shealth,f257f760-1b6a-4d0c-abe9-cd30ddc9ba98,2026-04-08 00:00:00.000,
63130130,22cd7cad-41e6-407e-8c37-b263d6331e1c.binning_data.json,63200010,2026-05-05 02:10:05.891,2026-04-09 21:37:13.037,3,2,g1bnYRM2yN,com.sec.android.app.shealth,22cd7cad-41e6-407e-8c37-b263d6331e1c,2026-04-09 00:00:00.000,
63130130,9eb8fabc-5a9a-4f60-9b6a-ce1db32c8b32.binning_data.json,63200010,2026-05-05 02:10:06.613,2026-04-10 13:33:42.021,4,2,g1bnYRM2yN,com.sec.android.app.shealth,9eb8fabc-5a9a-4f60-9b6a-ce1db32c8b32,2026-04-10 00:00:00.000,
63130130,d3bb46e1-7321-4ae6-aa57-1230b11ec43e.binning_data.json,63200010,2026-05-05 02:10:05.658,2026-04-11 21:08:52.189,9,2,g1bnYRM2yN,com.sec.android.app.shealth,d3bb46e1-7321-4ae6-aa57-1230b11ec43e,2026-04-11 00:00:00.000,
63130130,60cd367c-2c14-4673-8801-a23c5dbb5623.binning_data.json,63200010,2026-05-09 12:28:52.770,2026-04-12 19:21:08.573,2,2,g1bnYRM2yN,com.sec.android.app.shealth,60cd367c-2c14-4673-8801-a23c5dbb5623,2026-04-12 00:00:00.000,
63130130,b25503a6-eb82-4e5e-a2a0-991d2f7d77bd.binning_data.json,63200010,2026-05-09 12:28:52.996,2026-04-13 10:01:49.209,1,2,g1bnYRM2yN,com.sec.android.app.shealth,b25503a6-eb82-4e5e-a2a0-991d2f7d77bd,2026-04-13 00:00:00.000,
63130130,bc1a9c56-aafc-41a4-9982-a6685421740c.binning_data.json,63200010,2026-05-09 12:28:52.575,2026-04-14 17:56:06.988,9,2,g1bnYRM2yN,com.sec.android.app.shealth,bc1a9c56-aafc-41a4-9982-a6685421740c,2026-04-14 00:00:00.000,
63130130,254eb69f-0424-49a3-96be-811d7850acd3.binning_data.json,63200010,2026-05-09 12:28:52.350,2026-04-16 22:35:53.091,2,2,g1bnYRM2yN,com.sec.android.app.shealth,254eb69f-0424-49a3-96be-811d7850acd3,2026-04-16 00:00:00.000,
63130130,06aa3e63-97bf-4b7a-a55d-4f4db5de7283.binning_data.json,63200010,2026-05-09 12:28:53.026,2026-04-18 19:36:56.730,4,2,g1bnYRM2yN,com.sec.android.app.shealth,06aa3e63-97bf-4b7a-a55d-4f4db5de7283,2026-04-18 00:00:00.000,
63130130,3d8c1113-530a-41ff-a44e-08cb90a50eba.binning_data.json,63200010,2026-05-16 15:41:40.402,2026-04-19 21:11:21.136,1,2,g1bnYRM2yN,com.sec.android.app.shealth,3d8c1113-530a-41ff-a44e-08cb90a50eba,2026-04-19 00:00:00.000,
63130130,0ba438e4-4c19-47ea-b55d-bc9a437a08e5.binning_data.json,63200010,2026-05-17 15:01:18.954,2026-04-20 16:59:06.783,2,2,g1bnYRM2yN,com.sec.android.app.shealth,0ba438e4-4c19-47ea-b55d-bc9a437a08e5,2026-04-20 00:00:00.000,
63130130,adbc1a6b-564f-40b2-9924-4bf1a822a4da.binning_data.json,63200010,2026-05-17 15:01:18.267,2026-04-21 14:28:49.458,11,2,g1bnYRM2yN,com.sec.android.app.shealth,adbc1a6b-564f-40b2-9924-4bf1a822a4da,2026-04-21 00:00:00.000,
63200010,4a724f91-63d0-47d8-8d96-e539d5ba38c1.binning_data.json,63200010,2026-05-19 17:23:00.535,2026-04-22 21:53:37.890,4,2,g1bnYRM2yN,com.sec.android.app.shealth,4a724f91-63d0-47d8-8d96-e539d5ba38c1,2026-04-22 00:00:00.000,
63200010,984ab237-838c-41d2-9231-8cba6d2d7430.binning_data.json,63200010,2026-05-19 17:23:01.160,2026-04-23 22:23:14.903,4,2,g1bnYRM2yN,com.sec.android.app.shealth,984ab237-838c-41d2-9231-8cba6d2d7430,2026-04-23 00:00:00.000,
63200010,5a7eeb60-e541-4c5c-9f00-d2bce91c9302.binning_data.json,63200010,2026-05-19 17:23:00.232,2026-04-25 00:08:26.082,1,2,g1bnYRM2yN,com.sec.android.app.shealth,5a7eeb60-e541-4c5c-9f00-d2bce91c9302,2026-04-24 00:00:00.000,
63200010,0877b482-c646-492e-991f-31d1803da5fb.binning_data.json,63200010,2026-05-19 17:23:00.875,2026-04-25 15:39:08.676,2,2,g1bnYRM2yN,com.sec.android.app.shealth,0877b482-c646-492e-991f-31d1803da5fb,2026-04-25 00:00:00.000,
63200010,44f955d3-c61b-43cc-bd1a-4247c52198ef.binning_data.json,63200010,2026-05-24 01:18:17.697,2026-04-26 09:41:02.301,28,2,g1bnYRM2yN,com.sec.android.app.shealth,44f955d3-c61b-43cc-bd1a-4247c52198ef,2026-04-26 00:00:00.000,
63200010,6a426786-b570-4b97-a238-a18ca244c9f9.binning_data.json,63200010,2026-05-24 01:18:18.155,2026-04-27 17:04:05.334,11,2,g1bnYRM2yN,com.sec.android.app.shealth,6a426786-b570-4b97-a238-a18ca244c9f9,2026-04-27 00:00:00.000,
63200010,d20cedc1-e3dc-403d-a8bb-ab416c2bddde.binning_data.json,63200010,2026-05-24 01:18:18.767,2026-04-28 22:26:54.363,8,2,g1bnYRM2yN,com.sec.android.app.shealth,d20cedc1-e3dc-403d-a8bb-ab416c2bddde,2026-04-28 00:00:00.000,
63200010,81bd378a-bd89-46f8-936f-6c17c2ef7dd4.binning_data.json,63200010,2026-05-24 01:18:17.835,2026-04-29 15:30:04.284,2,2,g1bnYRM2yN,com.sec.android.app.shealth,81bd378a-bd89-46f8-936f-6c17c2ef7dd4,2026-04-29 00:00:00.000,
63200010,60b24e7f-5849-44f8-9a7a-84e510df9d7a.binning_data.json,63200010,2026-05-24 01:18:18.517,2026-04-30 14:52:17.064,4,2,g1bnYRM2yN,com.sec.android.app.shealth,60b24e7f-5849-44f8-9a7a-84e510df9d7a,2026-04-30 00:00:00.000,
63200010,d2393afd-30f4-4a21-8651-781f7d8609ea.binning_data.json,63200010,2026-05-24 01:18:17.655,2026-05-01 05:24:20.897,2,2,g1bnYRM2yN,com.sec.android.app.shealth,d2393afd-30f4-4a21-8651-781f7d8609ea,2026-05-01 00:00:00.000,
63200010,c955a702-5c08-412c-94e2-8836224ad79e.binning_data.json,63200010,2026-05-29 22:10:56.311,2026-05-02 13:00:16.429,12,2,g1bnYRM2yN,com.sec.android.app.shealth,c955a702-5c08-412c-94e2-8836224ad79e,2026-05-02 00:00:00.000,
63200010,ca8e8d5c-d749-4fc2-b16b-2543fea7118c.binning_data.json,63200010,2026-05-29 22:10:57.069,2026-05-03 08:02:40.472,10,2,g1bnYRM2yN,com.sec.android.app.shealth,ca8e8d5c-d749-4fc2-b16b-2543fea7118c,2026-05-03 00:00:00.000,
63200010,708573e9-5a88-42e9-bfec-374d2cb95187.binning_data.json,63200010,2026-05-29 22:10:55.873,2026-05-05 02:10:05.928,2,2,g1bnYRM2yN,com.sec.android.app.shealth,708573e9-5a88-42e9-bfec-374d2cb95187,2026-05-04 00:00:00.000,
63200010,e78b5354-3c28-46f7-b235-7bd234bc2747.binning_data.json,63200010,2026-05-29 22:10:56.792,2026-05-06 00:05:14.615,2,2,g1bnYRM2yN,com.sec.android.app.shealth,e78b5354-3c28-46f7-b235-7bd234bc2747,2026-05-05 00:00:00.000,
63200010,67fcf908-c5cd-4d0b-a66c-507f333a0eb0.binning_data.json,63200010,2026-05-29 22:10:55.657,2026-05-07 03:01:37.360,2,2,g1bnYRM2yN,com.sec.android.app.shealth,67fcf908-c5cd-4d0b-a66c-507f333a0eb0,2026-05-06 00:00:00.000,
63200010,83e01128-6b9d-4500-9fdb-a76b9dd0a75f.binning_data.json,63200010,2026-05-29 22:10:56.889,2026-05-08 21:37:03.406,6,2,g1bnYRM2yN,com.sec.android.app.shealth,83e01128-6b9d-4500-9fdb-a76b9dd0a75f,2026-05-08 00:00:00.000,
63200010,9345e8da-1e70-4a16-ac87-5cc5e642500f.binning_data.json,63200010,2026-05-29 22:10:56.059,2026-05-09 12:28:52.640,5,2,g1bnYRM2yN,com.sec.android.app.shealth,9345e8da-1e70-4a16-ac87-5cc5e642500f,2026-05-09 00:00:00.000,
63200010,163201c9-67ec-465c-b4cf-b7fc9c81ede4.binning_data.json,63200010,2026-06-06 20:24:26.540,2026-05-10 17:28:14.148,1,2,g1bnYRM2yN,com.sec.android.app.shealth,163201c9-67ec-465c-b4cf-b7fc9c81ede4,2026-05-10 00:00:00.000,
63200010,4760c37b-28f6-4900-a352-e410bf8f7f1b.binning_data.json,63200010,2026-06-06 20:24:26.325,2026-05-12 22:32:14.026,3,2,g1bnYRM2yN,com.sec.android.app.shealth,4760c37b-28f6-4900-a352-e410bf8f7f1b,2026-05-12 00:00:00.000,
63200010,da2fb9ba-7a98-4992-be35-544c570a8c84.binning_data.json,63200010,2026-06-06 20:24:26.570,2026-05-13 20:34:28.644,3,2,g1bnYRM2yN,com.sec.android.app.shealth,da2fb9ba-7a98-4992-be35-544c570a8c84,2026-05-13 00:00:00.000,
63200010,be105f55-6340-4bdf-b44b-9f3a4222fd36.binning_data.json,63200010,2026-06-06 20:24:25.923,2026-05-14 20:37:04.833,5,2,g1bnYRM2yN,com.sec.android.app.shealth,be105f55-6340-4bdf-b44b-9f3a4222fd36,2026-05-14 00:00:00.000,
63200010,fa64e9ac-1a1c-4570-80cd-e3edc55b1289.binning_data.json,63200010,2026-06-06 20:24:25.741,2026-05-16 15:41:40.141,4,2,g1bnYRM2yN,com.sec.android.app.shealth,fa64e9ac-1a1c-4570-80cd-e3edc55b1289,2026-05-16 00:00:00.000,
63200010,0d5763e2-0d87-4dad-9c2f-3bf897080349.binning_data.json,63200010,2026-06-06 20:24:26.274,2026-05-17 15:01:18.674,4,2,g1bnYRM2yN,com.sec.android.app.shealth,0d5763e2-0d87-4dad-9c2f-3bf897080349,2026-05-17 00:00:00.000,
63200010,333762e5-9599-4e69-8700-07fd9090b0be.binning_data.json,63200010,2026-06-06 20:24:26.682,2026-05-18 15:21:16.343,4,2,g1bnYRM2yN,com.sec.android.app.shealth,333762e5-9599-4e69-8700-07fd9090b0be,2026-05-18 00:00:00.000,
63200010,84f1140f-fdb3-42fb-840a-acfb3b0c72f6.binning_data.json,63200010,2026-06-06 20:24:25.847,2026-05-19 17:22:56.239,3,2,g1bnYRM2yN,com.sec.android.app.shealth,84f1140f-fdb3-42fb-840a-acfb3b0c72f6,2026-05-19 00:00:00.000,
63200010,b9362545-e504-4994-966e-4214208e315b.binning_data.json,63200010,2026-06-16 21:46:56.003,2026-05-20 21:53:46.322,6,2,g1bnYRM2yN,com.sec.android.app.shealth,b9362545-e504-4994-966e-4214208e315b,2026-05-20 00:00:00.000,
63200010,3af08ff8-d848-484d-b85c-9b3f1ffef58a.binning_data.json,63200010,2026-06-17 16:35:28.682,2026-05-21 22:38:24.199,1,2,g1bnYRM2yN,com.sec.android.app.shealth,3af08ff8-d848-484d-b85c-9b3f1ffef58a,2026-05-21 00:00:00.000,
63200010,2a8c9e80-4f41-49ca-a8dd-d400497f401b.binning_data.json,63200010,2026-06-17 16:35:29.066,2026-05-22 21:38:16.184,6,2,g1bnYRM2yN,com.sec.android.app.shealth,2a8c9e80-4f41-49ca-a8dd-d400497f401b,2026-05-22 00:00:00.000,
63200010,1046b472-4929-449c-b796-a8dfca12eca3.binning_data.json,63200010,2026-06-19 18:51:21.870,2026-05-24 01:18:18.628,1,2,g1bnYRM2yN,com.sec.android.app.shealth,1046b472-4929-449c-b796-a8dfca12eca3,2026-05-23 00:00:00.000,
63200010,04302c8e-394a-4b5d-98c7-c3e6212f5d01.binning_data.json,63200010,2026-06-20 14:04:28.179,2026-05-25 22:59:12.870,1,2,g1bnYRM2yN,com.sec.android.app.shealth,04302c8e-394a-4b5d-98c7-c3e6212f5d01,2026-05-25 00:00:00.000,
63200010,abdc05ff-1a46-4725-8110-a2f63d854d90.binning_data.json,63200010,2026-06-22 13:05:45.231,2026-05-26 22:27:37.115,6,2,g1bnYRM2yN,com.sec.android.app.shealth,abdc05ff-1a46-4725-8110-a2f63d854d90,2026-05-26 00:00:00.000,
63200010,8a2241b6-0cca-4f29-b36c-6310fa6b286a.binning_data.json,63200010,2026-06-22 13:05:46.871,2026-05-27 22:21:08.524,2,2,g1bnYRM2yN,com.sec.android.app.shealth,8a2241b6-0cca-4f29-b36c-6310fa6b286a,2026-05-27 00:00:00.000,
63200010,f1163d21-0264-4216-a71b-cde9e266b126.binning_data.json,63200010,2026-06-22 13:05:48.460,2026-05-28 19:23:06.962,4,2,g1bnYRM2yN,com.sec.android.app.shealth,f1163d21-0264-4216-a71b-cde9e266b126,2026-05-28 00:00:00.000,
63200010,9e17cb94-e73c-4716-b695-ae8f7dc510d9.binning_data.json,63200010,2026-06-22 13:05:46.106,2026-05-29 22:10:55.526,1,2,g1bnYRM2yN,com.sec.android.app.shealth,9e17cb94-e73c-4716-b695-ae8f7dc510d9,2026-05-29 00:00:00.000,
63200010,98279d6d-ffa9-4f7c-a105-0a53ae44c875.binning_data.json,63200010,2026-06-27 20:01:11.614,2026-05-31 12:58:10.897,2,2,g1bnYRM2yN,com.sec.android.app.shealth,98279d6d-ffa9-4f7c-a105-0a53ae44c875,2026-05-31 00:00:00.000,
63200010,24a26c38-abf4-40b5-8e6d-aead9c90753a.binning_data.json,63200010,2026-06-27 20:01:12.165,2026-06-01 15:54:47.632,5,2,g1bnYRM2yN,com.sec.android.app.shealth,24a26c38-abf4-40b5-8e6d-aead9c90753a,2026-06-01 00:00:00.000,
63200010,44fd5422-c69a-4898-b02e-fc9be7f8679d.binning_data.json,63200010,2026-06-27 20:01:12.860,2026-06-02 21:59:50.909,2,2,g1bnYRM2yN,com.sec.android.app.shealth,44fd5422-c69a-4898-b02e-fc9be7f8679d,2026-06-02 00:00:00.000,
63200010,e68df12f-c6c8-448f-aed1-b7a912f2800b.binning_data.json,63200010,2026-06-27 20:01:11.835,2026-06-04 02:13:28.061,1,2,g1bnYRM2yN,com.sec.android.app.shealth,e68df12f-c6c8-448f-aed1-b7a912f2800b,2026-06-03 00:00:00.000,
63200010,56d6df2b-5c8e-4fd7-b1be-2817dd914c9a.binning_data.json,70001070,2026-07-01 19:15:42.667,2026-06-04 15:24:04.954,5,2,g1bnYRM2yN,com.sec.android.app.shealth,56d6df2b-5c8e-4fd7-b1be-2817dd914c9a,2026-06-04 00:00:00.000,
63200010,1d25c7d4-7a32-44d9-8077-7b26d0af7108.binning_data.json,70001070,2026-07-01 19:15:41.540,2026-06-05 14:30:50.164,2,2,g1bnYRM2yN,com.sec.android.app.shealth,1d25c7d4-7a32-44d9-8077-7b26d0af7108,2026-06-05 00:00:00.000,
63200010,dd6421db-0512-448e-833b-b27de3564f9b.binning_data.json,70001070,2026-07-01 19:15:42.566,2026-06-06 20:24:26.055,2,2,g1bnYRM2yN,com.sec.android.app.shealth,dd6421db-0512-448e-833b-b27de3564f9b,2026-06-06 00:00:00.000,
63200010,e17f4215-de32-4b8f-a136-3fab1b4b928f.binning_data.json,70001070,2026-07-06 13:52:09.604,2026-06-09 22:02:57.666,2,2,g1bnYRM2yN,com.sec.android.app.shealth,e17f4215-de32-4b8f-a136-3fab1b4b928f,2026-06-09 00:00:00.000,
63200010,4198879b-8d6b-4b90-acce-61e5f72ed6d5.binning_data.json,70001070,2026-07-06 13:52:08.557,2026-06-10 13:07:35.730,5,2,g1bnYRM2yN,com.sec.android.app.shealth,4198879b-8d6b-4b90-acce-61e5f72ed6d5,2026-06-10 00:00:00.000,
63200010,55ba9c21-ee78-4ec3-adc0-04cf9093beb3.binning_data.json,70001070,2026-07-08 11:48:16.326,2026-06-11 22:10:19.567,3,2,g1bnYRM2yN,com.sec.android.app.shealth,55ba9c21-ee78-4ec3-adc0-04cf9093beb3,2026-06-11 00:00:00.000,
63200010,ad1b1d7a-1be1-4c05-be5b-6ef94f0eb4db.binning_data.json,70001070,2026-07-09 23:34:52.915,2026-06-12 22:25:07.433,2,2,g1bnYRM2yN,com.sec.android.app.shealth,ad1b1d7a-1be1-4c05-be5b-6ef94f0eb4db,2026-06-12 00:00:00.000,
63200010,0b72033b-7fde-4ac3-9889-e3e8ca6d2523.binning_data.json,70001070,2026-07-10 06:03:08.759,2026-06-13 12:38:26.943,4,2,g1bnYRM2yN,com.sec.android.app.shealth,0b72033b-7fde-4ac3-9889-e3e8ca6d2523,2026-06-13 00:00:00.000,
63200010,3f25236b-8e63-4954-861c-98e54f8d4670.binning_data.json,70001070,2026-07-12 19:57:45.664,2026-06-16 21:46:55.522,3,2,g1bnYRM2yN,com.sec.android.app.shealth,3f25236b-8e63-4954-861c-98e54f8d4670,2026-06-16 00:00:00.000,
63200010,df3e751d-d50b-49ea-af1d-46527131bbaf.binning_data.json,70001070,2026-07-15 01:53:03.615,2026-06-17 16:35:28.498,1,2,g1bnYRM2yN,com.sec.android.app.shealth,df3e751d-d50b-49ea-af1d-46527131bbaf,2026-06-17 00:00:00.000,
63200010,a053ff02-e017-482d-a1bb-a07208f02223.binning_data.json,70001070,2026-07-15 01:53:02.574,2026-06-18 15:26:58.123,1,2,g1bnYRM2yN,com.sec.android.app.shealth,a053ff02-e017-482d-a1bb-a07208f02223,2026-06-18 00:00:00.000,
63200010,5cbf46a4-374d-40e1-8195-f351af82a3a1.binning_data.json,70001070,2026-07-16 22:17:29.396,2026-06-19 18:51:21.598,7,2,g1bnYRM2yN,com.sec.android.app.shealth,5cbf46a4-374d-40e1-8195-f351af82a3a1,2026-06-19 00:00:00.000,
63200010,6b0a6b15-a5f1-4d93-b748-da5768bfdc6c.binning_data.json,70050090,2026-07-17 11:36:32.151,2026-06-20 14:04:27.511,4,2,g1bnYRM2yN,com.sec.android.app.shealth,6b0a6b15-a5f1-4d93-b748-da5768bfdc6c,2026-06-20 00:00:00.000,
63200010,3129a099-b2e5-4f6b-95f1-8b3cd76834b8.binning_data.json,70050090,2026-07-17 11:36:32.539,2026-06-22 13:05:46.190,1,2,g1bnYRM2yN,com.sec.android.app.shealth,3129a099-b2e5-4f6b-95f1-8b3cd76834b8,2026-06-21 00:00:00.000,
63200010,f51fb9ec-3e61-464f-af03-2df223730f27.binning_data.json,70050090,2026-07-17 11:36:33.019,2026-06-22 22:55:12.487,1,2,g1bnYRM2yN,com.sec.android.app.shealth,f51fb9ec-3e61-464f-af03-2df223730f27,2026-06-22 00:00:00.000,
63200010,e1fd6083-5b19-4760-b952-838c0506a702.binning_data.json,70050090,2026-07-21 23:59:17.526,2026-06-24 20:38:46.205,4,2,g1bnYRM2yN,com.sec.android.app.shealth,e1fd6083-5b19-4760-b952-838c0506a702,2026-06-24 00:00:00.000,
63200010,e24fcb18-061b-419e-aec6-f9a731cbfe1a.binning_data.json,70050090,2026-07-21 23:59:14.991,2026-06-25 21:09:08.338,1,2,g1bnYRM2yN,com.sec.android.app.shealth,e24fcb18-061b-419e-aec6-f9a731cbfe1a,2026-06-25 00:00:00.000,
63200010,aca1b2fa-7b88-457d-b7e6-a43c0d678c78.binning_data.json,70050090,2026-07-24 21:34:27.074,2026-06-27 20:01:12.798,1,2,g1bnYRM2yN,com.sec.android.app.shealth,aca1b2fa-7b88-457d-b7e6-a43c0d678c78,2026-06-27 00:00:00.000,
63200010,c35d4f85-7985-4e3a-bc1e-592350528a40.binning_data.json,70050090,2026-07-24 21:34:25.825,2026-06-28 04:07:10.960,4,2,g1bnYRM2yN,com.sec.android.app.shealth,c35d4f85-7985-4e3a-bc1e-592350528a40,2026-06-28 00:00:00.000,
63200010,718cb571-8099-4806-a5dd-ef7ba130e136.binning_data.json,70050090,2026-07-26 14:16:36.118,2026-06-29 19:20:46.397,1,2,g1bnYRM2yN,com.sec.android.app.shealth,718cb571-8099-4806-a5dd-ef7ba130e136,2026-06-29 00:00:00.000,
70001070,08e38cb7-ea83-4eb0-b817-68a2bcbbca2e.binning_data.json,70050090,2026-07-27 21:38:48.878,2026-07-01 19:15:42.599,1,2,g1bnYRM2yN,com.sec.android.app.shealth,08e38cb7-ea83-4eb0-b817-68a2bcbbca2e,2026-07-01 00:00:00.000,
70001070,c6a0d701-bb20-461b-8230-e4044a4089e1.binning_data.json,70050090,2026-07-27 21:38:49.704,2026-07-02 13:00:04.044,2,2,g1bnYRM2yN,com.sec.android.app.shealth,c6a0d701-bb20-461b-8230-e4044a4089e1,2026-07-02 00:00:00.000,
70001070,11bbad6b-51a6-47db-ac89-648c163e666b.binning_data.json,70060030,2026-07-30 18:23:06.129,2026-07-03 10:47:29.712,10,2,g1bnYRM2yN,com.sec.android.app.shealth,11bbad6b-51a6-47db-ac89-648c163e666b,2026-07-03 00:00:00.000,
70001070,5dc086a9-9852-4a37-bfba-a5eb65857cab.binning_data.json,70060030,2026-07-31 22:18:37.850,2026-07-04 04:20:35.727,45,2,g1bnYRM2yN,com.sec.android.app.shealth,5dc086a9-9852-4a37-bfba-a5eb65857cab,2026-07-04 00:00:00.000,
70001070,c56f2ccb-8b42-493c-94dc-d9234034e737.binning_data.json,70060030,2026-08-02 00:36:39.935,2026-07-06 00:00:08.253,2,2,g1bnYRM2yN,com.sec.android.app.shealth,c56f2ccb-8b42-493c-94dc-d9234034e737,2026-07-05 00:00:00.000,
70001070,d5d63723-1511-4ee2-8723-ac748eb04529.binning_data.json,70060030,2026-08-02 00:36:40.629,2026-07-06 13:52:08.181,21,2,g1bnYRM2yN,com.sec.android.app.shealth,d5d63723-1511-4ee2-8723-ac748eb04529,2026-07-06 00:00:00.000,
70001070,9a783d26-419d-4796-bf77-57a2a10da173.binning_data.json,70060030,2026-08-04 20:45:14.865,2026-07-08 11:48:15.761,3,2,SUfFQTLN3q,com.sec.android.app.shealth,9a783d26-419d-4796-bf77-57a2a10da173,2026-07-08 00:00:00.000,
70001070,a831c403-e38a-4f14-9b6d-836c9ce2d763.binning_data.json,70060030,2026-08-05 11:55:32.168,2026-07-09 13:17:37.939,25,2,SUfFQTLN3q,com.sec.android.app.shealth,a831c403-e38a-4f14-9b6d-836c9ce2d763,2026-07-09 00:00:00.000,
70001070,eaf07d33-09e1-43d8-bf0b-fda6e31b3bfb.binning_data.json,70060030,2026-08-05 11:55:31.553,2026-07-10 06:03:05.437,6,2,SUfFQTLN3q,com.sec.android.app.shealth,eaf07d33-09e1-43d8-bf0b-fda6e31b3bfb,2026-07-10 00:00:00.000,
70001070,033c6700-e33a-4c00-a928-9d60b31cf4b6.binning_data.json,70060030,2026-08-05 11:55:31.857,2026-07-11 13:21:12.312,1,2,SUfFQTLN3q,com.sec.android.app.shealth,033c6700-e33a-4c00-a928-9d60b31cf4b6,2026-07-11 00:00:00.000,
70001070,ab4df286-2b94-4bb6-bd54-5651d828726a.binning_data.json,70060030,2026-08-05 11:55:31.375,2026-07-12 07:20:04.023,151,2,SUfFQTLN3q,com.sec.android.app.shealth,ab4df286-2b94-4bb6-bd54-5651d828726a,2026-07-12 00:00:00.000,
70001070,d744aa0b-0f94-4a65-af36-aa267b6154fa.binning_data.json,70060030,2026-08-05 11:55:32.127,2026-07-14 13:42:00.273,7,2,SUfFQTLN3q,com.sec.android.app.shealth,d744aa0b-0f94-4a65-af36-aa267b6154fa,2026-07-14 00:00:00.000,
70001070,9ad099a1-2776-47d2-8b0a-3b06463f565e.binning_data.json,70060030,2026-08-05 11:55:31.497,2026-07-15 13:43:46.556,4,2,SUfFQTLN3q,com.sec.android.app.shealth,9ad099a1-2776-47d2-8b0a-3b06463f565e,2026-07-15 00:00:00.000,
70001070,94b33acd-dc00-451c-8525-e09bd153b33a.binning_data.json,70060030,2026-08-05 11:55:31.790,2026-07-16 22:17:27.596,4,2,SUfFQTLN3q,com.sec.android.app.shealth,94b33acd-dc00-451c-8525-e09bd153b33a,2026-07-16 00:00:00.000,
70050090,96a33414-cb21-459a-805a-a094e064b676.binning_data.json,70060030,2026-08-05 11:55:31.287,2026-07-17 22:19:32.712,1,2,SUfFQTLN3q,com.sec.android.app.shealth,96a33414-cb21-459a-805a-a094e064b676,2026-07-17 00:00:00.000,
70050090,4a5956eb-f28d-4afd-9eb8-4196a2a7462e.binning_data.json,70060030,2026-08-05 11:55:31.762,2026-07-18 12:53:05.070,2,2,SUfFQTLN3q,com.sec.android.app.shealth,4a5956eb-f28d-4afd-9eb8-4196a2a7462e,2026-07-18 00:00:00.000,
70050090,f31c482e-852f-44e8-978d-a9b4bb1e8a30.binning_data.json,70060030,2026-08-05 11:55:32.088,2026-07-19 04:44:44.774,5,2,SUfFQTLN3q,com.sec.android.app.shealth,f31c482e-852f-44e8-978d-a9b4bb1e8a30,2026-07-19 00:00:00.000,
70050090,c163b128-04f2-4cb6-a419-4a2081aa4892.binning_data.json,70060030,2026-08-05 11:55:32.036,2026-07-21 20:51:53.921,5,2,SUfFQTLN3q,com.sec.android.app.shealth,c163b128-04f2-4cb6-a419-4a2081aa4892,2026-07-21 00:00:00.000,
70050090,266b80e0-bcc5-4a41-8d37-694ff744c9bd.binning_data.json,70060030,2026-08-05 11:55:32.335,2026-07-24 21:34:26.982,1,2,SUfFQTLN3q,com.sec.android.app.shealth,266b80e0-bcc5-4a41-8d37-694ff744c9bd,2026-07-24 00:00:00.000,
70050090,9382a9d0-c74c-448d-8d45-bb7d1c136519.binning_data.json,70060030,2026-08-05 11:55:31.940,2026-07-26 14:16:35.634,3,2,SUfFQTLN3q,com.sec.android.app.shealth,9382a9d0-c74c-448d-8d45-bb7d1c136519,2026-07-26 00:00:00.000,
70050090,57101d41-6a81-4507-a674-9ca08b789b85.binning_data.json,70060030,2026-08-05 11:55:31.250,2026-07-27 21:38:47.899,1,2,SUfFQTLN3q,com.sec.android.app.shealth,57101d41-6a81-4507-a674-9ca08b789b85,2026-07-27 00:00:00.000,
70060030,2e3e019f-384d-4eb7-8577-0de887550671.binning_data.json,70060030,2026-08-05 11:55:31.430,2026-07-30 18:23:05.724,10,2,SUfFQTLN3q,com.sec.android.app.shealth,2e3e019f-384d-4eb7-8577-0de887550671,2026-07-30 00:00:00.000,
70060030,987910ab-c1f4-4341-99db-54d327cd33be.binning_data.json,70060030,2026-08-05 11:55:31.896,2026-07-31 22:18:36.769,3,2,SUfFQTLN3q,com.sec.android.app.shealth,987910ab-c1f4-4341-99db-54d327cd33be,2026-07-31 00:00:00.000,
70060030,15e39b20-f8f5-4704-a672-5eb4cea41ae4.binning_data.json,70060030,2026-08-05 11:55:32.401,2026-08-02 00:36:39.792,1,2,SUfFQTLN3q,com.sec.android.app.shealth,15e39b20-f8f5-4704-a672-5eb4cea41ae4,2026-08-01 00:00:00.000,
70060030,256c8a1d-6b61-434f-b9b8-a87cbc609d8e.binning_data.json,70060030,2026-08-05 11:55:31.716,2026-08-02 20:31:02.126,1,2,SUfFQTLN3q,com.sec.android.app.shealth,256c8a1d-6b61-434f-b9b8-a87cbc609d8e,2026-08-02 00:00:00.000,
70060030,6214f091-7cb3-4901-b5e8-bbe46c2e8f51.binning_data.json,70060030,2026-08-05 11:57:31.713,2026-08-04 20:45:14.349,10,2,SUfFQTLN3q,com.sec.android.app.shealth,6214f091-7cb3-4901-b5e8-bbe46c2e8f51,2026-08-04 00:00:00.000,
70060030,32ca5f16-869b-402e-adad-3709be318ba2.binning_data.json,70060030,2026-08-05 22:44:19.296,2026-08-05 16:51:16.816,4,2,SUfFQTLN3q,com.sec.android.app.shealth,32ca5f16-869b-402e-adad-3709be318ba2,2026-08-05 00:00:00.000,
