com.samsung.health.user_profile,7006003,10
text_value,create_sh_ver,float_value,modify_sh_ver,update_time,create_time,long_value,key,blob_value,int_value,deviceuuid,pkg_name,double_value,datauuid
kg,,,,1970-01-01 00:00:00.001,1970-01-01 00:00:00.001,,weight_unit,,,g1bnYRM2yN,com.sec.android.app.shealth,,00000000-0000-0000-0000-000000000007,
cm,,,,1970-01-01 00:00:00.001,1970-01-01 00:00:00.001,,height_unit,,,g1bnYRM2yN,com.sec.android.app.shealth,,00000000-0000-0000-0000-000000000009,
km,,,,1970-01-01 00:00:00.001,1970-01-01 00:00:00.001,,distance_unit,,,g1bnYRM2yN,com.sec.android.app.shealth,,00000000-0000-0000-0000-00000000000c,
C,,,,1970-01-01 00:00:00.001,1970-01-01 00:00:00.001,,temperature_unit,,,g1bnYRM2yN,com.sec.android.app.shealth,,00000000-0000-0000-0000-00000000000d,
mg/dL,,,,1970-01-01 00:00:00.001,1970-01-01 00:00:00.001,,blood_glucose_unit,,,g1bnYRM2yN,com.sec.android.app.shealth,,00000000-0000-0000-0000-00000000000e,
%,,,,1970-01-01 00:00:00.001,1970-01-01 00:00:00.001,,hba1c_unit,,,g1bnYRM2yN,com.sec.android.app.shealth,,00000000-0000-0000-0000-000000000012,
mmHg,,,,1970-01-01 00:00:00.001,1970-01-01 00:00:00.001,,blood_pressure_unit,,,g1bnYRM2yN,com.sec.android.app.shealth,,00000000-0000-0000-0000-000000000013,
ml,,,,1970-01-01 00:00:00.001,1970-01-01 00:00:00.001,,water_unit,,,g1bnYRM2yN,com.sec.android.app.shealth,,00000000-0000-0000-0000-000000000014,
20040410,,,,2024-01-27 16:02:39.092,2024-01-27 16:02:39.117,,birth_date,,,g1bnYRM2yN,com.sec.android.app.shealth,,00000000-0000-0000-0000-00000000000a,
BRA,,,,2024-01-27 16:02:39.112,2024-01-27 16:02:39.130,,country,,,g1bnYRM2yN,com.sec.android.app.shealth,,00000000-0000-0000-0000-000000000001,
Jota,62710150,,62710150,1970-01-01 00:00:00.000,2024-08-10 10:00:42.580,,name,,,g1bnYRM2yN,com.sec.android.app.shealth,,00000000-0000-0000-0000-000000000004,
,63051050,,63051050,2025-11-05 18:25:36.546,2025-11-04 19:11:57.762,,dashboard_config,00000000-0000-0000-0000-000000000016.dashboard_config.json,,g1bnYRM2yN,com.sec.android.app.shealth,,00000000-0000-0000-0000-000000000016,
,70001070,,70060030,2026-08-06 00:16:14.854,2026-06-30 18:05:10.597,,intention_survey,00000000-0000-0000-0000-00000000001c.intention_survey.json,,SUfFQTLN3q,com.sec.android.app.shealth,,00000000-0000-0000-0000-00000000001c,
,63060070,59.0,63060070,2025-11-25 12:49:59.125,2025-11-25 12:49:59.525,,weight,,,g1bnYRM2yN,com.sec.android.app.shealth,,00000000-0000-0000-0000-000000000006,
,63070030,,63070030,2026-02-13 18:44:40.697,2026-02-13 18:44:40.703,,image_type,,,g1bnYRM2yN,com.sec.android.app.shealth,,00000000-0000-0000-0000-000000000018,
M,63070030,,63070030,2026-02-13 18:44:40.698,2026-02-13 18:44:40.737,,gender_extended,,,g1bnYRM2yN,com.sec.android.app.shealth,,00000000-0000-0000-0000-000000000022,
,63070030,,63070030,2026-02-13 18:44:40.699,2026-02-13 18:44:40.740,,image,00000000-0000-0000-0000-000000000002.image.,,g1bnYRM2yN,com.sec.android.app.shealth,,00000000-0000-0000-0000-000000000002,
,63070030,180.0,63070030,2026-02-13 18:44:40.696,2026-02-13 18:44:40.853,,height,,,g1bnYRM2yN,com.sec.android.app.shealth,,00000000-0000-0000-0000-000000000008,
M,63070030,,63070030,2026-02-13 18:44:40.698,2026-02-13 18:44:40.915,,gender,,,g1bnYRM2yN,com.sec.android.app.shealth,,00000000-0000-0000-0000-000000000005,
,63070030,,63070030,2026-02-13 18:44:40.698,2026-02-13 18:44:40.920,,activity_type,,180004,g1bnYRM2yN,com.sec.android.app.shealth,,00000000-0000-0000-0000-00000000000b,
5519999035345,63070030,,63070030,2026-02-13 18:54:30.154,2026-02-13 18:54:30.157,,phone_number,,,g1bnYRM2yN,com.sec.android.app.shealth,,00000000-0000-0000-0000-000000000021,
130073174,63070030,,63070030,2026-02-13 18:54:38.679,2026-02-13 18:54:38.684,,social_id,,,g1bnYRM2yN,com.sec.android.app.shealth,,00000000-0000-0000-0000-000000000015,
,70001070,,70060030,2026-08-06 00:30:49.392,2026-07-14 14:59:57.154,,home_tile_config,00000000-0000-0000-0000-000000000023.home_tile_config.json,,SUfFQTLN3q,com.sec.android.app.shealth,,00000000-0000-0000-0000-000000000023,
