com.samsung.health.water_intake,7006003,6
start_time,amount,custom,update_time,create_time,client_data_id,client_data_ver,time_offset,deviceuuid,unit_amount,comment,pkg_name,datauuid
2025-11-04 19:10:17.000,250.0,,2025-11-04 19:10:17.000,2025-11-04 19:12:11.979,,,UTC-0300,yeLoKu9/uD,250.0,,com.sec.android.app.shealth,32336130-315f-3731-3433-383232363731,
2025-11-04 19:10:17.000,250.0,,2025-11-04 19:10:17.000,2025-11-04 19:12:11.979,,,UTC-0300,yeLoKu9/uD,250.0,,com.sec.android.app.shealth,34336130-315f-3731-3433-383232363731,
2025-11-04 19:10:18.000,250.0,,2025-11-04 19:10:18.000,2025-11-04 19:12:11.979,,,UTC-0300,yeLoKu9/uD,250.0,,com.sec.android.app.shealth,36336130-315f-3831-3433-383232363731,
2025-11-04 19:10:18.000,250.0,,2025-11-04 19:10:18.000,2025-11-04 19:12:11.979,,,UTC-0300,yeLoKu9/uD,250.0,,com.sec.android.app.shealth,37336130-315f-3831-3433-383232363731,
2025-11-04 19:10:18.000,250.0,,2025-11-04 19:10:18.000,2025-11-04 19:12:11.979,,,UTC-0300,yeLoKu9/uD,250.0,,com.sec.android.app.shealth,38336130-315f-3831-3433-383232363731,
2025-11-04 19:10:19.000,250.0,,2025-11-04 19:10:19.000,2025-11-04 19:12:11.979,,,UTC-0300,yeLoKu9/uD,250.0,,com.sec.android.app.shealth,61336130-315f-3931-3433-383232363731,
2025-11-04 19:10:19.000,250.0,,2025-11-04 19:10:19.000,2025-11-04 19:12:11.979,,,UTC-0300,yeLoKu9/uD,250.0,,com.sec.android.app.shealth,63336130-315f-3931-3433-383232363731,
2025-11-04 19:10:20.000,250.0,,2025-11-04 19:10:20.000,2025-11-04 19:12:11.980,,,UTC-0300,yeLoKu9/uD,250.0,,com.sec.android.app.shealth,65336130-315f-3032-3433-383232363731,
2025-11-04 19:10:20.000,250.0,,2025-11-04 19:10:20.000,2025-11-04 19:12:11.980,,,UTC-0300,yeLoKu9/uD,250.0,,com.sec.android.app.shealth,31346130-315f-3032-3433-383232363731,
2025-11-04 19:10:21.000,250.0,,2025-11-04 19:10:21.000,2025-11-04 19:12:11.980,,,UTC-0300,yeLoKu9/uD,250.0,,com.sec.android.app.shealth,35346130-315f-3132-3433-383232363731,
2025-11-05 13:43:52.000,250.0,,2025-11-05 13:43:52.000,2025-11-05 13:43:52.765,,,UTC-0300,yeLoKu9/uD,250.0,,com.sec.android.app.shealth,61643330-355f-3233-3230-353332363731,
2025-11-05 14:04:31.000,250.0,,2025-11-05 14:04:31.000,2025-11-05 14:04:31.953,,,UTC-0300,yeLoKu9/uD,250.0,,com.sec.android.app.shealth,39623631-355f-3137-3431-353332363731,
2025-11-05 14:04:32.000,250.0,,2025-11-05 14:04:32.000,2025-11-05 14:04:32.510,,,UTC-0300,yeLoKu9/uD,250.0,,com.sec.android.app.shealth,63623631-355f-3237-3431-353332363731,
2025-11-05 17:30:04.000,250.0,,2025-11-05 17:30:04.000,2025-11-05 17:30:05.807,,,UTC-0300,yeLoKu9/uD,250.0,,com.sec.android.app.shealth,32383264-355f-3430-3833-363332363731,
2025-11-05 17:30:05.000,250.0,,2025-11-05 17:30:05.000,2025-11-05 17:30:06.509,,,UTC-0300,yeLoKu9/uD,250.0,,com.sec.android.app.shealth,35383264-355f-3530-3833-363332363731,
2025-11-05 17:30:06.000,250.0,,2025-11-05 17:30:06.000,2025-11-05 17:30:07.928,,,UTC-0300,yeLoKu9/uD,250.0,,com.sec.android.app.shealth,61383264-355f-3630-3833-363332363731,
2025-11-05 18:18:27.000,250.0,,2025-11-05 18:18:27.000,2025-11-05 18:18:28.338,,,UTC-0300,yeLoKu9/uD,250.0,,com.sec.android.app.shealth,38396566-355f-3730-3736-363332363731,
2025-11-05 18:18:27.000,250.0,,2025-11-05 18:18:27.000,2025-11-05 18:18:28.645,,,UTC-0300,yeLoKu9/uD,250.0,,com.sec.android.app.shealth,61396566-355f-3730-3736-363332363731,
2025-11-06 12:36:06.000,250.0,,2025-11-06 12:36:06.000,2025-11-06 12:36:07.540,,,UTC-0300,yeLoKu9/uD,250.0,,com.sec.android.app.shealth,62343965-395f-3636-3532-333432363731,
2025-11-06 13:13:35.000,250.0,,2025-11-06 13:13:35.000,2025-11-06 13:13:37.484,,,UTC-0300,yeLoKu9/uD,250.0,,com.sec.android.app.shealth,61366230-615f-3531-3834-333432363731,
2025-11-06 13:13:36.000,250.0,,2025-11-06 13:13:36.000,2025-11-06 13:13:37.941,,,UTC-0300,yeLoKu9/uD,250.0,,com.sec.android.app.shealth,63366230-615f-3631-3834-333432363731,
2025-11-06 13:13:36.000,250.0,,2025-11-06 13:13:36.000,2025-11-06 13:13:38.241,,,UTC-0300,yeLoKu9/uD,250.0,,com.sec.android.app.shealth,65366230-615f-3631-3834-333432363731,
2025-11-06 14:04:24.000,250.0,,2025-11-06 14:04:24.000,2025-11-06 14:04:26.208,,,UTC-0300,yeLoKu9/uD,250.0,,com.sec.android.app.shealth,66623933-615f-3436-3837-333432363731,
2025-11-06 14:04:24.000,250.0,,2025-11-06 14:04:24.000,2025-11-06 14:04:26.572,,,UTC-0300,yeLoKu9/uD,250.0,,com.sec.android.app.shealth,30633933-615f-3436-3837-333432363731,
2025-11-06 14:04:25.000,250.0,,2025-11-06 14:04:25.000,2025-11-06 14:04:26.735,,,UTC-0300,yeLoKu9/uD,250.0,,com.sec.android.app.shealth,31633933-615f-3536-3837-333432363731,
2025-11-06 14:04:25.000,250.0,,2025-11-06 14:04:25.000,2025-11-06 14:04:27.791,,,UTC-0300,yeLoKu9/uD,250.0,,com.sec.android.app.shealth,33633933-615f-3536-3837-333432363731,
2025-11-06 15:54:36.000,250.0,,2025-11-06 15:54:36.000,2025-11-06 15:54:38.013,,,UTC-0300,yeLoKu9/uD,250.0,,com.sec.android.app.shealth,36366539-615f-3637-3434-343432363731,
2025-11-06 15:54:37.000,250.0,,2025-11-06 15:54:37.000,2025-11-06 15:54:38.169,,,UTC-0300,yeLoKu9/uD,250.0,,com.sec.android.app.shealth,36366539-615f-3737-3434-343432363731,
2025-11-06 15:54:39.000,250.0,,2025-11-06 15:54:39.000,2025-11-06 15:54:40.543,,,UTC-0300,yeLoKu9/uD,250.0,,com.sec.android.app.shealth,30376539-615f-3937-3434-343432363731,
2025-11-06 23:45:05.000,250.0,,2025-11-06 23:45:05.000,2025-11-06 23:45:04.757,,,UTC-0300,yeLoKu9/uD,250.0,,com.sec.android.app.shealth,62623934-635f-3530-3732-373432363731,
2025-11-06 23:45:05.000,250.0,,2025-11-06 23:45:05.000,2025-11-06 23:45:05.345,,,UTC-0300,yeLoKu9/uD,250.0,,com.sec.android.app.shealth,63623934-635f-3530-3732-373432363731,
2025-11-07 13:37:06.000,250.0,,2025-11-07 13:37:06.000,2025-11-07 13:37:07.860,,,UTC-0300,yeLoKu9/uD,250.0,,com.sec.android.app.shealth,36393234-665f-3632-3632-323532363731,
2025-11-07 15:07:04.000,250.0,,2025-11-07 15:07:04.000,2025-11-07 15:07:05.649,,,UTC-0300,yeLoKu9/uD,250.0,,com.sec.android.app.shealth,37613439-665f-3432-3038-323532363731,
2025-11-10 13:56:54.000,250.0,,2025-11-10 13:56:54.000,2025-11-10 13:56:55.141,,,UTC-0300,yeLoKu9/uD,250.0,,com.sec.android.app.shealth,31326365-315f-3431-3033-383732363731,
2025-11-10 14:33:10.000,250.0,,2025-11-10 14:33:10.000,2025-11-10 14:33:11.290,,,UTC-0300,yeLoKu9/uD,250.0,,com.sec.android.app.shealth,32336565-315f-3039-3135-383732363731,
2025-11-10 22:29:51.000,250.0,,2025-11-10 22:29:51.000,2025-11-10 22:29:51.649,,,UTC-0300,yeLoKu9/uD,250.0,,com.sec.android.app.shealth,63363930-325f-3139-3733-313832363731,
2025-11-11 14:02:10.000,250.0,,2025-11-11 14:02:10.000,2025-11-11 14:02:10.051,,,UTC-0300,yeLoKu9/uD,250.0,,com.sec.android.app.shealth,62613132-615f-3033-3739-363832363731,
2025-11-11 14:02:10.000,250.0,,2025-11-11 14:02:10.000,2025-11-11 14:02:10.408,,,UTC-0300,yeLoKu9/uD,250.0,,com.sec.android.app.shealth,63623132-615f-3033-3739-363832363731,
2025-11-11 14:27:17.000,250.0,,2025-11-11 14:27:17.000,2025-11-11 14:27:17.549,,,UTC-0300,yeLoKu9/uD,250.0,,com.sec.android.app.shealth,66363139-625f-3733-3231-373832363731,
2025-11-11 14:44:22.000,250.0,,2025-11-11 14:44:22.000,2025-11-11 14:44:22.005,,,UTC-0300,yeLoKu9/uD,250.0,,com.sec.android.app.shealth,66396238-635f-3236-3232-373832363731,
2025-11-12 13:18:27.000,250.0,,2025-11-12 13:18:27.000,2025-11-12 13:18:28.998,,,UTC-0300,yeLoKu9/uD,250.0,,com.sec.android.app.shealth,65366539-355f-3730-3533-353932363731,
2025-11-12 13:18:28.000,250.0,,2025-11-12 13:18:28.000,2025-11-12 13:18:29.301,,,UTC-0300,yeLoKu9/uD,250.0,,com.sec.android.app.shealth,66366539-355f-3830-3533-353932363731,
2025-11-12 13:38:39.000,250.0,,2025-11-12 13:38:39.000,2025-11-12 13:38:40.333,,,UTC-0300,yeLoKu9/uD,250.0,,com.sec.android.app.shealth,62643062-355f-3931-3734-353932363731,
2025-11-12 13:38:39.000,250.0,,2025-11-12 13:38:39.000,2025-11-12 13:38:40.674,,,UTC-0300,yeLoKu9/uD,250.0,,com.sec.android.app.shealth,63643062-355f-3931-3734-353932363731,
2025-11-12 17:50:05.000,250.0,,2025-11-12 17:50:05.000,2025-11-12 17:50:05.692,,,UTC-0300,yeLoKu9/uD,250.0,,com.sec.android.app.shealth,38363639-365f-3530-3839-363932363731,
2025-11-12 17:50:05.000,250.0,,2025-11-12 17:50:05.000,2025-11-12 17:50:06.070,,,UTC-0300,yeLoKu9/uD,250.0,,com.sec.android.app.shealth,61363639-365f-3530-3839-363932363731,
2025-11-13 02:50:32.000,250.0,,2025-11-13 02:50:32.000,2025-11-13 02:50:32.299,,,UTC-0300,yeLoKu9/uD,250.0,,com.sec.android.app.shealth,33333438-385f-3233-3232-303033363731,
2025-11-13 02:50:33.000,250.0,,2025-11-13 02:50:33.000,2025-11-13 02:50:32.640,,,UTC-0300,yeLoKu9/uD,250.0,,com.sec.android.app.shealth,34333438-385f-3333-3232-303033363731,
2025-11-13 02:50:33.000,250.0,,2025-11-13 02:50:33.000,2025-11-13 02:50:32.825,,,UTC-0300,yeLoKu9/uD,250.0,,com.sec.android.app.shealth,36333438-385f-3333-3232-303033363731,
2025-11-18 16:59:41.000,250.0,,2025-11-18 16:59:41.000,2025-11-18 16:59:41.167,,,UTC-0300,yeLoKu9/uD,250.0,,com.sec.android.app.shealth,36373136-335f-3138-3135-383433363731,
2025-11-18 16:59:41.000,250.0,,2025-11-18 16:59:41.000,2025-11-18 16:59:41.626,,,UTC-0300,yeLoKu9/uD,250.0,,com.sec.android.app.shealth,38373136-335f-3138-3135-383433363731,
2025-11-18 17:02:42.000,250.0,,2025-11-18 17:02:42.000,2025-11-18 17:02:41.574,,,UTC-0300,yeLoKu9/uD,250.0,,com.sec.android.app.shealth,34333436-335f-3236-3335-383433363731,
2025-11-20 15:27:25.000,250.0,,2025-11-20 15:27:25.000,2025-11-20 15:27:25.094,,,UTC-0300,yeLoKu9/uD,250.0,,com.sec.android.app.shealth,33313635-645f-3534-3432-353633363731,
2025-11-20 15:27:26.000,250.0,,2025-11-20 15:27:26.000,2025-11-20 15:27:25.486,,,UTC-0300,yeLoKu9/uD,250.0,,com.sec.android.app.shealth,36313635-645f-3634-3432-353633363731,
2026-02-23 10:32:08.000,250.0,,2026-02-23 10:32:08.000,2026-02-23 10:32:06.264,,,UTC-0300,yeLoKu9/uD,250.0,,com.sec.android.app.shealth,64363739-325f-3832-3732-343831373731,
2026-02-23 11:29:22.000,250.0,,2026-02-23 11:29:22.000,2026-02-23 11:29:22.423,,,UTC-0300,yeLoKu9/uD,250.0,,com.sec.android.app.shealth,65616139-325f-3236-3136-343831373731,
2026-02-23 12:00:14.000,250.0,,2026-02-23 12:00:14.000,2026-02-23 12:00:14.483,,,UTC-0300,yeLoKu9/uD,250.0,,com.sec.android.app.shealth,30376339-325f-3431-3038-343831373731,
2026-02-23 15:19:40.152,250.0,,2026-02-23 15:19:40.156,2026-02-23 15:19:40.156,,,UTC-0300,g1bnYRM2yN,250.0,,com.sec.android.app.shealth,032e77a8-a195-457c-b8bc-5c79f898cd56,
2026-02-23 15:19:41.297,250.0,,2026-02-23 15:19:41.301,2026-02-23 15:19:41.301,,,UTC-0300,g1bnYRM2yN,250.0,,com.sec.android.app.shealth,4c411cc7-1444-4d91-9be5-c94d4a388b65,
2026-02-23 19:12:39.000,250.0,,2026-02-23 19:12:39.000,2026-02-23 19:12:40.365,,,UTC-0300,yeLoKu9/uD,250.0,,com.sec.android.app.shealth,63313562-325f-3935-3933-373831373731,
2026-02-23 19:12:39.000,250.0,,2026-02-23 19:12:39.000,2026-02-23 19:12:40.906,,,UTC-0300,yeLoKu9/uD,250.0,,com.sec.android.app.shealth,64313562-325f-3935-3933-373831373731,
